state_code,sex,age,qx_fitted,qx_source
0,female,0,0.0105558806,raw
0,female,1,0.001349205137,raw
0,female,2,0.0005626925081,raw
0,female,3,0.0003602180637,raw
0,female,4,0.0002754412047,raw
0,female,5,0.0002304146345,raw
0,female,6,0.0002020150274,raw
0,female,7,0.0001875291229,raw
0,female,8,0.0001858245872,raw
0,female,9,0.0001935022323,raw
0,female,10,0.0002104349913,raw
0,female,11,0.0002364868104,raw
0,female,12,0.0002716073334,raw
0,female,13,0.0003140474498,raw
0,female,14,0.0003629972873,raw
0,female,15,0.0004144748184,raw
0,female,16,0.0004679776016,raw
0,female,17,0.0005217769925,raw
0,female,18,0.0005741156748,raw
0,female,19,0.0006252415604,raw
0,female,20,0.0006734218359,raw
0,female,21,0.0007205765684,raw
0,female,22,0.000767024018,raw
0,female,23,0.0008130650903,raw
0,female,24,0.0008555195208,raw
0,female,25,0.0008915824768,raw
0,female,26,0.0009251698934,raw
0,female,27,0.0009584118062,raw
0,female,28,0.0009926339964,raw
0,female,29,0.001028392516,raw
0,female,30,0.001036653735,fitted
0,female,31,0.001075208595,fitted
0,female,32,0.001117754428,fitted
0,female,33,0.001164704159,fitted
0,female,34,0.001216513392,fitted
0,female,35,0.001273684814,fitted
0,female,36,0.001336773049,fitted
0,female,37,0.001406390009,fitted
0,female,38,0.001483210793,fitted
0,female,39,0.001567980196,fitted
0,female,40,0.001661519874,fitted
0,female,41,0.001764736249,fitted
0,female,42,0.001878629215,fitted
0,female,43,0.002004301732,fitted
0,female,44,0.002142970393,fitted
0,female,45,0.002295977069,fitted
0,female,46,0.00246480172,fitted
0,female,47,0.002651076513,fitted
0,female,48,0.00285660135,fitted
0,female,49,0.00308336096,fitted
0,female,50,0.003333543699,fitted
0,female,51,0.003609562219,fitted
0,female,52,0.003914076197,fitted
0,female,53,0.004250017297,fitted
0,female,54,0.004620616591,fitted
0,female,55,0.005029434656,fitted
0,female,56,0.005480394594,fitted
0,female,57,0.005977818224,fitted
0,female,58,0.00652646574,fitted
0,female,59,0.007131579124,fitted
0,female,60,0.007798929612,fitted
0,female,61,0.008534869574,fitted
0,female,62,0.00934638912,fitted
0,female,63,0.0102411778,fitted
0,female,64,0.0112276918,fitted
0,female,65,0.01231522686,fitted
0,female,66,0.01351399756,fitted
0,female,67,0.01483522295,fitted
0,female,68,0.01629121921,fitted
0,female,69,0.01789549934,fitted
0,female,70,0.0196628804,fitted
0,female,71,0.0216095981,fitted
0,female,72,0.02375342915,fitted
0,female,73,0.02611382105,fitted
0,female,74,0.02871202902,fitted
0,female,75,0.03157125973,fitted
0,female,76,0.03471682085,fitted
0,female,77,0.0381762752,fitted
0,female,78,0.04197959806,fitted
0,female,79,0.04615933508,fitted
0,female,80,0.05075075816,fitted
0,female,81,0.05579201529,fitted
0,female,82,0.06132426984,fitted
0,female,83,0.06739182306,fitted
0,female,84,0.07404221265,fitted
0,female,85,0.08132627837,fitted
0,female,86,0.08929818377,fitted
0,female,87,0.09801538123,fitted
0,female,88,0.1075385048,fitted
0,female,89,0.117931173,fitted
0,female,90,0.129259681,fitted
0,female,91,0.1384390921,raw
0,female,92,0.1512478454,raw
0,female,93,0.1646691724,raw
0,female,94,0.179529907,raw
0,female,95,0.195832301,raw
0,female,96,0.2156207803,raw
0,female,97,0.2347426732,raw
0,female,98,0.2555054733,raw
0,female,99,0.2782764811,raw
0,female,100,0.3029366306,raw
0,female,101,0.3281428029,raw
0,female,102,0.352072686,raw
0,female,103,0.3752647183,raw
0,female,104,0.4020163831,raw
0,female,105,0.4359464627,raw
0,female,106,0.4761904762,raw
0,female,107,0.5157894737,raw
0,female,108,0.5592417062,raw
0,female,109,1,raw
0,male,0,0.01292570338,raw
0,male,1,0.00157182112,raw
0,male,2,0.0005871047115,raw
0,male,3,0.0003398454692,raw
0,male,4,0.000256339352,raw
0,male,5,0.0002202846546,raw
0,male,6,0.0002021650291,raw
0,male,7,0.0001971924383,raw
0,male,8,0.0002016064326,raw
0,male,9,0.0002159884316,raw
0,male,10,0.0002445702079,raw
0,male,11,0.0002921411394,raw
0,male,12,0.0003687206611,raw
0,male,13,0.000479511657,raw
0,male,14,0.0006296850027,raw
0,male,15,0.0008209914832,raw
0,male,16,0.00105088255,raw
0,male,17,0.00131385184,raw
0,male,18,0.001603157258,raw
0,male,19,0.001911845435,raw
0,male,20,0.002229406159,raw
0,male,21,0.002550302023,raw
0,male,22,0.002874824824,raw
0,male,23,0.003192939008,raw
0,male,24,0.003489353719,raw
0,male,25,0.003744256588,raw
0,male,26,0.003965532201,raw
0,male,27,0.004162571121,raw
0,male,28,0.004340858804,raw
0,male,29,0.004496248828,raw
0,male,30,0.004436373217,fitted
0,male,31,0.004483231227,fitted
0,male,32,0.004534710895,fitted
0,male,33,0.004591267785,fitted
0,male,34,0.00465340231,fitted
0,male,35,0.004721664134,fitted
0,male,36,0.004796657005,fitted
0,male,37,0.004879044063,fitted
0,male,38,0.004969553658,fitted
0,male,39,0.005068985737,fitted
0,male,40,0.005178218855,fitted
0,male,41,0.00529821786,fitted
0,male,42,0.005430042326,fitted
0,male,43,0.005574855801,fitted
0,male,44,0.005733935942,fitted
0,male,45,0.00590868563,fitted
0,male,46,0.006100645151,fitted
0,male,47,0.006311505538,fitted
0,male,48,0.006543123192,fitted
0,male,49,0.006797535884,fitted
0,male,50,0.007076980281,fitted
0,male,51,0.007383911114,fitted
0,male,52,0.007721022155,fitted
0,male,53,0.008091269139,fitted
0,male,54,0.008497894823,fitted
0,male,55,0.008944456346,fitted
0,male,56,0.009434855096,fitted
0,male,57,0.009973369281,fitted
0,male,58,0.01056468944,fitted
0,male,59,0.01121395708,fitted
0,male,60,0.01192680678,fitted
0,male,61,0.01270941185,fitted
0,male,62,0.01356853399,fitted
0,male,63,0.01451157707,fitted
0,male,64,0.01554664535,fitted
0,male,65,0.01668260643,fitted
0,male,66,0.01792915914,fitted
0,male,67,0.0192969066,fitted
0,male,68,0.02079743472,fitted
0,male,69,0.02244339626,fitted
0,male,70,0.02424860059,fitted
0,male,71,0.02622810918,fitted
0,male,72,0.02839833683,fitted
0,male,73,0.03077715838,fitted
0,male,74,0.03338402073,fitted
0,male,75,0.03624005947,fitted
0,male,76,0.03936821954,fitted
0,male,77,0.04279337882,fitted
0,male,78,0.04654247318,fitted
0,male,79,0.05064462134,fitted
0,male,80,0.05513124696,fitted
0,male,81,0.06003619515,fitted
0,male,82,0.06539583971,fitted
0,male,83,0.07124917638,fitted
0,male,84,0.07763789668,fitted
0,male,85,0.08460643555,fitted
0,male,86,0.09220198478,fitted
0,male,87,0.1004744627,fitted
0,male,88,0.1094764289,fitted
0,male,89,0.1192629311,fitted
0,male,90,0.1298912691,fitted
0,male,91,0.1311590767,raw
0,male,92,0.1416372203,raw
0,male,93,0.1527289028,raw
0,male,94,0.1648868478,raw
0,male,95,0.1775238095,raw
0,male,96,0.1929707929,raw
0,male,97,0.2080877633,raw
0,male,98,0.2248074202,raw
0,male,99,0.2424505757,raw
0,male,100,0.2605493325,raw
0,male,101,0.2787932174,raw
0,male,102,0.2970044614,raw
0,male,103,0.3155946321,raw
0,male,104,0.3362592843,raw
0,male,105,0.3607214429,raw
0,male,106,0.3889739663,raw
0,male,107,0.4174757282,raw
0,male,108,0.448,raw
0,male,109,1,raw
0,total,0,0.01176394275,raw
0,total,1,0.001462605764,raw
0,total,2,0.0005751287079,raw
0,total,3,0.000349846906,raw
0,total,4,0.0002657188723,raw
0,total,5,0.0002252572562,raw
0,total,6,0.0002020914089,raw
0,total,7,0.000192450611,raw
0,total,8,0.0001938630153,raw
0,total,9,0.000204955121,raw
0,total,10,0.0002278191659,raw
0,total,11,0.0002648281944,raw
0,total,12,0.0003210607671,raw
0,total,13,0.0003982999137,raw
0,total,14,0.0004987506056,raw
0,total,15,0.0006212013155,raw
0,total,16,0.0007638144452,raw
0,total,17,0.000922839842,raw
0,total,18,0.001094108977,raw
0,total,19,0.001274387161,raw
0,total,20,0.001457642525,raw
0,total,21,0.001642088888,raw
0,total,22,0.001827924104,raw
0,total,23,0.002009858511,raw
0,total,24,0.002178426844,raw
0,total,25,0.002322562706,raw
0,total,26,0.002448359002,raw
0,total,27,0.002561436788,raw
0,total,28,0.002665083352,raw
0,total,29,0.002757383117,raw
0,total,30,0.002704060113,fitted
0,total,31,0.002744667045,fitted
0,total,32,0.002789428008,fitted
0,total,33,0.002838767737,fitted
0,total,34,0.002893154349,fitted
0,total,35,0.002953103762,fitted
0,total,36,0.003019184566,fitted
0,total,37,0.003092023385,fitted
0,total,38,0.003172310781,fitted
0,total,39,0.003260807758,fitted
0,total,40,0.00335835292,fitted
0,total,41,0.003465870354,fitted
0,total,42,0.003584378299,fitted
0,total,43,0.003714998699,fitted
0,total,44,0.003858967699,fitted
0,total,45,0.004017647208,fitted
0,total,46,0.004192537601,fitted
0,total,47,0.004385291697,fitted
0,total,48,0.004597730121,fitted
0,total,49,0.00483185819,fitted
0,total,50,0.005089884461,fitted
0,total,51,0.005374241102,fitted
0,total,52,0.005687606263,fitted
0,total,53,0.006032928616,fitted
0,total,54,0.006413454275,fitted
0,total,55,0.006832756315,fitted
0,total,56,0.007294767097,fitted
0,total,57,0.007803813681,fitted
0,total,58,0.00836465655,fitted
0,total,59,0.008982531963,fitted
0,total,60,0.009663198197,fitted
0,total,61,0.01041298601,fitted
0,total,62,0.01123885366,fitted
0,total,63,0.01214844671,fitted
0,total,64,0.01315016317,fitted
0,total,65,0.01425322406,fitted
0,total,66,0.01546774989,fitted
0,total,67,0.01680484339,fitted
0,total,68,0.01827667863,fitted
0,total,69,0.01989659697,fitted
0,total,70,0.02167920989,fitted
0,total,71,0.02364050897,fitted
0,total,72,0.02579798282,fitted
0,total,73,0.02817074111,fitted
0,total,74,0.03077964516,fitted
0,total,75,0.03364744463,fitted
0,total,76,0.03679891961,fitted
0,total,77,0.04026102675,fitted
0,total,78,0.0440630479,fitted
0,total,79,0.04823673921,fitted
0,total,80,0.05281647763,fitted
0,total,81,0.05783940151,fitted
0,total,82,0.06334554054,fitted
0,total,83,0.0693779296,fitted
0,total,84,0.07598269942,fitted
0,total,85,0.08320913574,fitted
0,total,86,0.09110969683,fitted
0,total,87,0.09973997716,fitted
0,total,88,0.1091586031,fitted
0,total,89,0.1194270438,fitted
0,total,90,0.1306093184,fitted
0,total,91,0.1352448839,raw
0,total,92,0.1470151976,raw
0,total,93,0.1593957572,raw
0,total,94,0.1730557526,raw
0,total,95,0.1877243029,raw
0,total,96,0.2055418598,raw
0,total,97,0.2228030739,raw
0,total,98,0.2416820048,raw
0,total,99,0.2620662538,raw
0,total,100,0.2835935859,raw
0,total,101,0.3052921383,raw
0,total,102,0.3261261261,raw
0,total,103,0.346749226,raw
0,total,104,0.370273794,raw
0,total,105,0.3992172211,raw
0,total,106,0.4325153374,raw
0,total,107,0.4646464646,raw
0,total,108,0.4989154013,raw
0,total,109,1,raw
1,female,0,0.009559030934,raw
1,female,1,0.001188259991,raw
1,female,2,0.0004777450434,raw
1,female,3,0.0003208470362,raw
1,female,4,0.0002407414838,raw
1,female,5,0.0002374638857,raw
1,female,6,0.0001554726368,raw
1,female,7,0.0001512630464,raw
1,female,8,0.0001483019428,raw
1,female,9,0.0001480275331,raw
1,female,10,0.0002227584927,raw
1,female,11,0.0002224281742,raw
1,female,12,0.0002218032605,raw
1,female,13,0.0002955082742,raw
1,female,14,0.0002962085308,raw
1,female,15,0.0003715676439,raw
1,female,16,0.0004476275739,raw
1,female,17,0.0005232666791,raw
1,female,18,0.0005231102642,raw
1,female,19,0.0005963473723,raw
1,female,20,0.0006669383823,raw
1,female,21,0.0006616430803,raw
1,female,22,0.0007312079555,raw
1,female,23,0.0008057132393,raw
1,female,24,0.0008136395577,raw
1,female,25,0.0008240626288,raw
1,female,26,0.0009069609251,raw
1,female,27,0.0009115770283,raw
1,female,28,0.0009158208044,raw
1,female,29,0.0009990393852,raw
1,female,30,0.0009530254484,fitted
1,female,31,0.0009877621619,fitted
1,female,32,0.001026081902,fitted
1,female,33,0.001068354091,fitted
1,female,34,0.001114986206,fitted
1,female,35,0.001166427691,fitted
1,female,36,0.001223174269,fitted
1,female,37,0.001285772699,fitted
1,female,38,0.001354826011,fitted
1,female,39,0.001430999289,fitted
1,female,40,0.001515026028,fitted
1,female,41,0.001607715152,fitted
1,female,42,0.001709958742,fitted
1,female,43,0.001822740541,fitted
1,female,44,0.001947145337,fitted
1,female,45,0.002084369284,fitted
1,female,46,0.002235731268,fitted
1,female,47,0.002402685425,fitted
1,female,48,0.002586834914,fitted
1,female,49,0.002789947067,fitted
1,female,50,0.003013970063,fitted
1,female,51,0.00326105126,fitted
1,female,52,0.003533557344,fitted
1,female,53,0.003834096477,fitted
1,female,54,0.004165542619,fitted
1,female,55,0.004531062239,fitted
1,female,56,0.004934143617,fitted
1,female,57,0.005378628993,fitted
1,female,58,0.00586874979,fitted
1,female,59,0.006409165209,fitted
1,female,60,0.007005004452,fitted
1,female,61,0.007661912905,fitted
1,female,62,0.008386102579,fitted
1,female,63,0.009184407159,fitted
1,female,64,0.01006434199,fitted
1,female,65,0.01103416937,fitted
1,female,66,0.01210296952,fitted
1,female,67,0.01328071753,fitted
1,female,68,0.0145783667,fitted
1,female,69,0.01600793857,fitted
1,female,70,0.01758261991,fitted
1,female,71,0.01931686689,fitted
1,female,72,0.02122651674,fitted
1,female,73,0.02332890671,fitted
1,female,74,0.0256430005,fitted
1,female,75,0.02818952174,fitted
1,female,76,0.03099109422,fitted
1,female,77,0.03407238796,fitted
1,female,78,0.0374602701,fitted
1,female,79,0.04118395909,fitted
1,female,80,0.04527518007,fitted
1,female,81,0.04976831872,fitted
1,female,82,0.05470057011,fitted
1,female,83,0.06011207798,fitted
1,female,84,0.0660460591,fitted
1,female,85,0.07254890549,fitted
1,female,86,0.07967025647,fitted
1,female,87,0.08746302996,fitted
1,female,88,0.09598340113,fitted
1,female,89,0.1052907138,fitted
1,female,90,0.1154473074,fitted
1,female,91,0.1220159151,raw
1,female,92,0.1337579618,raw
1,female,93,0.1467181467,raw
1,female,94,0.1567695962,raw
1,female,95,0.1710914454,raw
1,female,96,0.1940298507,raw
1,female,97,0.2068965517,raw
1,female,98,0.2251655629,raw
1,female,99,0.25,raw
1,female,100,0.2784810127,raw
1,female,101,0.2962962963,raw
1,female,102,0.3333333333,raw
1,female,103,0.3333333333,raw
1,female,104,0.3529411765,raw
1,female,105,0.4,raw
1,female,106,0.4,raw
1,female,107,1,raw
1,female,108,1,raw
1,female,109,1,raw
1,male,0,0.01168444461,raw
1,male,1,0.001373102449,raw
1,male,2,0.0005367480735,raw
1,male,3,0.0003097893432,raw
1,male,4,0.0002325130789,raw
1,male,5,0.0002288765974,raw
1,male,6,0.0001496222039,raw
1,male,7,0.0001453488372,raw
1,male,8,0.0002135155333,raw
1,male,9,0.0002131968873,raw
1,male,10,0.0002141098383,raw
1,male,11,0.0002852660106,raw
1,male,12,0.0003557832568,raw
1,male,13,0.0004268032437,raw
1,male,14,0.0005705320211,raw
1,male,15,0.0007881067526,raw
1,male,16,0.001010173894,raw
1,male,17,0.001234343801,raw
1,male,18,0.001530444922,raw
1,male,19,0.001823154057,raw
1,male,20,0.002105645308,raw
1,male,21,0.002379149995,raw
1,male,22,0.002726359592,raw
1,male,23,0.003022670025,raw
1,male,24,0.003278569087,raw
1,male,25,0.003475688667,raw
1,male,26,0.003737479444,raw
1,male,27,0.003913599759,raw
1,male,28,0.0040146953,raw
1,male,29,0.004128440367,raw
1,male,30,0.003968787504,fitted
1,male,31,0.004008610232,fitted
1,male,32,0.004052437268,fitted
1,male,33,0.004100671054,fitted
1,male,34,0.004153754436,fitted
1,male,35,0.004212174712,fitted
1,male,36,0.004276468078,fitted
1,male,37,0.004347224529,fitted
1,male,38,0.004425093234,fitted
1,male,39,0.004510788456,fitted
1,male,40,0.00460509605,fitted
1,male,41,0.004708880617,fitted
1,male,42,0.004823093355,fitted
1,male,43,0.004948780692,fitted
1,male,44,0.005087093767,fitted
1,male,45,0.00523929885,fitted
1,male,46,0.005406788777,fitted
1,male,47,0.005591095516,fitted
1,male,48,0.005793903947,fitted
1,male,49,0.006017067,fitted
1,male,50,0.006262622249,fitted
1,male,51,0.006532810121,fitted
1,male,52,0.00683009385,fitted
1,male,53,0.007157181353,fitted
1,male,54,0.007517049187,fitted
1,male,55,0.007912968779,fitted
1,male,56,0.00834853513,fitted
1,male,57,0.008827698203,fitted
1,male,58,0.009354797225,fitted
1,male,59,0.009934598147,fitted
1,male,60,0.01057233451,fitted
1,male,61,0.01127375202,fitted
1,male,62,0.01204515702,fitted
1,male,63,0.01289346932,fitted
1,male,64,0.01382627946,fitted
1,male,65,0.01485191091,fitted
1,male,66,0.01597948744,fitted
1,male,67,0.01721900583,fitted
1,male,68,0.0185814144,fitted
1,male,69,0.02007869752,fitted
1,male,70,0.0217239662,fitted
1,male,71,0.02353155514,fitted
1,male,72,0.0255171261,fitted
1,male,73,0.02769777772,fitted
1,male,74,0.0300921615,fitted
1,male,75,0.03272060377,fitted
1,male,76,0.03560523289,fitted
1,male,77,0.03877011115,fitted
1,male,78,0.04224136993,fitted
1,male,79,0.04604734681,fitted
1,male,80,0.05021872241,fitted
1,male,81,0.05478865454,fitted
1,male,82,0.059792906,fitted
1,male,83,0.06526996218,fitted
1,male,84,0.07126113298,fitted
1,male,85,0.0778106329,fitted
1,male,86,0.08496563148,fitted
1,male,87,0.09277626493,fitted
1,male,88,0.101295598,fitted
1,male,89,0.1105795229,fitted
1,male,90,0.1206865814,fitted
1,male,91,0.1218637993,raw
1,male,92,0.1293103448,raw
1,male,93,0.1409921671,raw
1,male,94,0.1538461538,raw
1,male,95,0.1612903226,raw
1,male,96,0.1725888325,raw
1,male,97,0.1960784314,raw
1,male,98,0.2068965517,raw
1,male,99,0.2325581395,raw
1,male,100,0.2580645161,raw
1,male,101,0.2727272727,raw
1,male,102,0.2666666667,raw
1,male,103,0.3157894737,raw
1,male,104,0.3333333333,raw
1,male,105,0.2857142857,raw
1,male,106,0.6666666667,raw
1,male,107,0,raw
1,male,108,1,raw
1,male,109,1,raw
1,total,0,0.01064226246,raw
1,total,1,0.001282424949,raw
1,total,2,0.000507802582,raw
1,total,3,0.0003152212459,raw
1,total,4,0.0002365557483,raw
1,total,5,0.0002330911775,raw
1,total,6,0.0001524913271,raw
1,total,7,0.0001482469795,raw
1,total,8,0.0001815771794,raw
1,total,9,0.0001812743587,raw
1,total,10,0.0002183485571,raw
1,total,11,0.000254457551,raw
1,total,12,0.0002900757823,raw
1,total,13,0.0003623976227,raw
1,total,14,0.0004359514641,raw
1,total,15,0.0005836433939,raw
1,total,16,0.0007335949822,raw
1,total,17,0.0008839779006,raw
1,total,18,0.001033095967,raw
1,total,19,0.001216477744,raw
1,total,20,0.001393625995,raw
1,total,21,0.001528773705,raw
1,total,22,0.001738248714,raw
1,total,23,0.001923949542,raw
1,total,24,0.002055423013,raw
1,total,25,0.002158460794,raw
1,total,26,0.002330038709,raw
1,total,27,0.002419568258,raw
1,total,28,0.002471060085,raw
1,total,29,0.002567787678,raw
1,total,30,0.002440714995,fitted
1,total,31,0.00247595875,fitted
1,total,32,0.002514841103,fitted
1,total,33,0.002557737542,fitted
1,total,34,0.002605062269,fitted
1,total,35,0.002657272179,fitted
1,total,36,0.002714871259,fitted
1,total,37,0.002778415424,fitted
1,total,38,0.002848517856,fitted
1,total,39,0.002925854884,fitted
1,total,40,0.003011172472,fitted
1,total,41,0.003105293354,fitted
1,total,42,0.003209124914,fitted
1,total,43,0.003323667851,fitted
1,total,44,0.003450025733,fitted
1,total,45,0.003589415514,fitted
1,total,46,0.003743179121,fitted
1,total,47,0.0039127962,fitted
1,total,48,0.004099898153,fitted
1,total,49,0.004306283582,fitted
1,total,50,0.004533935273,fitted
1,total,51,0.004785038881,fitted
1,total,52,0.005062003465,fitted
1,total,53,0.005367484058,fitted
1,total,54,0.005704406455,fitted
1,total,55,0.006075994432,fitted
1,total,56,0.006485799612,fitted
1,total,57,0.006937734222,fitted
1,total,58,0.007436106993,fitted
1,total,59,0.007985662481,fitted
1,total,60,0.008591624095,fitted
1,total,61,0.009259741143,fitted
1,total,62,0.009996340221,fitted
1,total,63,0.01080838128,fitted
1,total,64,0.01170351872,fitted
1,total,65,0.01269016788,fitted
1,total,66,0.01377757726,fitted
1,total,67,0.01497590685,fitted
1,total,68,0.01629631291,fitted
1,total,69,0.01775103952,fitted
1,total,70,0.0193535172,fitted
1,total,71,0.02111846874,fitted
1,total,72,0.02306202253,fitted
1,total,73,0.02520183331,fitted
1,total,74,0.02755721033,fitted
1,total,75,0.0301492525,fitted
1,total,76,0.03300099023,fitted
1,total,77,0.03613753295,fitted
1,total,78,0.03958622116,fitted
1,total,79,0.04337678149,fitted
1,total,80,0.04754148249,fitted
1,total,81,0.05211528816,fitted
1,total,82,0.05713600581,fitted
1,total,83,0.06264442321,fitted
1,total,84,0.06868442949,fitted
1,total,85,0.0753031124,fitted
1,total,86,0.08255082325,fitted
1,total,87,0.09048119877,fitted
1,total,88,0.09915112731,fitted
1,total,89,0.1086206444,fitted
1,total,90,0.1189527398,fitted
1,total,91,0.1219512195,raw
1,total,92,0.1318681319,raw
1,total,93,0.1442841287,raw
1,total,94,0.1555252387,raw
1,total,95,0.1669505963,raw
1,total,96,0.1849462366,raw
1,total,97,0.202247191,raw
1,total,98,0.2172284644,raw
1,total,99,0.2424242424,raw
1,total,100,0.2695035461,raw
1,total,101,0.2857142857,raw
1,total,102,0.303030303,raw
1,total,103,0.3255813953,raw
1,total,104,0.3448275862,raw
1,total,105,0.3529411765,raw
1,total,106,0.5,raw
1,total,107,0.4,raw
1,total,108,1,raw
1,total,109,1,raw
2,female,0,0.009107742334,raw
2,female,1,0.00119501083,raw
2,female,2,0.000478830181,raw
2,female,3,0.0003290014805,raw
2,female,4,0.0002527212665,raw
2,female,5,0.0002138884928,raw
2,female,6,0.0001752694768,raw
2,female,7,0.0001707154685,raw
2,female,8,0.0001661377947,raw
2,female,9,0.0001961874244,raw
2,female,10,0.0001945083801,raw
2,female,11,0.0002242188376,raw
2,female,12,0.0002527805865,raw
2,female,13,0.0002815095166,raw
2,female,14,0.0003423325294,raw
2,female,15,0.0004019106213,raw
2,female,16,0.000430504305,raw
2,female,17,0.0004886689878,raw
2,female,18,0.0005457853244,raw
2,female,19,0.0006014314067,raw
2,female,20,0.0006517359877,raw
2,female,21,0.0006983646627,raw
2,female,22,0.0007443671448,raw
2,female,23,0.0007946192922,raw
2,female,24,0.0008226833662,raw
2,female,25,0.0008547495584,raw
2,female,26,0.0008833796395,raw
2,female,27,0.0009369277288,raw
2,female,28,0.0009607776647,raw
2,female,29,0.0009868745682,raw
2,female,30,0.0009835085926,fitted
2,female,31,0.001018619089,fitted
2,female,32,0.001057370316,fitted
2,female,33,0.001100139629,fitted
2,female,34,0.001147343462,fitted
2,female,35,0.001199441361,fitted
2,female,36,0.001256940445,fitted
2,female,37,0.001320400314,fitted
2,female,38,0.001390438467,fitted
2,female,39,0.001467736277,fitted
2,female,40,0.001553045575,fitted
2,female,41,0.001647195913,fitted
2,female,42,0.001751102563,fitted
2,female,43,0.001865775342,fitted
2,female,44,0.001992328329,fitted
2,female,45,0.002131990573,fitted
2,female,46,0.002286117893,fitted
2,female,47,0.002456205866,fitted
2,female,48,0.002643904133,fitted
2,female,49,0.002851032146,fitted
2,female,50,0.003079596501,fitted
2,female,51,0.003331809996,fitted
2,female,52,0.003610112603,fitted
2,female,53,0.003917194518,fitted
2,female,54,0.004256021487,fitted
2,female,55,0.004629862629,fitted
2,female,56,0.005042320975,fitted
2,female,57,0.005497366979,fitted
2,female,58,0.005999375248,fitted
2,female,59,0.006553164803,fitted
2,female,60,0.007164043139,fitted
2,female,61,0.00783785442,fitted
2,female,62,0.008581032146,fitted
2,female,63,0.009400656623,fitted
2,female,64,0.01030451762,fitted
2,female,65,0.01130118256,fitted
2,female,66,0.01240007063,fitted
2,female,67,0.01361153317,fitted
2,female,68,0.01494694071,fitted
2,female,69,0.01641877695,fitted
2,female,70,0.01804074005,fitted
2,female,71,0.01982785128,fitted
2,female,72,0.02179657147,fitted
2,female,73,0.02396492498,fitted
2,female,74,0.02635263127,fitted
2,female,75,0.02898124376,fitted
2,female,76,0.03187429526,fitted
2,female,77,0.03505744935,fitted
2,female,78,0.03855865618,fitted
2,female,79,0.04240831123,fitted
2,female,80,0.04663941446,fitted
2,female,81,0.05128772695,fitted
2,female,82,0.05639192104,fitted
2,female,83,0.06199371913,fitted
2,female,84,0.06813801478,fitted
2,female,85,0.07487296872,fitted
2,female,86,0.08225007025,fitted
2,female,87,0.09032415312,fitted
2,female,88,0.09915335213,fitted
2,female,89,0.108798985,fitted
2,female,90,0.1193253408,fitted
2,female,91,0.1282367448,raw
2,female,92,0.1400304414,raw
2,female,93,0.1523809524,raw
2,female,94,0.1660649819,raw
2,female,95,0.1818181818,raw
2,female,96,0.1987829615,raw
2,female,97,0.2197802198,raw
2,female,98,0.2357414449,raw
2,female,99,0.2580645161,raw
2,female,100,0.28125,raw
2,female,101,0.3058823529,raw
2,female,102,0.3272727273,raw
2,female,103,0.3529411765,raw
2,female,104,0.3636363636,raw
2,female,105,0.4615384615,raw
2,female,106,0.5,raw
2,female,107,0.6666666667,raw
2,female,108,0,raw
2,female,109,1,raw
2,male,0,0.01100864449,raw
2,male,1,0.001359084406,raw
2,male,2,0.0004926975189,raw
2,male,3,0.0003143610611,raw
2,male,4,0.0002416501251,raw
2,male,5,0.0002045547525,raw
2,male,6,0.0002011870033,raw
2,male,7,0.0001959951655,raw
2,male,8,0.0001907911473,raw
2,male,9,0.0001876583367,raw
2,male,10,0.000216728331,raw
2,male,11,0.0002749056921,raw
2,male,12,0.0003308618952,raw
2,male,13,0.0004458513532,raw
2,male,14,0.0005613247264,raw
2,male,15,0.0007327832574,raw
2,male,16,0.0009625060157,raw
2,male,17,0.001217638361,raw
2,male,18,0.001497264613,raw
2,male,19,0.001798022176,raw
2,male,20,0.002073758547,raw
2,male,21,0.002384312866,raw
2,male,22,0.002683051166,raw
2,male,23,0.002993099977,raw
2,male,24,0.003273063218,raw
2,male,25,0.003516518382,raw
2,male,26,0.00371801126,raw
2,male,27,0.003904560999,raw
2,male,28,0.004059962523,raw
2,male,29,0.004200917978,raw
2,male,30,0.0040341005,fitted
2,male,31,0.004075588789,fitted
2,male,32,0.004121227393,fitted
2,male,33,0.004171431273,fitted
2,male,34,0.004226656833,fitted
2,male,35,0.004287406048,fitted
2,male,36,0.004354231003,fitted
2,male,37,0.004427738883,fitted
2,male,38,0.004508597454,fitted
2,male,39,0.004597541085,fitted
2,male,40,0.004695377366,fitted
2,male,41,0.004802994381,fitted
2,male,42,0.004921368692,fitted
2,male,43,0.005051574108,fitted
2,male,44,0.005194791316,fitted
2,male,45,0.005352318456,fitted
2,male,46,0.005525582721,fitted
2,male,47,0.005716153094,fitted
2,male,48,0.005925754321,fitted
2,male,49,0.006156282228,fitted
2,male,50,0.006409820526,fitted
2,male,51,0.006688659227,fitted
2,male,52,0.006995314817,fitted
2,male,53,0.007332552355,fitted
2,male,54,0.007703409663,fitted
2,male,55,0.008111223794,fitted
2,male,56,0.008559659974,fitted
2,male,57,0.009052743233,fitted
2,male,58,0.009594892946,fitted
2,male,59,0.01019096053,fitted
2,male,60,0.01084627053,fitted
2,male,61,0.01156666539,fitted
2,male,62,0.01235855419,fitted
2,male,63,0.01322896553,fitted
2,male,64,0.014185605,fitted
2,male,65,0.01523691746,fitted
2,male,66,0.01639215439,fitted
2,male,67,0.01766144659,fitted
2,male,68,0.01905588261,fitted
2,male,69,0.02058759292,fitted
2,male,70,0.02226984025,fitted
2,male,71,0.02411711605,fitted
2,male,72,0.02614524317,fitted
2,male,73,0.02837148477,fitted
2,male,74,0.03081465917,fitted
2,male,75,0.03349526028,fitted
2,male,76,0.03643558307,fitted
2,male,77,0.03965985323,fitted
2,male,78,0.04319435972,fitted
2,male,79,0.04706758871,fitted
2,male,80,0.05131035669,fitted
2,male,81,0.0559559402,fitted
2,male,82,0.06104019859,fitted
2,male,83,0.06660168563,fitted
2,male,84,0.07268174471,fitted
2,male,85,0.07932458116,fitted
2,male,86,0.086577304,fitted
2,male,87,0.09448992782,fitted
2,male,88,0.1031153238,fitted
2,male,89,0.1125091069,fitted
2,male,90,0.1227294448,fitted
2,male,91,0.1231766613,raw
2,male,92,0.1338661339,raw
2,male,93,0.145,raw
2,male,94,0.1558028617,raw
2,male,95,0.1690721649,raw
2,male,96,0.1808219178,raw
2,male,97,0.1954887218,raw
2,male,98,0.2105263158,raw
2,male,99,0.2290076336,raw
2,male,100,0.2528735632,raw
2,male,101,0.2857142857,raw
2,male,102,0.2857142857,raw
2,male,103,0.2857142857,raw
2,male,104,0.4,raw
2,male,105,0.6666666667,raw
2,male,106,0,raw
2,male,107,0.4,raw
2,male,108,0,raw
2,male,109,1,raw
2,total,0,0.01007806354,raw
2,total,1,0.001278819102,raw
2,total,2,0.0004859217666,raw
2,total,3,0.0003215146914,raw
2,total,4,0.0002470617301,raw
2,total,5,0.000209117524,raw
2,total,6,0.000188515951,raw
2,total,7,0.0001836348005,raw
2,total,8,0.000178735366,raw
2,total,9,0.000191828122,raw
2,total,10,0.0002058737361,raw
2,total,11,0.0002501641702,raw
2,total,12,0.0002927829015,raw
2,total,13,0.0003657755967,raw
2,total,14,0.0004546763462,raw
2,total,15,0.0005717552887,raw
2,total,16,0.0007035348886,raw
2,total,17,0.0008626459433,raw
2,total,18,0.001033820706,raw
2,total,19,0.001215360398,raw
2,total,20,0.001382488479,raw
2,total,21,0.001566590689,raw
2,total,22,0.001745152355,raw
2,total,23,0.001931758243,raw
2,total,24,0.002092007302,raw
2,total,25,0.002235341712,raw
2,total,26,0.002355648077,raw
2,total,27,0.002480172249,raw
2,total,28,0.002574107191,raw
2,total,29,0.002661137265,raw
2,total,30,0.002567735952,fitted
2,total,31,0.002604532672,fitted
2,total,32,0.002645111363,fitted
2,total,33,0.002689860558,fitted
2,total,34,0.002739208667,fitted
2,total,35,0.00279362806,fitted
2,total,36,0.002853639569,fitted
2,total,37,0.002919817448,fitted
2,total,38,0.002992794834,fitted
2,total,39,0.003073269774,fitted
2,total,40,0.003162011848,fitted
2,total,41,0.003259869479,fitted
2,total,42,0.003367777976,fitted
2,total,43,0.003486768392,fitted
2,total,44,0.003617977273,fitted
2,total,45,0.003762657399,fitted
2,total,46,0.003922189596,fitted
2,total,47,0.004098095732,fitted
2,total,48,0.004292053026,fitted
2,total,49,0.004505909771,fitted
2,total,50,0.004741702627,fitted
2,total,51,0.005001675628,fitted
2,total,52,0.005288301065,fitted
2,total,53,0.005604302422,fitted
2,total,54,0.005952679552,fitted
2,total,55,0.006336736308,fitted
2,total,56,0.006760110841,fitted
2,total,57,0.007226808806,fitted
2,total,58,0.00774123974,fitted
2,total,59,0.008308256868,fitted
2,total,60,0.008933200642,fitted
2,total,61,0.009621946302,fitted
2,total,62,0.0103809558,fitted
2,total,63,0.01121733438,fitted
2,total,64,0.01213889222,fitted
2,total,65,0.01315421143,fitted
2,total,66,0.01427271872,fitted
2,total,67,0.01550476427,fitted
2,total,68,0.01686170682,fitted
2,total,69,0.01835600559,fitted
2,total,70,0.02000131909,fitted
2,total,71,0.02181261108,fitted
2,total,72,0.02380626383,fitted
2,total,73,0.0260001986,fitted
2,total,74,0.02841400324,fitted
2,total,75,0.03106906662,fitted
2,total,76,0.03398871916,fitted
2,total,77,0.03719837875,fitted
2,total,78,0.04072570066,fitted
2,total,79,0.04460072977,fitted
2,total,80,0.04885605272,fitted
2,total,81,0.05352694714,fitted
2,total,82,0.05865152394,fitted
2,total,83,0.06427085794,fitted
2,total,84,0.07042910072,fitted
2,total,85,0.07717356852,fitted
2,total,86,0.08455479589,fitted
2,total,87,0.09262654457,fitted
2,total,88,0.1014457546,fitted
2,total,89,0.1110724224,fitted
2,total,90,0.1215693885,fitted
2,total,91,0.1260504202,raw
2,total,92,0.1373650108,raw
2,total,93,0.1491891892,raw
2,total,94,0.1616438356,raw
2,total,95,0.176366843,raw
2,total,96,0.1911421911,raw
2,total,97,0.2095238095,raw
2,total,98,0.2251655629,raw
2,total,99,0.2460567823,raw
2,total,100,0.2697674419,raw
2,total,101,0.2978723404,raw
2,total,102,0.3111111111,raw
2,total,103,0.3272727273,raw
2,total,104,0.375,raw
2,total,105,0.5,raw
2,total,106,0.3333333333,raw
2,total,107,0.5,raw
2,total,108,0,raw
2,total,109,1,raw
3,female,0,0.009234477469,raw
3,female,1,0.001238198421,raw
3,female,2,0.000458260139,raw
3,female,3,0.0003052037235,raw
3,female,4,0.0003041825095,raw
3,female,5,0.0001521259603,raw
3,female,6,0.0001514119161,raw
3,female,7,0.0001492648705,raw
3,female,8,0.0001464879514,raw
3,female,9,0.0001444564825,raw
3,female,10,0.0001434823158,raw
3,female,11,0.0001422981145,raw
3,female,12,0.0002819283902,raw
3,female,13,0.000280386934,raw
3,female,14,0.0002805836139,raw
3,female,15,0.0004209049456,raw
3,female,16,0.000421911258,raw
3,female,17,0.0004226840437,raw
3,female,18,0.0005652911249,raw
3,female,19,0.0005673758865,raw
3,female,20,0.0007026913077,raw
3,female,21,0.0006936255809,raw
3,female,22,0.0006844158511,raw
3,female,23,0.0008174386921,raw
3,female,24,0.0008212428141,raw
3,female,25,0.0008250825083,raw
3,female,26,0.0008234971178,raw
3,female,27,0.000952316169,raw
3,female,28,0.0009410499429,raw
3,female,29,0.0009307891763,raw
3,female,30,0.0009364104028,fitted
3,female,31,0.0009705585554,fitted
3,female,32,0.001008231486,fitted
3,female,33,0.001049792869,fitted
3,female,34,0.001095643866,fitted
3,female,35,0.001146226988,fitted
3,female,36,0.001202030342,fitted
3,female,37,0.001263592324,fitted
3,female,38,0.001331506782,fitted
3,female,39,0.001406428718,fitted
3,female,40,0.001489080558,fitted
3,female,41,0.001580259076,fitted
3,female,42,0.001680843011,fitted
3,female,43,0.00179180147,fitted
3,female,44,0.00191420317,fitted
3,female,45,0.002049226636,fitted
3,female,46,0.002198171407,fitted
3,female,47,0.002362470398,fitted
3,female,48,0.002543703486,fitted
3,female,49,0.002743612473,fitted
3,female,50,0.002964117542,fitted
3,female,51,0.003207335358,fitted
3,female,52,0.003475598967,fitted
3,female,53,0.003771479665,fitted
3,female,54,0.004097811028,fitted
3,female,55,0.004457715288,fitted
3,female,56,0.004854632298,fitted
3,female,57,0.005292351288,fitted
3,female,58,0.005775045686,fitted
3,female,59,0.006307311266,fitted
3,female,60,0.006894207894,fitted
3,female,61,0.007541305201,fitted
3,female,62,0.008254732476,fitted
3,female,63,0.009041233125,fitted
3,female,64,0.009908224046,fitted
3,female,65,0.01086386026,fitted
3,female,66,0.01191710517,fitted
3,female,67,0.01307780682,fitted
3,female,68,0.01435678044,fitted
3,female,69,0.01576589774,fitted
3,female,70,0.01731818305,fitted
3,female,71,0.01902791678,fitted
3,female,72,0.02091074621,fitted
3,female,73,0.02298380373,fitted
3,female,74,0.02526583256,fitted
3,female,75,0.02777731962,fitted
3,female,76,0.03054063519,fitted
3,female,77,0.03358017867,fitted
3,female,78,0.0369225293,fitted
3,female,79,0.04059660053,fitted
3,female,80,0.04463379581,fitted
3,female,81,0.04906816347,fitted
3,female,82,0.05393654698,fitted
3,female,83,0.0592787265,fitted
3,female,84,0.06513754621,fitted
3,female,85,0.07155902065,fitted
3,female,86,0.07859241198,fitted
3,female,87,0.08629026806,fitted
3,female,88,0.0947084095,fitted
3,female,89,0.1039058514,fitted
3,female,90,0.1139446433,fitted
3,female,91,0.1191222571,raw
3,female,92,0.1302681992,raw
3,female,93,0.1408450704,raw
3,female,94,0.1520467836,raw
3,female,95,0.1764705882,raw
3,female,96,0.1886792453,raw
3,female,97,0.2,raw
3,female,98,0.2295081967,raw
3,female,99,0.2325581395,raw
3,female,100,0.25,raw
3,female,101,0.2608695652,raw
3,female,102,0.2857142857,raw
3,female,103,0.4,raw
3,female,104,0.2857142857,raw
3,female,105,0.4,raw
3,female,106,1,raw
3,female,107,1,raw
3,female,108,1,raw
3,female,109,1,raw
3,male,0,0.01083391014,raw
3,male,1,0.001339784146,raw
3,male,2,0.000440690415,raw
3,male,3,0.0002944640754,raw
3,male,4,0.0002937288882,raw
3,male,5,0.0001464236035,raw
3,male,6,0.0001454016721,raw
3,male,7,0.0001430103683,raw
3,male,8,0.0001401443487,raw
3,male,9,0.0001381310864,raw
3,male,10,0.0002740101384,raw
3,male,11,0.0002711864407,raw
3,male,12,0.0002680965147,raw
3,male,13,0.0003992812937,raw
3,male,14,0.000532056398,raw
3,male,15,0.0006630860023,raw
3,male,16,0.0009290596589,raw
3,male,17,0.001195457262,raw
3,male,18,0.001463641807,raw
3,male,19,0.001731601732,raw
3,male,20,0.001968116512,raw
3,male,21,0.002315410342,raw
3,male,22,0.002649006623,raw
3,male,23,0.002874101843,raw
3,male,24,0.003253660368,raw
3,male,25,0.003382822778,raw
3,male,26,0.003613031832,raw
3,male,27,0.003815149837,raw
3,male,28,0.003883495146,raw
3,male,29,0.004079184163,raw
3,male,30,0.003801507255,fitted
3,male,31,0.003841479813,fitted
3,male,32,0.003885445635,fitted
3,male,33,0.003933803445,fitted
3,male,34,0.003986991734,fitted
3,male,35,0.004045492726,fitted
3,male,36,0.004109836716,fitted
3,male,37,0.004180606859,fitted
3,male,38,0.00425844442,fitted
3,male,39,0.004344054543,fitted
3,male,40,0.004438212594,fitted
3,male,41,0.004541771126,fitted
3,male,42,0.004655667526,fitted
3,male,43,0.004780932417,fitted
3,male,44,0.004918698885,fitted
3,male,45,0.005070212599,fitted
3,male,46,0.005236842929,fitted
3,male,47,0.005420095142,fitted
3,male,48,0.005621623777,fitted
3,male,49,0.005843247325,fitted
3,male,50,0.006086964317,fitted
3,male,51,0.006354970959,fitted
3,male,52,0.006649680454,fitted
3,male,53,0.006973744172,fitted
3,male,54,0.007330074815,fitted
3,male,55,0.007721871777,fitted
3,male,56,0.008152648867,fitted
3,male,57,0.008626264624,fitted
3,male,58,0.009146955413,fitted
3,male,59,0.009719371567,fitted
3,male,60,0.01034861679,fitted
3,male,61,0.01104029107,fitted
3,male,62,0.01180053747,fitted
3,male,63,0.01263609285,fitted
3,male,64,0.01355434313,fitted
3,male,65,0.01456338304,fitted
3,male,66,0.01567208092,fitted
3,male,67,0.01689014866,fitted
3,male,68,0.01822821723,fitted
3,male,69,0.01969791779,fitted
3,male,70,0.0213119689,fitted
3,male,71,0.02308426968,fitted
3,male,72,0.02502999925,fitted
3,male,73,0.02716572223,fitted
3,male,74,0.02950950039,fitted
3,male,75,0.03208100997,fitted
3,male,76,0.03490166426,fitted
3,male,77,0.03799474074,fitted
3,male,78,0.0413855117,fitted
3,male,79,0.04510137699,fitted
3,male,80,0.04917199691,fitted
3,male,81,0.05362942301,fitted
3,male,82,0.05850822358,fitted
3,male,83,0.06384560012,fitted
3,male,84,0.06968148986,fitted
3,male,85,0.0760586487,fitted
3,male,86,0.08302270738,fitted
3,male,87,0.09062219234,fitted
3,male,88,0.09890850138,fitted
3,male,89,0.107935822,fitted
3,male,90,0.1177609786,fitted
3,male,91,0.1167315175,raw
3,male,92,0.1232227488,raw
3,male,93,0.1395348837,raw
3,male,94,0.1449275362,raw
3,male,95,0.1651376147,raw
3,male,96,0.1686746988,raw
3,male,97,0.1935483871,raw
3,male,98,0.2127659574,raw
3,male,99,0.2352941176,raw
3,male,100,0.2608695652,raw
3,male,101,0.25,raw
3,male,102,0.2222222222,raw
3,male,103,0.2857142857,raw
3,male,104,0.6666666667,raw
3,male,105,1,raw
3,male,106,1,raw
3,male,107,1,raw
3,male,108,1,raw
3,male,109,1,raw
3,total,0,0.01004994285,raw
3,total,1,0.001289979891,raw
3,total,2,0.0004493035795,raw
3,total,3,0.0002997377295,raw
3,total,4,0.0002988643156,raw
3,total,5,0.0001492203238,raw
3,total,6,0.0001483459427,raw
3,total,7,0.0001460706982,raw
3,total,8,0.0001432459533,raw
3,total,9,0.0001412229911,raw
3,total,10,0.0002102533553,raw
3,total,11,0.0002082971706,raw
3,total,12,0.0002748385324,raw
3,total,13,0.0003413784863,raw
3,total,14,0.0004096681688,raw
3,total,15,0.0005454049632,raw
3,total,16,0.0006828269034,raw
3,total,17,0.0008204567209,raw
3,total,18,0.001027995751,raw
3,total,19,0.00116778293,raw
3,total,20,0.001357128316,raw
3,total,21,0.001535124312,raw
3,total,22,0.001706820718,raw
3,total,23,0.001890174352,raw
3,total,24,0.002091913447,raw
3,total,25,0.002163437899,raw
3,total,26,0.002285714286,raw
3,total,27,0.002455414836,raw
3,total,28,0.002487482859,raw
3,total,29,0.002585853489,raw
3,total,30,0.002440591862,fitted
3,total,31,0.002476041672,fitted
3,total,32,0.002515130469,fitted
3,total,33,0.002558231638,fitted
3,total,34,0.002605756837,fitted
3,total,35,0.002658159919,fitted
3,total,36,0.002715941239,fitted
3,total,37,0.002779652418,fitted
3,total,38,0.002849901573,fitted
3,total,39,0.002927359089,fitted
3,total,40,0.003012763978,fitted
3,total,41,0.003106930872,fitted
3,total,42,0.00321075774,fitted
3,total,43,0.003325234367,fitted
3,total,44,0.003451451704,fitted
3,total,45,0.003590612153,fitted
3,total,46,0.003744040882,fitted
3,total,47,0.003913198283,fitted
3,total,48,0.004099693674,fitted
3,total,49,0.004305300362,fitted
3,total,50,0.004531972215,fitted
3,total,51,0.004781861865,fitted
3,total,52,0.00505734072,fitted
3,total,53,0.005361020933,fitted
3,total,54,0.005695779532,fitted
3,total,55,0.006064784893,fitted
3,total,56,0.006471525773,fitted
3,total,57,0.006919843146,fitted
3,total,58,0.007413965067,fitted
3,total,59,0.007958544846,fitted
3,total,60,0.008558702799,fitted
3,total,61,0.009220071879,fitted
3,total,62,0.009948847497,fitted
3,total,63,0.01075184185,fitted
3,total,64,0.01163654312,fitted
3,total,65,0.01261117982,fitted
3,total,66,0.01368479074,fitted
3,total,67,0.01486730073,fitted
3,total,68,0.01616960274,fitted
3,total,69,0.01760364633,fitted
3,total,70,0.01918253303,fitted
3,total,71,0.02092061875,fitted
3,total,72,0.02283362326,fitted
3,total,73,0.02493874704,fitted
3,total,74,0.02725479516,fitted
3,total,75,0.02980230812,fitted
3,total,76,0.03260369906,fitted
3,total,77,0.03568339675,fitted
3,total,78,0.03906799306,fitted
3,total,79,0.04278639356,fitted
3,total,80,0.04686996917,fitted
3,total,81,0.05135270615,fitted
3,total,82,0.05627135104,fitted
3,total,83,0.06166554614,fitted
3,total,84,0.06757795022,fitted
3,total,85,0.07405433754,fitted
3,total,86,0.08114366723,fitted
3,total,87,0.08889811289,fitted
3,total,88,0.0973730408,fitted
3,total,89,0.1066269225,fitted
3,total,90,0.1167211653,fitted
3,total,91,0.1180555556,raw
3,total,92,0.1271186441,raw
3,total,93,0.1402597403,raw
3,total,94,0.1488673139,raw
3,total,95,0.1714285714,raw
3,total,96,0.1798941799,raw
3,total,97,0.1971830986,raw
3,total,98,0.2222222222,raw
3,total,99,0.2337662338,raw
3,total,100,0.2545454545,raw
3,total,101,0.2564102564,raw
3,total,102,0.2608695652,raw
3,total,103,0.3529411765,raw
3,total,104,0.4,raw
3,total,105,0.2857142857,raw
3,total,106,1,raw
3,total,107,1,raw
3,total,108,1,raw
3,total,109,1,raw
4,female,0,0.01041336533,raw
4,female,1,0.001314924392,raw
4,female,2,0.0005624296963,raw
4,female,3,0.0004073043242,raw
4,female,4,0.0002639915523,raw
4,female,5,0.0002617458448,raw
4,female,6,0.0002582978174,raw
4,female,7,0.0002523977789,raw
4,female,8,0.0002457304337,raw
4,female,9,0.000242248062,raw
4,female,10,0.0002421893921,raw
4,female,11,0.0002415458937,raw
4,female,12,0.0002405002405,raw
4,female,13,0.0003609456777,raw
4,female,14,0.0003633941009,raw
4,female,15,0.0003679401484,raw
4,female,16,0.0004973268681,raw
4,female,17,0.000503588065,raw
4,female,18,0.000635122261,raw
4,female,19,0.0006378771449,raw
4,female,20,0.0006383657836,raw
4,female,21,0.0007633587786,raw
4,female,22,0.0007610350076,raw
4,female,23,0.0007619047619,raw
4,female,24,0.0008946258547,raw
4,female,25,0.000900032144,raw
4,female,26,0.0008996851102,raw
4,female,27,0.001021059349,raw
4,female,28,0.00101176173,raw
4,female,29,0.001003764115,raw
4,female,30,0.001054259266,fitted
4,female,31,0.001095346106,fitted
4,female,32,0.0011406808,fitted
4,female,33,0.001190702298,fitted
4,female,34,0.001245894859,fitted
4,female,35,0.001306792722,fitted
4,female,36,0.001373985242,fitted
4,female,37,0.001448122572,fitted
4,female,38,0.001529921904,fitted
4,female,39,0.001620174371,fitted
4,female,40,0.001719752629,fitted
4,female,41,0.001829619233,fitted
4,female,42,0.001950835852,fitted
4,female,43,0.002084573423,fitted
4,female,44,0.002232123336,fitted
4,female,45,0.002394909749,fitted
4,female,46,0.002574503144,fitted
4,female,47,0.002772635254,fitted
4,female,48,0.002991215473,fitted
4,female,49,0.003232348928,fitted
4,female,50,0.003498356329,fitted
4,female,51,0.003791795809,fitted
4,female,52,0.004115486911,fitted
4,female,53,0.004472536931,fitted
4,female,54,0.004866369846,fitted
4,female,55,0.005300758044,fitted
4,female,56,0.005779857117,fitted
4,female,57,0.006308243986,fitted
4,female,58,0.006890958643,fitted
4,female,59,0.007533549811,fitted
4,female,60,0.008242124852,fitted
4,female,61,0.009023404245,fitted
4,female,62,0.009884780997,fitted
4,female,63,0.01083438534,fitted
4,female,64,0.01188115506,fitted
4,female,65,0.01303491189,fitted
4,female,66,0.01430644417,fitted
4,female,67,0.01570759634,fitted
4,female,68,0.01725136533,fitted
4,female,69,0.01895200428,fitted
4,female,70,0.02082513363,fitted
4,female,71,0.02288785989,fitted
4,female,72,0.02515890174,fitted
4,female,73,0.02765872354,fitted
4,female,74,0.03040967566,fitted
4,female,75,0.03343614107,fitted
4,female,76,0.03676468697,fitted
4,female,77,0.04042422019,fitted
4,female,78,0.04444614432,fitted
4,female,79,0.04886451585,fitted
4,female,80,0.0537161961,fitted
4,female,81,0.05904099448,fitted
4,female,82,0.06488179778,fitted
4,female,83,0.07128467867,fitted
4,female,84,0.07829897523,fitted
4,female,85,0.08597733157,fitted
4,female,86,0.09437568748,fitted
4,female,87,0.1035532029,fitted
4,female,88,0.1135721005,fitted
4,female,89,0.124497407,fitted
4,female,90,0.1363965708,fitted
4,female,91,0.1437371663,raw
4,female,92,0.157635468,raw
4,female,93,0.1741741742,raw
4,female,94,0.1858736059,raw
4,female,95,0.2037037037,raw
4,female,96,0.224852071,raw
4,female,97,0.2461538462,raw
4,female,98,0.2736842105,raw
4,female,99,0.2941176471,raw
4,female,100,0.3333333333,raw
4,female,101,0.3529411765,raw
4,female,102,0.3636363636,raw
4,female,103,0.4,raw
4,female,104,0.4,raw
4,female,105,0.4,raw
4,female,106,0.6666666667,raw
4,female,107,1,raw
4,female,108,1,raw
4,female,109,1,raw
4,male,0,0.01263745043,raw
4,male,1,0.001549186677,raw
4,male,2,0.0005416384563,raw
4,male,3,0.0003926444604,raw
4,male,4,0.0002547121752,raw
4,male,5,0.0002523659306,raw
4,male,6,0.0002487562189,raw
4,male,7,0.0002427773731,raw
4,male,8,0.0002361553902,raw
4,male,9,0.0002327475852,raw
4,male,10,0.0002325581395,raw
4,male,11,0.0003476849974,raw
4,male,12,0.0003460806368,raw
4,male,13,0.0004612014297,raw
4,male,14,0.0006960556845,raw
4,male,15,0.0009412872103,raw
4,male,16,0.001078037971,raw
4,male,17,0.001341381623,raw
4,male,18,0.001730745457,raw
4,male,19,0.001994763745,raw
4,male,20,0.002381101573,raw
4,male,21,0.002633393943,raw
4,male,22,0.003013182674,raw
4,male,23,0.00328407225,raw
4,male,24,0.003577817531,raw
4,male,25,0.00387897595,raw
4,male,26,0.004030423194,raw
4,male,27,0.004287106203,raw
4,male,28,0.004531624264,raw
4,male,29,0.004650561943,raw
4,male,30,0.00461141875,fitted
4,male,31,0.004670440933,fitted
4,male,32,0.004734949044,fitted
4,male,33,0.004805452576,fitted
4,male,34,0.004882508261,fitted
4,male,35,0.004966724433,fitted
4,male,36,0.005058765795,fitted
4,male,37,0.00515935862,fitted
4,male,38,0.005269296423,fitted
4,male,39,0.005389446163,fitted
4,male,40,0.005520754995,fitted
4,male,41,0.005664257652,fitted
4,male,42,0.00582108448,fitted
4,male,43,0.005992470218,fitted
4,male,44,0.006179763555,fitted
4,male,45,0.006384437561,fitted
4,male,46,0.006608101044,fitted
4,male,47,0.006852510933,fitted
4,male,48,0.007119585753,fitted
4,male,49,0.007411420308,fitted
4,male,50,0.007730301653,fitted
4,male,51,0.008078726474,fitted
4,male,52,0.008459419985,fitted
4,male,53,0.008875356468,fitted
4,male,54,0.009329781587,fitted
4,male,55,0.009826236607,fitted
4,male,56,0.01036858467,fitted
4,male,57,0.0109610393,fitted
4,male,58,0.01160819523,fitted
4,male,59,0.01231506183,fitted
4,male,60,0.01308709918,fitted
4,male,61,0.0139302571,fitted
4,male,62,0.01485101716,fitted
4,male,63,0.01585643803,fitted
4,male,64,0.01695420415,fitted
4,male,65,0.01815267806,fitted
4,male,66,0.01946095645,fitted
4,male,67,0.02088893006,fitted
4,male,68,0.02244734761,fitted
4,male,69,0.02414788375,fitted
4,male,70,0.02600321119,fitted
4,male,71,0.02802707678,fitted
4,male,72,0.03023438162,fitted
4,male,73,0.03264126494,fitted
4,male,74,0.03526519133,fitted
4,male,75,0.03812504103,fitted
4,male,76,0.0412412025,fitted
4,male,77,0.04463566645,fitted
4,male,78,0.04833212019,fitted
4,male,79,0.05235604097,fitted
4,male,80,0.05673478638,fitted
4,male,81,0.06149767968,fitted
4,male,82,0.06667608735,fitted
4,male,83,0.07230348543,fitted
4,male,84,0.07841551089,fitted
4,male,85,0.08504999312,fitted
4,male,86,0.09224695998,fitted
4,male,87,0.1000486119,fitted
4,male,88,0.1084992566,fitted
4,male,89,0.1176451948,fitted
4,male,90,0.1275345484,fitted
4,male,91,0.1295546559,raw
4,male,92,0.139088729,raw
4,male,93,0.1494252874,raw
4,male,94,0.1602787456,raw
4,male,95,0.1724137931,raw
4,male,96,0.1857923497,raw
4,male,97,0.1971830986,raw
4,male,98,0.2222222222,raw
4,male,99,0.2222222222,raw
4,male,100,0.2295081967,raw
4,male,101,0.2727272727,raw
4,male,102,0.303030303,raw
4,male,103,0.3076923077,raw
4,male,104,0.3157894737,raw
4,male,105,0.3333333333,raw
4,male,106,0.5,raw
4,male,107,0.4,raw
4,male,108,0,raw
4,male,109,1,raw
4,total,0,0.01154666035,raw
4,total,1,0.001434205809,raw
4,total,2,0.0005518383114,raw
4,total,3,0.000399840064,raw
4,total,4,0.0002592688618,raw
4,total,5,0.0002569703199,raw
4,total,6,0.0002534372426,raw
4,total,7,0.000247494122,raw
4,total,8,0.0002408477842,raw
4,total,9,0.0002374028132,raw
4,total,10,0.0002372760707,raw
4,total,11,0.0002957092587,raw
4,total,12,0.0002943860579,raw
4,total,13,0.000412140481,raw
4,total,14,0.0005333175313,raw
4,total,15,0.0006605614773,raw
4,total,16,0.0007930939816,raw
4,total,17,0.0009291665376,raw
4,total,18,0.001190364314,raw
4,total,19,0.001324127495,raw
4,total,20,0.001517834556,raw
4,total,21,0.001705137516,raw
4,total,22,0.001892863903,raw
4,total,23,0.002026342452,raw
4,total,24,0.002236350276,raw
4,total,25,0.002385327015,raw
4,total,26,0.002456049638,raw
4,total,27,0.002639626589,raw
4,total,28,0.002751031637,raw
4,total,29,0.002800585577,raw
4,total,30,0.002769695474,fitted
4,total,31,0.002818036555,fitted
4,total,32,0.002871151823,fitted
4,total,33,0.002929512489,fitted
4,total,34,0.002993636206,fitted
4,total,35,0.003064091641,fitted
4,total,36,0.003141503487,fitted
4,total,37,0.00322655796,fitted
4,total,38,0.003320008841,fitted
4,total,39,0.003422684098,fitted
4,total,40,0.003535493156,fitted
4,total,41,0.003659434872,fitted
4,total,42,0.003795606285,fitted
4,total,43,0.003945212205,fitted
4,total,44,0.004109575734,fitted
4,total,45,0.004290149798,fitted
4,total,46,0.004488529785,fitted
4,total,47,0.00470646739,fitted
4,total,48,0.004945885786,fitted
4,total,49,0.005208896233,fitted
4,total,50,0.005497816261,fitted
4,total,51,0.005815189564,fitted
4,total,52,0.006163807761,fitted
4,total,53,0.006546734189,fitted
4,total,54,0.006967329892,fitted
4,total,55,0.007429282017,fitted
4,total,56,0.007936634785,fitted
4,total,57,0.008493823287,fitted
4,total,58,0.009105710294,fitted
4,total,59,0.009777626344,fitted
4,total,60,0.01051541334,fitted
4,total,61,0.01132547194,fitted
4,total,62,0.01221481291,fitted
4,total,63,0.0131911129,fitted
4,total,64,0.01426277467,fitted
4,total,65,0.01543899224,fitted
4,total,66,0.01672982105,fitted
4,total,67,0.0181462535,fitted
4,total,68,0.01970029998,fitted
4,total,69,0.02140507558,fitted
4,total,70,0.02327489256,fitted
4,total,71,0.02532535867,fitted
4,total,72,0.02757348111,fitted
4,total,73,0.03003777604,fitted
4,total,74,0.03273838321,fitted
4,total,75,0.03569718505,fitted
4,total,76,0.03893792948,fitted
4,total,77,0.04248635523,fitted
4,total,78,0.04637031804,fitted
4,total,79,0.0506199158,fitted
4,total,80,0.05526761004,fitted
4,total,81,0.06034834045,fitted
4,total,82,0.06589962844,fitted
4,total,83,0.07196166473,fitted
4,total,84,0.07857737508,fitted
4,total,85,0.08579245663,fitted
4,total,86,0.09365537648,fitted
4,total,87,0.1022173221,fitted
4,total,88,0.1115320919,fitted
4,total,89,0.1216559113,fitted
4,total,90,0.1326471601,fitted
4,total,91,0.1365953109,raw
4,total,92,0.1482381531,raw
4,total,93,0.1615271659,raw
4,total,94,0.1726618705,raw
4,total,95,0.1875,raw
4,total,96,0.2045454545,raw
4,total,97,0.2205882353,raw
4,total,98,0.2463054187,raw
4,total,99,0.255033557,raw
4,total,100,0.2752293578,raw
4,total,101,0.3076923077,raw
4,total,102,0.3272727273,raw
4,total,103,0.3414634146,raw
4,total,104,0.3448275862,raw
4,total,105,0.3529411765,raw
4,total,106,0.5454545455,raw
4,total,107,0.2857142857,raw
4,total,108,0,raw
4,total,109,1,raw
5,female,0,0.00886857075,raw
5,female,1,0.001151239439,raw
5,female,2,0.0004809915826,raw
5,female,3,0.0003334012484,raw
5,female,4,0.0002583359474,raw
5,female,5,0.0002199252254,raw
5,female,6,0.0001812020947,raw
5,female,7,0.0001774717376,raw
5,female,8,0.0001740916767,raw
5,female,9,0.000173783084,raw
5,female,10,0.0002104450914,raw
5,female,11,0.0002112081104,raw
5,female,12,0.0002468831009,raw
5,female,13,0.0002834969347,raw
5,female,14,0.0003213539714,raw
5,female,15,0.0003960609934,raw
5,female,16,0.000435413643,raw
5,female,17,0.0005105203661,raw
5,female,18,0.0005479151827,raw
5,female,19,0.0005834305718,raw
5,female,20,0.0006526231826,raw
5,female,21,0.0006832934745,raw
5,female,22,0.0007507104939,raw
5,female,23,0.0007872888634,raw
5,female,24,0.0008304898084,raw
5,female,25,0.0008769686118,raw
5,female,26,0.0008843036109,raw
5,female,27,0.0009254289363,raw
5,female,28,0.0009664708944,raw
5,female,29,0.0009730174769,raw
5,female,30,0.0009679447048,fitted
5,female,31,0.00100138389,fitted
5,female,32,0.001038297462,fitted
5,female,33,0.001079046268,fitted
5,female,34,0.001124028598,fitted
5,female,35,0.001173684063,fitted
5,female,36,0.001228497879,fitted
5,female,37,0.001289005581,fitted
5,female,38,0.00135579823,fitted
5,female,39,0.001429528156,fitted
5,female,40,0.001510915291,fitted
5,female,41,0.001600754148,fitted
5,female,42,0.001699921518,fitted
5,female,43,0.001809384961,fitted
5,female,44,0.001930212157,fitted
5,female,45,0.002063581215,fitted
5,female,46,0.002210792032,fitted
5,female,47,0.002373278804,fitted
5,female,48,0.002552623814,fitted
5,female,49,0.002750572603,fitted
5,female,50,0.002969050679,fitted
5,female,51,0.003210181905,fitted
5,female,52,0.003476308721,fitted
5,female,53,0.003770014395,fitted
5,female,54,0.004094147474,fitted
5,female,55,0.004451848658,fitted
5,female,56,0.004846580304,fitted
5,female,57,0.005282158825,fitted
5,female,58,0.005762790217,fitted
5,female,59,0.006293109015,fitted
5,female,60,0.006878220954,fitted
5,female,61,0.007523749664,fitted
5,female,62,0.008235887722,fitted
5,female,63,0.009021452411,fitted
5,female,64,0.009887946543,fitted
5,female,65,0.01084362472,fitted
5,female,66,0.01189756542,fitted
5,female,67,0.01305974924,fitted
5,female,68,0.01434114372,fitted
5,female,69,0.01575379507,fitted
5,female,70,0.0173109271,fitted
5,female,71,0.0190270476,fitted
5,female,72,0.02091806245,fitted
5,female,73,0.0230013974,fitted
5,female,74,0.02529612761,fitted
5,female,75,0.02782311468,fitted
5,female,76,0.03060515068,fitted
5,female,77,0.0336671085,fitted
5,female,78,0.03703609743,fitted
5,female,79,0.04074162238,fitted
5,female,80,0.04481574471,fitted
5,female,81,0.04929324185,fitted
5,female,82,0.0542117622,fitted
5,female,83,0.05961197065,fitted
5,female,84,0.0655376792,fitted
5,female,85,0.07203595538,fitted
5,female,86,0.07915719991,fitted
5,female,87,0.08695518315,fitted
5,female,88,0.09548702754,fitted
5,female,89,0.1048131212,fitted
5,female,90,0.1149969449,fitted
5,female,91,0.1215733015,raw
5,female,92,0.1341107872,raw
5,female,93,0.1466063348,raw
5,female,94,0.1590909091,raw
5,female,95,0.1739130435,raw
5,female,96,0.1901140684,raw
5,female,97,0.2107969152,raw
5,female,98,0.2269503546,raw
5,female,99,0.2512562814,raw
5,female,100,0.2686567164,raw
5,female,101,0.2921348315,raw
5,female,102,0.3157894737,raw
5,female,103,0.3333333333,raw
5,female,104,0.3636363636,raw
5,female,105,0.4615384615,raw
5,female,106,0.6666666667,raw
5,female,107,0.6666666667,raw
5,female,108,0,raw
5,female,109,1,raw
5,male,0,0.01080418047,raw
5,male,1,0.001320556061,raw
5,male,2,0.0004968944099,raw
5,male,3,0.0002842928216,raw
5,male,4,0.0002125247946,raw
5,male,5,0.0002108963093,raw
5,male,6,0.0001734876217,raw
5,male,7,0.0001696496734,raw
5,male,8,0.0001661709234,raw
5,male,9,0.0001990908186,raw
5,male,10,0.0002347221058,raw
5,male,11,0.0002695599434,raw
5,male,12,0.0003379520108,raw
5,male,13,0.0004077333424,raw
5,male,14,0.0005480202768,raw
5,male,15,0.0007253009135,raw
5,male,16,0.0009411436638,raw
5,male,17,0.00119306618,raw
5,male,18,0.001478040541,raw
5,male,19,0.001757345705,raw
5,male,20,0.002058726032,raw
5,male,21,0.002381568729,raw
5,male,22,0.002667761133,raw
5,male,23,0.002971362216,raw
5,male,24,0.003234352957,raw
5,male,25,0.003480076562,raw
5,male,26,0.0036824662,raw
5,male,27,0.003874740216,raw
5,male,28,0.004032543332,raw
5,male,29,0.00413340935,raw
5,male,30,0.003953352088,fitted
5,male,31,0.0039893656,fitted
5,male,32,0.004029095997,fitted
5,male,33,0.00407292672,fitted
5,male,34,0.004121280728,fitted
5,male,35,0.004174624564,fitted
5,male,36,0.004233472838,fitted
5,male,37,0.004298393163,fitted
5,male,38,0.004370011602,fitted
5,male,39,0.004449018669,fitted
5,male,40,0.004536175945,fitted
5,male,41,0.004632323358,fitted
5,male,42,0.004738387219,fitted
5,male,43,0.004855389065,fitted
5,male,44,0.004984455395,fitted
5,male,45,0.005126828405,fitted
5,male,46,0.005283877797,fitted
5,male,47,0.005457113779,fitted
5,male,48,0.005648201377,fitted
5,male,49,0.005858976177,fitted
5,male,50,0.006091461644,fitted
5,male,51,0.006347888163,fitted
5,male,52,0.006630713971,fitted
5,male,53,0.006942648152,fitted
5,male,54,0.0072866759,fitted
5,male,55,0.007666086247,fitted
5,male,56,0.008084502482,fitted
5,male,57,0.008545915518,fitted
5,male,58,0.00905472044,fitted
5,male,59,0.009615756541,fitted
5,male,60,0.01023435112,fitted
5,male,61,0.01091636733,fitted
5,male,62,0.0116682565,fitted
5,male,63,0.01249711511,fitted
5,male,64,0.01341074694,fitted
5,male,65,0.0144177306,fitted
5,male,66,0.01552749293,fitted
5,male,67,0.01675038853,fitted
5,male,68,0.01809778577,fitted
5,male,69,0.01958215969,fitted
5,male,70,0.02121719192,fitted
5,male,71,0.02301787789,fitted
5,male,72,0.02500064148,fitted
5,male,73,0.02718345715,fitted
5,male,74,0.02958597926,fitted
5,male,75,0.03222967846,fitted
5,male,76,0.03513798437,fitted
5,male,77,0.03833643387,fitted
5,male,78,0.04185282353,fitted
5,male,79,0.04571736454,fitted
5,male,80,0.04996283785,fitted
5,male,81,0.05462474632,fitted
5,male,82,0.05974146015,fitted
5,male,83,0.06535435064,fitted
5,male,84,0.07150790605,fitted
5,male,85,0.0782498223,fitted
5,male,86,0.08563105904,fitted
5,male,87,0.09370585034,fitted
5,male,88,0.1025316568,fitted
5,male,89,0.1121690432,fitted
5,male,90,0.1226814645,fitted
5,male,91,0.1228878648,raw
5,male,92,0.1333333333,raw
5,male,93,0.1451990632,raw
5,male,94,0.158445441,raw
5,male,95,0.1705426357,raw
5,male,96,0.1855670103,raw
5,male,97,0.1971830986,raw
5,male,98,0.2156862745,raw
5,male,99,0.2377622378,raw
5,male,100,0.2553191489,raw
5,male,101,0.2666666667,raw
5,male,102,0.3157894737,raw
5,male,103,0.3636363636,raw
5,male,104,0.3333333333,raw
5,male,105,0.4,raw
5,male,106,0,raw
5,male,107,0.4,raw
5,male,108,0.6666666667,raw
5,male,109,1,raw
5,total,0,0.009855656456,raw
5,total,1,0.001237578714,raw
5,total,2,0.0004891082831,raw
5,total,3,0.0003083368853,raw
5,total,4,0.0002349602827,raw
5,total,5,0.0002153161559,raw
5,total,6,0.0001772609636,raw
5,total,7,0.000173472574,raw
5,total,8,0.000170039109,raw
5,total,9,0.0001867302681,raw
5,total,10,0.0002228565061,raw
5,total,11,0.000241021933,raw
5,total,12,0.0002933892499,raw
5,total,13,0.0003469210755,raw
5,total,14,0.0004370438355,raw
5,total,15,0.0005641052761,raw
5,total,16,0.0006933518227,raw
5,total,17,0.000858353749,raw
5,total,18,0.001021642694,raw
5,total,19,0.001181186914,raw
5,total,20,0.001369144463,raw
5,total,21,0.00154986879,raw
5,total,22,0.001730421331,raw
5,total,23,0.001904811834,raw
5,total,24,0.002061401577,raw
5,total,25,0.002210259884,raw
5,total,26,0.002317913518,raw
5,total,27,0.002436669164,raw
5,total,28,0.002537519031,raw
5,total,29,0.002591950351,raw
5,total,30,0.002479870626,fitted
5,total,31,0.002513096376,fitted
5,total,32,0.00254979972,fitted
5,total,33,0.002590344492,fitted
5,total,34,0.002635132562,fitted
5,total,35,0.002684607799,fitted
5,total,36,0.002739260455,fitted
5,total,37,0.002799631999,fitted
5,total,38,0.002866320456,fitted
5,total,39,0.0029399863,fitted
5,total,40,0.003021358949,fitted
5,total,41,0.003111243947,fitted
5,total,42,0.003210530873,fitted
5,total,43,0.003320202075,fitted
5,total,44,0.003441342299,fitted
5,total,45,0.003575149313,fitted
5,total,46,0.003722945615,fitted
5,total,47,0.003886191345,fitted
5,total,48,0.004066498514,fitted
5,total,49,0.004265646683,fitted
5,total,50,0.004485600235,fitted
5,total,51,0.004728527393,fitted
5,total,52,0.004996821163,fitted
5,total,53,0.005293122376,fitted
5,total,54,0.005620345035,fitted
5,total,55,0.005981704184,fitted
5,total,56,0.006380746542,fitted
5,total,57,0.006821384137,fitted
5,total,58,0.007307931231,fitted
5,total,59,0.007845144825,fitted
5,total,60,0.00843826904,fitted
5,total,61,0.009093083729,fitted
5,total,62,0.009815957647,fitted
5,total,63,0.01061390656,fitted
5,total,64,0.01149465665,fitted
5,total,65,0.01246671364,fitted
5,total,66,0.013539438,fitted
5,total,67,0.01472312664,fitted
5,total,68,0.01602910147,fitted
5,total,69,0.01746980519,fitted
5,total,70,0.01905890466,fitted
5,total,71,0.02081140203,fitted
5,total,72,0.02274375387,fitted
5,total,73,0.02487399848,fitted
5,total,74,0.02722189103,fitted
5,total,75,0.02980904658,fitted
5,total,76,0.03265909023,fitted
5,total,77,0.03579781365,fitted
5,total,78,0.03925333686,fitted
5,total,79,0.0430562733,fitted
5,total,80,0.04723989615,fitted
5,total,81,0.05184030263,fitted
5,total,82,0.05689657242,fitted
5,total,83,0.06245091512,fitted
5,total,84,0.06854880055,fitted
5,total,85,0.07523906399,fitted
5,total,86,0.08257397685,fitted
5,total,87,0.09060927124,fitted
5,total,88,0.09940410456,fitted
5,total,89,0.1090209477,fitted
5,total,90,0.1195253777,fitted
5,total,91,0.122147651,raw
5,total,92,0.13377103,raw
5,total,93,0.1459928535,raw
5,total,94,0.1588121369,raw
5,total,95,0.1724709784,raw
5,total,96,0.1881838074,raw
5,total,97,0.2050520059,raw
5,total,98,0.2222222222,raw
5,total,99,0.2456140351,raw
5,total,100,0.2631578947,raw
5,total,101,0.2818791946,raw
5,total,102,0.3157894737,raw
5,total,103,0.3448275862,raw
5,total,104,0.3529411765,raw
5,total,105,0.4444444444,raw
5,total,106,0.5,raw
5,total,107,0.5,raw
5,total,108,0.4,raw
5,total,109,1,raw
6,female,0,0.009956192752,raw
6,female,1,0.001212366135,raw
6,female,2,0.0006098180709,raw
6,female,3,0.0004074149521,raw
6,female,4,0.00020155195,raw
6,female,5,0.0001944579485,raw
6,female,6,0.0001866542231,raw
6,female,7,0.000177383592,raw
6,female,8,0.0001705466019,raw
6,female,9,0.000167658647,raw
6,female,10,0.0001658787426,raw
6,female,11,0.000163733115,raw
6,female,12,0.0003228931224,raw
6,female,13,0.0003196930946,raw
6,female,14,0.0003184713376,raw
6,female,15,0.0003184713376,raw
6,female,16,0.0004788889776,raw
6,female,17,0.0004801152277,raw
6,female,18,0.0004809619238,raw
6,female,19,0.000641128386,raw
6,female,20,0.0006396929474,raw
6,female,21,0.0006365372374,raw
6,female,22,0.0007930843049,raw
6,female,23,0.000794849376,raw
6,female,24,0.0008012178511,raw
6,female,25,0.0008080808081,raw
6,female,26,0.0009715025907,raw
6,female,27,0.0009672738997,raw
6,female,28,0.0009606147935,raw
6,female,29,0.0009546539379,raw
6,female,30,0.0009797436979,fitted
6,female,31,0.001016217742,fitted
6,female,32,0.001056461682,fitted
6,female,33,0.001100864994,fitted
6,female,34,0.001149857349,fitted
6,female,35,0.001203912761,fitted
6,female,36,0.001263554145,fitted
6,female,37,0.001329358359,fitted
6,female,38,0.001401961744,fitted
6,female,39,0.001482066245,fitted
6,female,40,0.001570446153,fitted
6,female,41,0.001667955528,fitted
6,female,42,0.001775536391,fitted
6,female,43,0.00189422774,fitted
6,female,44,0.002025175481,fitted
6,female,45,0.002169643376,fitted
6,female,46,0.002329025086,fitted
6,female,47,0.002504857436,fitted
6,female,48,0.002698835016,fitted
6,female,49,0.002912826241,fitted
6,female,50,0.003148891029,fitted
6,female,51,0.003409300229,fitted
6,female,52,0.003696556984,fitted
6,female,53,0.004013420211,fitted
6,female,54,0.004362930378,fitted
6,female,55,0.004748437819,fitted
6,female,56,0.005173633791,fitted
6,female,57,0.005642584532,fitted
6,female,58,0.006159768592,fitted
6,female,59,0.006730117701,fitted
6,female,60,0.007359061492,fitted
6,female,61,0.008052576381,fitted
6,female,62,0.008817238948,fitted
6,female,63,0.009660284156,fitted
6,female,64,0.01058966877,fitted
6,female,65,0.01161414033,fitted
6,female,66,0.01274331204,fitted
6,female,67,0.01398774399,fitted
6,female,68,0.01535903089,fitted
6,female,69,0.01686989685,fitted
6,female,70,0.01853429728,fitted
6,female,71,0.02036752823,fitted
6,female,72,0.02238634321,fitted
6,female,73,0.02460907758,fitted
6,female,74,0.02705578021,fitted
6,female,75,0.02974835213,fitted
6,female,76,0.0327106916,fitted
6,female,77,0.03596884452,fitted
6,female,78,0.03955115887,fitted
6,female,79,0.04348844144,fitted
6,female,80,0.04781411422,fitted
6,female,81,0.05256436731,fitted
6,female,82,0.05777830443,fitted
6,female,83,0.06349807553,fitted
6,female,84,0.0697689905,fitted
6,female,85,0.07663960583,fitted
6,female,86,0.08416177484,fitted
6,female,87,0.09239064994,fitted
6,female,88,0.1013846232,fitted
6,female,89,0.1112051891,fitted
6,female,90,0.1219167112,fitted
6,female,91,0.1287553648,raw
6,female,92,0.1409921671,raw
6,female,93,0.1538461538,raw
6,female,94,0.1660079051,raw
6,female,95,0.1871921182,raw
6,female,96,0.2025316456,raw
6,female,97,0.218487395,raw
6,female,98,0.2471910112,raw
6,female,99,0.25,raw
6,female,100,0.2608695652,raw
6,female,101,0.303030303,raw
6,female,102,0.3636363636,raw
6,female,103,0.4,raw
6,female,104,0.4,raw
6,female,105,0.2857142857,raw
6,female,106,0.4,raw
6,female,107,0.6666666667,raw
6,female,108,1,raw
6,female,109,1,raw
6,male,0,0.01204658011,raw
6,male,1,0.001356720612,raw
6,male,2,0.0005831470502,raw
6,male,3,0.0003894839338,raw
6,male,4,0.0001928082522,raw
6,male,5,0.000186202402,raw
6,male,6,0.0001787789398,raw
6,male,7,0.0001699379726,raw
6,male,8,0.0001633586539,raw
6,male,9,0.0001602692523,raw
6,male,10,0.0001582403671,raw
6,male,11,0.0003118665211,raw
6,male,12,0.000306936771,raw
6,male,13,0.000455338848,raw
6,male,14,0.0006053268765,raw
6,male,15,0.0007586677794,raw
6,male,16,0.001069763888,raw
6,male,17,0.001232855602,raw
6,male,18,0.001550628004,raw
6,male,19,0.001866542231,raw
6,male,20,0.002176616915,raw
6,male,21,0.002477163648,raw
6,male,22,0.002777777778,raw
6,male,23,0.003095496053,raw
6,male,24,0.0034375,raw
6,male,25,0.003628618758,raw
6,male,26,0.003799271806,raw
6,male,27,0.003946018467,raw
6,male,28,0.004240282686,raw
6,male,29,0.004383904807,raw
6,male,30,0.004152492327,fitted
6,male,31,0.004196580392,fitted
6,male,32,0.004245030391,fitted
6,male,33,0.004298273636,fitted
6,male,34,0.004356784036,fitted
6,male,35,0.004421082293,fitted
6,male,36,0.004491740512,fitted
6,male,37,0.004569387257,fitted
6,male,38,0.004654713108,fitted
6,male,39,0.004748476751,fitted
6,male,40,0.004851511676,fitted
6,male,41,0.004964733511,fitted
6,male,42,0.005089148082,fitted
6,male,43,0.005225860252,fitted
6,male,44,0.005376083609,fitted
6,male,45,0.005541151098,fitted
6,male,46,0.00572252668,fitted
6,male,47,0.0059218181,fitted
6,male,48,0.006140790891,fitted
6,male,49,0.006381383712,fitted
6,male,50,0.006645725141,fitted
6,male,51,0.006936152068,fitted
6,male,52,0.007255229819,fitted
6,male,53,0.007605774169,fitted
6,male,54,0.007990875413,fitted
6,male,55,0.00841392467,fitted
6,male,56,0.008878642615,fitted
6,male,57,0.009389110826,fitted
6,male,58,0.009949805994,fitted
6,male,59,0.01056563718,fitted
6,male,60,0.01124198642,fitted
6,male,61,0.01198475283,fitted
6,male,62,0.0128004006,fitted
6,male,63,0.01369601104,fitted
6,male,64,0.01467933898,fitted
6,male,65,0.01575887382,fitted
6,male,66,0.01694390546,fitted
6,male,67,0.01824459535,fitted
6,male,68,0.01967205301,fitted
6,male,69,0.02123841801,fitted
6,male,70,0.02295694777,fitted
6,male,71,0.02484211118,fitted
6,male,72,0.02690968803,fitted
6,male,73,0.0291768742,fitted
6,male,74,0.03166239242,fitted
6,male,75,0.03438660804,fitted
6,male,76,0.0373716494,fitted
6,male,77,0.04064153175,fitted
6,male,78,0.04422228353,fitted
6,male,79,0.04814207351,fitted
6,male,80,0.05243133651,fitted
6,male,81,0.05712289519,fitted
6,male,82,0.06225207445,fitted
6,male,83,0.06785680425,fitted
6,male,84,0.0739777059,fitted
6,male,85,0.08065815535,fitted
6,male,86,0.0879443162,fitted
6,male,87,0.09588513351,fitted
6,male,88,0.1045322778,fitted
6,male,89,0.1139400268,fitted
6,male,90,0.1241650718,fitted
6,male,91,0.1243523316,raw
6,male,92,0.1358024691,raw
6,male,93,0.1423220974,raw
6,male,94,0.1552511416,raw
6,male,95,0.1694915254,raw
6,male,96,0.1843971631,raw
6,male,97,0.1981981982,raw
6,male,98,0.2117647059,raw
6,male,99,0.2153846154,raw
6,male,100,0.25,raw
6,male,101,0.2702702703,raw
6,male,102,0.2857142857,raw
6,male,103,0.3157894737,raw
6,male,104,0.2857142857,raw
6,male,105,0.4,raw
6,male,106,0.2857142857,raw
6,male,107,0.4,raw
6,male,108,0.6666666667,raw
6,male,109,1,raw
6,total,0,0.01102256211,raw
6,total,1,0.001286046397,raw
6,total,2,0.0005961844197,raw
6,total,3,0.0003982477101,raw
6,total,4,0.0001970831691,raw
6,total,5,0.0001902406544,raw
6,total,6,0.0001826317231,raw
6,total,7,0.0001735809755,raw
6,total,8,0.0001668752607,raw
6,total,9,0.0001638806949,raw
6,total,10,0.0001619695497,raw
6,total,11,0.0002396070444,raw
6,total,12,0.0003147128245,raw
6,total,13,0.0003892716727,raw
6,total,14,0.0004655493482,raw
6,total,15,0.0005438794142,raw
6,total,16,0.0007807620237,raw
6,total,17,0.0008635917566,raw
6,total,18,0.001024711307,raw
6,total,19,0.001263024945,raw
6,total,20,0.001418998818,raw
6,total,21,0.001569489131,raw
6,total,22,0.001799053541,raw
6,total,23,0.00196055366,raw
6,total,24,0.002135991456,raw
6,total,25,0.002235350471,raw
6,total,26,0.002401344753,raw
6,total,27,0.002472385054,raw
6,total,28,0.0026162445,raw
6,total,29,0.002683080808,raw
6,total,30,0.002558833369,fitted
6,total,31,0.002597427259,fitted
6,total,32,0.002639965208,fitted
6,total,33,0.002686850077,fitted
6,total,34,0.00273852584,fitted
6,total,35,0.002795481762,fitted
6,total,36,0.002858257012,fitted
6,total,37,0.002927445742,fitted
6,total,38,0.003003702673,fitted
6,total,39,0.003087749254,fitted
6,total,40,0.003180380437,fitted
6,total,41,0.003282472136,fitted
6,total,42,0.00339498944,fitted
6,total,43,0.003518995648,fitted
6,total,44,0.003655662208,fitted
6,total,45,0.003806279659,fitted
6,total,46,0.003972269657,fitted
6,total,47,0.004155198208,fitted
6,total,48,0.004356790207,fitted
6,total,49,0.004578945422,fitted
6,total,50,0.00482375606,fitted
6,total,51,0.005093526057,fitted
6,total,52,0.005390792254,fitted
6,total,53,0.005718347646,fitted
6,total,54,0.006079266885,fitted
6,total,55,0.006476934239,fitted
6,total,56,0.006915074238,fitted
6,total,57,0.007397785229,fitted
6,total,58,0.007929576112,fitted
6,total,59,0.008515406501,fitted
6,total,60,0.009160730614,fitted
6,total,61,0.009871545186,fitted
6,total,62,0.01065444171,fitted
6,total,63,0.01151666335,fitted
6,total,64,0.0124661668,fitted
6,total,65,0.01351168955,fitted
6,total,66,0.01466282275,fitted
6,total,67,0.01593009006,fitted
6,total,68,0.01732503283,fitted
6,total,69,0.01886030186,fitted
6,total,70,0.0205497559,fitted
6,total,71,0.02240856721,fitted
6,total,72,0.02445333407,fitted
6,total,73,0.02670220036,fitted
6,total,74,0.02917498191,fitted
6,total,75,0.03189329929,fitted
6,total,76,0.03488071631,fitted
6,total,77,0.03816288337,fitted
6,total,78,0.04176768425,fitted
6,total,79,0.04572538449,fitted
6,total,80,0.05006877902,fitted
6,total,81,0.05483333589,fitted
6,total,82,0.06005733214,fitted
6,total,83,0.06578197689,fitted
6,total,84,0.07205151548,fitted
6,total,85,0.0789133072,fitted
6,total,86,0.08641786752,fitted
6,total,87,0.09461886393,fitted
6,total,88,0.1035730524,fitted
6,total,89,0.1133401396,fitted
6,total,90,0.1239825523,fitted
6,total,91,0.1267605634,raw
6,total,92,0.1386138614,raw
6,total,93,0.1485319516,raw
6,total,94,0.1610169492,raw
6,total,95,0.1789473684,raw
6,total,96,0.1939799331,raw
6,total,97,0.2086956522,raw
6,total,98,0.2298850575,raw
6,total,99,0.2325581395,raw
6,total,100,0.2553191489,raw
6,total,101,0.2857142857,raw
6,total,102,0.32,raw
6,total,103,0.3529411765,raw
6,total,104,0.3333333333,raw
6,total,105,0.3529411765,raw
6,total,106,0.3333333333,raw
6,total,107,0.5,raw
6,total,108,0.4,raw
6,total,109,1,raw
7,female,0,0.01201232569,raw
7,female,1,0.001595608417,raw
7,female,2,0.0006763910128,raw
7,female,3,0.0004164187983,raw
7,female,4,0.0003177942056,raw
7,female,5,0.0002636905824,raw
7,female,6,0.0002216382231,raw
7,female,7,0.0002081415362,raw
7,female,8,0.0002108489916,raw
7,female,9,0.0002124616956,raw
7,female,10,0.0002287918158,raw
7,female,11,0.000261194639,raw
7,female,12,0.0003096605957,raw
7,female,13,0.0003430111479,raw
7,female,14,0.0003955109507,raw
7,female,15,0.0004535109305,raw
7,female,16,0.0005151364253,raw
7,female,17,0.0005621431708,raw
7,female,18,0.0006093626783,raw
7,female,19,0.0006557615942,raw
7,female,20,0.0007206541322,raw
7,female,21,0.0007663623025,raw
7,female,22,0.0008139699967,raw
7,female,23,0.0008478005357,raw
7,female,24,0.0009074231156,raw
7,female,25,0.0009468456944,raw
7,female,26,0.0009811536732,raw
7,female,27,0.001009216827,raw
7,female,28,0.00105630521,raw
7,female,29,0.001105606258,raw
7,female,30,0.001126425935,fitted
7,female,31,0.001172484492,fitted
7,female,32,0.001223287518,fitted
7,female,33,0.001279323457,fitted
7,female,34,0.001341130979,fitted
7,female,35,0.001409304132,fitted
7,female,36,0.001484498013,fitted
7,female,37,0.001567435032,fitted
7,female,38,0.001658911796,fitted
7,female,39,0.001759806704,fitted
7,female,40,0.001871088315,fitted
7,female,41,0.001993824549,fitted
7,female,42,0.002129192838,fitted
7,female,43,0.002278491287,fitted
7,female,44,0.002443150968,fitted
7,female,45,0.002624749444,fitted
7,female,46,0.002825025653,fitted
7,female,47,0.003045896275,fitted
7,female,48,0.003289473735,fitted
7,female,49,0.003558085983,fitted
7,female,50,0.003854298241,fitted
7,female,51,0.004180936878,fitted
7,female,52,0.004541115631,fitted
7,female,53,0.004938264372,fitted
7,female,54,0.00537616066,fitted
7,female,55,0.005858964322,fitted
7,female,56,0.006391255332,fitted
7,female,57,0.006978075261,fitted
7,female,58,0.00762497261,fitted
7,female,59,0.008338052325,fitted
7,female,60,0.009124029842,fitted
7,female,61,0.009990289985,fitted
7,female,62,0.01094495108,fitted
7,female,63,0.01199693463,fitted
7,female,64,0.01315604094,fitted
7,female,65,0.01443303096,fitted
7,female,66,0.01583971477,fitted
7,female,67,0.01738904692,fitted
7,female,68,0.01909522889,fitted
7,female,69,0.02097381895,fitted
7,female,70,0.02304184924,fitted
7,female,71,0.02531795033,fitted
7,female,72,0.02782248287,fitted
7,female,73,0.03057767591,fitted
7,female,74,0.03360777127,fitted
7,female,75,0.03693917287,fitted
7,female,76,0.0406005996,fitted
7,female,77,0.04462323977,fitted
7,female,78,0.04904090454,fitted
7,female,79,0.05389017698,fitted
7,female,80,0.05921055256,fitted
7,female,81,0.06504456565,fitted
7,female,82,0.07143789554,fitted
7,female,83,0.0784394438,fitted
7,female,84,0.08610137328,fitted
7,female,85,0.0944790969,fitted
7,female,86,0.1036312024,fitted
7,female,87,0.1136192967,fitted
7,female,88,0.1245077506,fitted
7,female,89,0.1363633227,fitted
7,female,90,0.1492546367,fitted
7,female,91,0.1607305936,raw
7,female,92,0.1756756757,raw
7,female,93,0.189679219,raw
7,female,94,0.205704408,raw
7,female,95,0.223669924,raw
7,female,96,0.2464985994,raw
7,female,97,0.2647058824,raw
7,female,98,0.2871046229,raw
7,female,99,0.3102310231,raw
7,female,100,0.3441860465,raw
7,female,101,0.3724137931,raw
7,female,102,0.3917525773,raw
7,female,103,0.4117647059,raw
7,female,104,0.4150943396,raw
7,female,105,0.4186046512,raw
7,female,106,0.4705882353,raw
7,female,107,0.5,raw
7,female,108,0.5263157895,raw
7,female,109,1,raw
7,male,0,0.01471561447,raw
7,male,1,0.001863906579,raw
7,male,2,0.0007236146681,raw
7,male,3,0.0004026054323,raw
7,male,4,0.0002929801945,raw
7,male,5,0.0002553031725,raw
7,male,6,0.0002300313609,raw
7,male,7,0.0002327656438,raw
7,male,8,0.000235984488,raw
7,male,9,0.0002537507533,raw
7,male,10,0.0002856100154,raw
7,male,11,0.000333076917,raw
7,male,12,0.0004278142652,raw
7,male,13,0.00055634592,raw
7,male,14,0.0007388964742,raw
7,male,15,0.0009545596682,raw
7,male,16,0.001186762512,raw
7,male,17,0.001469867712,raw
7,male,18,0.001763446278,raw
7,male,19,0.002098481362,raw
7,male,20,0.002445493708,raw
7,male,21,0.002798596868,raw
7,male,22,0.003169758159,raw
7,male,23,0.003514444366,raw
7,male,24,0.003855801323,raw
7,male,25,0.004114480627,raw
7,male,26,0.004377702033,raw
7,male,27,0.004617610994,raw
7,male,28,0.004830917874,raw
7,male,29,0.005032416013,raw
7,male,30,0.005190861698,fitted
7,male,31,0.005250825929,fitted
7,male,32,0.005316493277,fitted
7,male,33,0.005388405727,fitted
7,male,34,0.005467156681,fitted
7,male,35,0.005553395824,fitted
7,male,36,0.005647834441,fitted
7,male,37,0.005751251229,fitted
7,male,38,0.005864498661,fitted
7,male,39,0.005988509937,fitted
7,male,40,0.006124306586,fitted
7,male,41,0.006273006779,fitted
7,male,42,0.006435834405,fitted
7,male,43,0.006614128999,fitted
7,male,44,0.006809356575,fitted
7,male,45,0.007023121465,fitted
7,male,46,0.007257179244,fitted
7,male,47,0.007513450834,fitted
7,male,48,0.007794037893,fitted
7,male,49,0.008101239607,fitted
7,male,50,0.008437570984,fitted
7,male,51,0.008805782806,fitted
7,male,52,0.009208883351,fitted
7,male,53,0.009650162045,fitted
7,male,54,0.0101332152,fitted
7,male,55,0.01066197398,fitted
7,male,56,0.01124073481,fitted
7,male,57,0.0118741924,fitted
7,male,58,0.0125674755,fitted
7,male,59,0.01332618571,fitted
7,male,60,0.01415643948,fitted
7,male,61,0.01506491347,fitted
7,male,62,0.01605889356,fitted
7,male,63,0.01714632768,fitted
7,male,64,0.01833588261,fitted
7,male,65,0.01963700505,fitted
7,male,66,0.02105998699,fitted
7,male,67,0.02261603569,fitted
7,male,68,0.02431734814,fitted
7,male,69,0.02617719032,fitted
7,male,70,0.02820998104,fitted
7,male,71,0.03043138031,fitted
7,male,72,0.03285838212,fitted
7,male,73,0.03550941112,fitted
7,male,74,0.0384044229,fitted
7,male,75,0.04156500691,fitted
7,male,76,0.04501449123,fitted
7,male,77,0.0487780479,fitted
7,male,78,0.05288279707,fitted
7,male,79,0.05735790805,fitted
7,male,80,0.06223469457,fitted
7,male,81,0.0675467012,fitted
7,male,82,0.073329777,fitted
7,male,83,0.07962213175,fitted
7,male,84,0.08646436924,fitted
7,male,85,0.093899491,fitted
7,male,86,0.1019728627,fitted
7,male,87,0.1107321341,fitted
7,male,88,0.1202271026,fitted
7,male,89,0.1305095074,fitted
7,male,90,0.1416327425,fitted
7,male,91,0.1460428509,raw
7,male,92,0.156820623,raw
7,male,93,0.1669953978,raw
7,male,94,0.1772151899,raw
7,male,95,0.1912045889,raw
7,male,96,0.2073897497,raw
7,male,97,0.2215477997,raw
7,male,98,0.2350674374,raw
7,male,99,0.2506142506,raw
7,male,100,0.2709677419,raw
7,male,101,0.2933333333,raw
7,male,102,0.3144654088,raw
7,male,103,0.3193277311,raw
7,male,104,0.3265306122,raw
7,male,105,0.3333333333,raw
7,male,106,0.3768115942,raw
7,male,107,0.4166666667,raw
7,male,108,0.5333333333,raw
7,male,109,1,raw
7,total,0,0.01338989056,raw
7,total,1,0.001732174238,raw
7,total,2,0.000700424226,raw
7,total,3,0.0004093956297,raw
7,total,4,0.0003051855491,raw
7,total,5,0.0002594291034,raw
7,total,6,0.0002259015614,raw
7,total,7,0.0002206461781,raw
7,total,8,0.0002236082384,raw
7,total,9,0.0002334163705,raw
7,total,10,0.000257619914,raw
7,total,11,0.0002976537643,raw
7,total,12,0.0003695699331,raw
7,total,13,0.000451129031,raw
7,total,14,0.0005694019653,raw
7,total,15,0.0007065874735,raw
7,total,16,0.0008530894635,raw
7,total,17,0.001016892692,raw
7,total,18,0.001185249037,raw
7,total,19,0.001373337118,raw
7,total,20,0.001575368324,raw
7,total,21,0.001769685384,raw
7,total,22,0.001972377099,raw
7,total,23,0.00215352997,raw
7,total,24,0.002345045081,raw
7,total,25,0.002485861662,raw
7,total,26,0.002625571378,raw
7,total,27,0.002750122583,raw
7,total,28,0.002871168415,raw
7,total,29,0.002987458108,raw
7,total,30,0.003038937565,fitted
7,total,31,0.003090822288,fitted
7,total,32,0.00314787064,fitted
7,total,33,0.003210596174,fitted
7,total,34,0.00327956344,fitted
7,total,35,0.003355393048,fitted
7,total,36,0.003438767206,fitted
7,total,37,0.003530435819,fitted
7,total,38,0.003631223178,fitted
7,total,39,0.003742035305,fitted
7,total,40,0.00386386802,fitted
7,total,41,0.003997815795,fitted
7,total,42,0.004145081472,fitted
7,total,43,0.004306986919,fitted
7,total,44,0.004484984736,fitted
7,total,45,0.004680671074,fitted
7,total,46,0.004895799707,fitted
7,total,47,0.005132297454,fitted
7,total,48,0.005392281071,fitted
7,total,49,0.005678075767,fitted
7,total,50,0.005992235473,fitted
7,total,51,0.00633756503,fitted
7,total,52,0.006717144465,fitted
7,total,53,0.007134355534,fitted
7,total,54,0.007592910734,fitted
7,total,55,0.008096884988,fitted
7,total,56,0.008650750221,fitted
7,total,57,0.009259413074,fitted
7,total,58,0.009928255991,fitted
7,total,59,0.01066318194,fitted
7,total,60,0.01147066306,fitted
7,total,61,0.01235779344,fitted
7,total,62,0.01333234644,fitted
7,total,63,0.01440283667,fitted
7,total,64,0.01557858707,fitted
7,total,65,0.01686980122,fitted
7,total,66,0.01828764123,fitted
7,total,67,0.01984431135,fitted
7,total,68,0.02155314754,fitted
7,total,69,0.02342871301,fitted
7,total,70,0.02548689989,fitted
7,total,71,0.02774503681,fitted
7,total,72,0.03022200229,fitted
7,total,73,0.03293834348,fitted
7,total,74,0.03591639957,fitted
7,total,75,0.03918042918,fitted
7,total,76,0.04275674023,fitted
7,total,77,0.04667382092,fitted
7,total,78,0.05096246947,fitted
7,total,79,0.05565592003,fitted
7,total,80,0.06078996125,fitted
7,total,81,0.06640304325,fitted
7,total,82,0.07253636779,fitted
7,total,83,0.07923395513,fitted
7,total,84,0.08654267995,fitted
7,total,85,0.09451226721,fitted
7,total,86,0.1031952369,fitted
7,total,87,0.1126467851,fitted
7,total,88,0.1229245869,fitted
7,total,89,0.1340885034,fitted
7,total,90,0.1462001755,fitted
7,total,91,0.1532276078,raw
7,total,92,0.1660252886,raw
7,total,93,0.1780033841,raw
7,total,94,0.1908302354,raw
7,total,95,0.206405694,raw
7,total,96,0.2253702511,raw
7,total,97,0.2410640067,raw
7,total,98,0.2580645161,raw
7,total,99,0.276056338,raw
7,total,100,0.300952381,raw
7,total,101,0.3243243243,raw
7,total,102,0.34375,raw
7,total,103,0.3529411765,raw
7,total,104,0.357615894,raw
7,total,105,0.3622047244,raw
7,total,106,0.4077669903,raw
7,total,107,0.4444444444,raw
7,total,108,0.5306122449,raw
7,total,109,1,raw
8,female,0,0.009314750699,raw
8,female,1,0.001194785114,raw
8,female,2,0.0004892709862,raw
8,female,3,0.0003134414126,raw
8,female,4,0.0002407442436,raw
8,female,5,0.0002026958549,raw
8,female,6,0.0001981964126,raw
8,female,7,0.00016000256,raw
8,female,8,0.0001861966236,raw
8,female,9,0.0001834694065,raw
8,female,10,0.0001826094896,raw
8,female,11,0.0002111773135,raw
8,female,12,0.0002689015372,raw
8,female,13,0.0002966214813,raw
8,female,14,0.0003546308884,raw
8,female,15,0.0003838941633,raw
8,female,16,0.0004436098008,raw
8,female,17,0.0005033830301,raw
8,female,18,0.0005627878734,raw
8,female,19,0.0005918560606,raw
8,female,20,0.0006486231499,raw
8,female,21,0.0007039774727,raw
8,female,22,0.0007609459143,raw
8,female,23,0.0007941526832,raw
8,female,24,0.0008339289969,raw
8,female,25,0.0008764639214,raw
8,female,26,0.0008847802541,raw
8,female,27,0.0009190050239,raw
8,female,28,0.0009517230793,raw
8,female,29,0.0009861021232,raw
8,female,30,0.0009892007499,fitted
8,female,31,0.001023515034,fitted
8,female,32,0.001061401824,fitted
8,female,33,0.001103232902,fitted
8,female,34,0.001149418704,fitted
8,female,35,0.001200412335,fitted
8,female,36,0.001256713991,fitted
8,female,37,0.001318875849,fitted
8,female,38,0.001387507448,fitted
8,female,39,0.001463281634,fitted
8,female,40,0.001546941118,fitted
8,female,41,0.001639305699,fitted
8,female,42,0.001741280241,fitted
8,female,43,0.00185386346,fitted
8,female,44,0.001978157612,fitted
8,female,45,0.002115379175,fitted
8,female,46,0.002266870619,fitted
8,female,47,0.002434113371,fitted
8,female,48,0.002618742099,fitted
8,female,49,0.002822560445,fitted
8,female,50,0.003047558344,fitted
8,female,51,0.003295931081,fitted
8,female,52,0.00357010027,fitted
8,female,53,0.003872736914,fitted
8,female,54,0.004206786769,fitted
8,female,55,0.004575498204,fitted
8,female,56,0.004982452806,fitted
8,female,57,0.005431598974,fitted
8,female,58,0.005927288765,fitted
8,female,59,0.006474318285,fitted
8,female,60,0.007077971934,fitted
8,female,61,0.007744070813,fitted
8,female,62,0.00847902565,fitted
8,female,63,0.009289894596,fitted
8,female,64,0.01018444625,fitted
8,female,65,0.01117122831,fitted
8,female,66,0.01225964222,fitted
8,female,67,0.01346002415,fitted
8,female,68,0.01478373282,fitted
8,female,69,0.01624324428,fitted
8,female,70,0.01785225415,fitted
8,female,71,0.01962578753,fitted
8,female,72,0.02158031656,fitted
8,female,73,0.02373388598,fitted
8,female,74,0.02610624638,fitted
8,female,75,0.02871899481,fitted
8,female,76,0.0315957225,fitted
8,female,77,0.03476216843,fitted
8,female,78,0.03824637787,fitted
8,female,79,0.04207886392,fitted
8,female,80,0.04629276986,fitted
8,female,81,0.05092402912,fitted
8,female,82,0.05601151909,fitted
8,female,83,0.06159720366,fitted
8,female,84,0.06772625831,fitted
8,female,85,0.07444717005,fitted
8,female,86,0.0818118028,fitted
8,female,87,0.08987541684,fitted
8,female,88,0.09869662873,fitted
8,female,89,0.1083372956,fitted
8,female,90,0.1188623051,fitted
8,female,91,0.1279669763,raw
8,female,92,0.1403734707,raw
8,female,93,0.1530944625,raw
8,female,94,0.1673640167,raw
8,female,95,0.1833105335,raw
8,female,96,0.2025782689,raw
8,female,97,0.2199488491,raw
8,female,98,0.2417582418,raw
8,female,99,0.2580645161,raw
8,female,100,0.2809917355,raw
8,female,101,0.3157894737,raw
8,female,102,0.347826087,raw
8,female,103,0.3703703704,raw
8,female,104,0.4,raw
8,female,105,0.5,raw
8,female,106,0.6666666667,raw
8,female,107,0,raw
8,female,108,1,raw
8,female,109,1,raw
8,male,0,0.01137618024,raw
8,male,1,0.001383896174,raw
8,male,2,0.0005032290531,raw
8,male,3,0.0003012804419,raw
8,male,4,0.0002314164339,raw
8,male,5,0.0001946598319,raw
8,male,6,0.0001902647852,raw
8,male,7,0.0001842242623,raw
8,male,8,0.0001786139557,raw
8,male,9,0.0002052876226,raw
8,male,10,0.0002334539512,raw
8,male,11,0.0002602096133,raw
8,male,12,0.0003432985267,raw
8,male,13,0.0004258278804,raw
8,male,14,0.0005658348894,raw
8,male,15,0.0007357518818,raw
8,male,16,0.0009660463134,raw
8,male,17,0.001226906341,raw
8,male,18,0.001516126725,raw
8,male,19,0.001802446177,raw
8,male,20,0.00210748156,raw
8,male,21,0.002404152112,raw
8,male,22,0.002730894297,raw
8,male,23,0.003021702602,raw
8,male,24,0.00331362299,raw
8,male,25,0.003534387856,raw
8,male,26,0.00374115859,raw
8,male,27,0.0039313481,raw
8,male,28,0.004086732819,raw
8,male,29,0.004221215297,raw
8,male,30,0.004014383805,fitted
8,male,31,0.004054423841,fitted
8,male,32,0.004098500228,fitted
8,male,33,0.004147019653,fitted
8,male,34,0.004200429738,fitted
8,male,35,0.004259223149,fitted
8,male,36,0.004323942116,fitted
8,male,37,0.004395183406,fitted
8,male,38,0.004473603794,fitted
8,male,39,0.004559926075,fitted
8,male,40,0.004654945675,fitted
8,male,41,0.004759537925,fitted
8,male,42,0.004874666047,fitted
8,male,43,0.005001389938,fitted
8,male,44,0.00514087582,fitted
8,male,45,0.005294406844,fitted
8,male,46,0.005463394739,fitted
8,male,47,0.005649392595,fitted
8,male,48,0.005854108916,fitted
8,male,49,0.006079423026,fitted
8,male,50,0.006327401989,fitted
8,male,51,0.00660031916,fitted
8,male,52,0.006900674529,fitted
8,male,53,0.007231217025,fitted
8,male,54,0.007594968941,fitted
8,male,55,0.007995252694,fitted
8,male,56,0.008435720098,fitted
8,male,57,0.008920384392,fitted
8,male,58,0.009453655239,fitted
8,male,59,0.01004037696,fitted
8,male,60,0.01068587024,fitted
8,male,61,0.01139597762,fitted
8,male,62,0.01217711302,fitted
8,male,63,0.0130363156,fitted
8,male,64,0.01398130832,fitted
8,male,65,0.01502056138,fitted
8,male,66,0.01616336102,fitted
8,male,67,0.01741988377,fitted
8,male,68,0.01880127662,fitted
8,male,69,0.02031974327,fitted
8,male,70,0.02198863662,fitted
8,male,71,0.02382255775,fitted
8,male,72,0.0258374614,fitted
8,male,73,0.0280507679,fitted
8,male,74,0.03048148141,fitted
8,male,75,0.03315031405,fitted
8,male,76,0.03607981543,fitted
8,male,77,0.03929450655,fitted
8,male,78,0.0428210171,fitted
8,male,79,0.04668822423,fitted
8,male,80,0.05092739091,fitted
8,male,81,0.05557230088,fitted
8,male,82,0.06065938685,fitted
8,male,83,0.06622784734,fitted
8,male,84,0.07231974694,fitted
8,male,85,0.07898009315,fitted
8,male,86,0.08625688178,fitted
8,male,87,0.09420110136,fitted
8,male,88,0.102866685,fitted
8,male,89,0.1123103962,fitted
8,male,90,0.1225916333,fitted
8,male,91,0.1240694789,raw
8,male,92,0.134155744,raw
8,male,93,0.14481409,raw
8,male,94,0.1573604061,raw
8,male,95,0.1720067454,raw
8,male,96,0.1843317972,raw
8,male,97,0.2006472492,raw
8,male,98,0.2159624413,raw
8,male,99,0.2377622378,raw
8,male,100,0.2666666667,raw
8,male,101,0.2962962963,raw
8,male,102,0.3448275862,raw
8,male,103,0.2857142857,raw
8,male,104,0.4,raw
8,male,105,0,raw
8,male,106,0.4,raw
8,male,107,0.2857142857,raw
8,male,108,0.4,raw
8,male,109,1,raw
8,total,0,0.01036629885,raw
8,total,1,0.001291244501,raw
8,total,2,0.0004963925952,raw
8,total,3,0.0003072406377,raw
8,total,4,0.0002359882006,raw
8,total,5,0.0001985965841,raw
8,total,6,0.0001941496246,raw
8,total,7,0.000172363813,raw
8,total,8,0.000182326486,raw
8,total,9,0.0001946064085,raw
8,total,10,0.000208566108,raw
8,total,11,0.0002362146601,raw
8,total,12,0.0003069076135,raw
8,total,13,0.000362642065,raw
8,total,14,0.0004625346901,raw
8,total,15,0.0005635715989,raw
8,total,16,0.0007100574567,raw
8,total,17,0.0008718522501,raw
8,total,18,0.001047760412,raw
8,total,19,0.001207369317,raw
8,total,20,0.00139067955,raw
8,total,21,0.001569530941,raw
8,total,22,0.001765022422,raw
8,total,23,0.001930585371,raw
8,total,24,0.002099645685,raw
8,total,25,0.002233546087,raw
8,total,26,0.002343615886,raw
8,total,27,0.002457702049,raw
8,total,28,0.002553127581,raw
8,total,29,0.002638422977,raw
8,total,30,0.002529012795,fitted
8,total,31,0.00256438991,fitted
8,total,32,0.002603434301,fitted
8,total,33,0.002646525957,fitted
8,total,34,0.00269408421,fitted
8,total,35,0.002746571788,fitted
8,total,36,0.002804499307,fitted
8,total,37,0.002868430207,fitted
8,total,38,0.002938986209,fitted
8,total,39,0.003016853322,fitted
8,total,40,0.003102788469,fitted
8,total,41,0.003197626795,fitted
8,total,42,0.003302289715,fitted
8,total,43,0.003417793793,fitted
8,total,44,0.003545260511,fitted
8,total,45,0.00368592705,fitted
8,total,46,0.003841158153,fitted
8,total,47,0.004012459191,fitted
8,total,48,0.004201490554,fitted
8,total,49,0.004410083486,fitted
8,total,50,0.004640257515,fitted
8,total,51,0.004894239625,fitted
8,total,52,0.005174485339,fitted
8,total,53,0.005483701899,fitted
8,total,54,0.005824873729,fitted
8,total,55,0.006201290407,fitted
8,total,56,0.00661657737,fitted
8,total,57,0.007074729592,fitted
8,total,58,0.007580148514,fitted
8,total,59,0.008137682495,fitted
8,total,60,0.0087526711,fitted
8,total,61,0.009430993523,fitted
8,total,62,0.0101791215,fitted
8,total,63,0.01100417705,fitted
8,total,64,0.01191399541,fitted
8,total,65,0.01291719349,fitted
8,total,66,0.01402324434,fitted
8,total,67,0.01524255781,fitted
8,total,68,0.01658656793,fitted
8,total,69,0.01806782722,fitted
8,total,70,0.01970010826,fitted
8,total,71,0.02149851275,fitted
8,total,72,0.02347958817,fitted
8,total,73,0.02566145205,fitted
8,total,74,0.02806392382,fitted
8,total,75,0.03070866375,fitted
8,total,76,0.03361931854,fitted
8,total,77,0.03682167264,fitted
8,total,78,0.04034380396,fitted
8,total,79,0.0442162422,fitted
8,total,80,0.04847212752,fitted
8,total,81,0.05314736634,fitted
8,total,82,0.05828078029,fitted
8,total,83,0.06391424344,fitted
8,total,84,0.07009280131,fitted
8,total,85,0.07686476419,fitted
8,total,86,0.08428176518,fitted
8,total,87,0.09239877177,fitted
8,total,88,0.1012740373,fitted
8,total,89,0.1109689765,fitted
8,total,90,0.1215479462,fitted
8,total,91,0.1261971831,raw
8,total,92,0.1375438596,raw
8,total,93,0.1493333333,raw
8,total,94,0.1628440367,raw
8,total,95,0.1782477341,raw
8,total,96,0.1944728762,raw
8,total,97,0.2114285714,raw
8,total,98,0.2304526749,raw
8,total,99,0.2492401216,raw
8,total,100,0.2748815166,raw
8,total,101,0.3076923077,raw
8,total,102,0.3466666667,raw
8,total,103,0.3414634146,raw
8,total,104,0.4,raw
8,total,105,0.4,raw
8,total,106,0.5,raw
8,total,107,0.2222222222,raw
8,total,108,0.5,raw
8,total,109,1,raw
9,female,0,0.009760216355,raw
9,female,1,0.001249622959,raw
9,female,2,0.0005080907936,raw
9,female,3,0.0003377807803,raw
9,female,4,0.000247377239,raw
9,female,5,0.0002161601314,raw
9,female,6,0.0001859331261,raw
9,female,7,0.0001760029725,raw
9,female,8,0.0001694931214,raw
9,female,9,0.0001847540923,raw
9,female,10,0.000198410909,raw
9,female,11,0.0002106963514,raw
9,female,12,0.0002559574087,raw
9,female,13,0.0002835909284,raw
9,female,14,0.0003286824763,raw
9,female,15,0.0003879101342,raw
9,female,16,0.0004457959847,raw
9,female,17,0.0005013787917,raw
9,female,18,0.0005551785824,raw
9,female,19,0.000591496106,raw
9,female,20,0.0006520547133,raw
9,female,21,0.0006928006466,raw
9,female,22,0.0007319304666,raw
9,female,23,0.0007738012989,raw
9,female,24,0.0008198513336,raw
9,female,25,0.0008546023047,raw
9,female,26,0.0008975758753,raw
9,female,27,0.0009217196655,raw
9,female,28,0.0009428418286,raw
9,female,29,0.0009771635607,raw
9,female,30,0.0009819233384,fitted
9,female,31,0.001015621308,fitted
9,female,32,0.001052822554,fitted
9,female,33,0.001093891127,fitted
9,female,34,0.00113922888,fitted
9,female,35,0.001189279379,fitted
9,female,36,0.001244532227,fitted
9,female,37,0.001305527834,fitted
9,female,38,0.001372862669,fitted
9,female,39,0.001447195069,fitted
9,female,40,0.001529251627,fitted
9,female,41,0.001619834253,fitted
9,female,42,0.001719827947,fitted
9,female,43,0.001830209375,fitted
9,female,44,0.001952056318,fitted
9,female,45,0.002086558095,fitted
9,female,46,0.002235027032,fitted
9,female,47,0.002398911115,fitted
9,female,48,0.002579807914,fitted
9,female,49,0.002779479921,fitted
9,female,50,0.002999871434,fitted
9,female,51,0.003243127142,fitted
9,female,52,0.003511612562,fitted
9,female,53,0.00380793653,fitted
9,female,54,0.004134975914,fitted
9,female,55,0.00449590277,fitted
9,female,56,0.004894214172,fitted
9,female,57,0.005333764953,fitted
9,female,58,0.005818803617,fitted
9,female,59,0.006354011705,fitted
9,female,60,0.006944546922,fitted
9,female,61,0.007596090322,fitted
9,female,62,0.008314897906,fitted
9,female,63,0.009107856968,fitted
9,female,64,0.009982547559,fitted
9,female,65,0.01094730944,fitted
9,female,66,0.01201131489,fitted
9,female,67,0.01318464779,fitted
9,female,68,0.01447838925,fitted
9,female,69,0.01590471029,fitted
9,female,70,0.01747697166,fitted
9,female,71,0.01920983129,fitted
9,female,72,0.02111935938,fitted
9,female,73,0.02322316129,fitted
9,female,74,0.02554050816,fitted
9,female,75,0.02809247494,fitted
9,female,76,0.03090208555,fitted
9,female,77,0.03399446414,fitted
9,female,78,0.03739699153,fitted
9,female,79,0.04113946516,fitted
9,female,80,0.04525426033,fitted
9,female,81,0.04977648998,fitted
9,female,82,0.05474415928,fitted
9,female,83,0.06019831038,fitted
9,female,84,0.06618315144,fitted
9,female,85,0.07274616265,fitted
9,female,86,0.07993817049,fitted
9,female,87,0.08781337928,fitted
9,female,88,0.09642934724,fitted
9,female,89,0.1058468918,fitted
9,female,90,0.116129906,fitted
9,female,91,0.1232548863,raw
9,female,92,0.134629059,raw
9,female,93,0.1476510067,raw
9,female,94,0.1612565445,raw
9,female,95,0.1756668835,raw
9,female,96,0.1930843707,raw
9,female,97,0.2109090909,raw
9,female,98,0.2298288509,raw
9,female,99,0.2510121457,raw
9,female,100,0.275862069,raw
9,female,101,0.2961918195,raw
9,female,102,0.3171247357,raw
9,female,103,0.3461538462,raw
9,female,104,0.3725490196,raw
9,female,105,0.4,raw
9,female,106,0.4225352113,raw
9,female,107,0.5333333333,raw
9,female,108,0.3529411765,raw
9,female,109,1,raw
9,male,0,0.0119342513,raw
9,male,1,0.001405452328,raw
9,male,2,0.0005290501434,raw
9,male,3,0.0003022844064,raw
9,male,4,0.0002373733559,raw
9,male,5,0.0002075808527,raw
9,male,6,0.0001787682865,raw
9,male,7,0.0001694069814,raw
9,male,8,0.000181445394,raw
9,male,9,0.0001959160411,raw
9,male,10,0.0002261361165,raw
9,male,11,0.0002540241662,raw
9,male,12,0.0003291314222,raw
9,male,13,0.0004181543311,raw
9,male,14,0.0005543720153,raw
9,male,15,0.0007170581908,raw
9,male,16,0.0009541984733,raw
9,male,17,0.001199450378,raw
9,male,18,0.001481780831,raw
9,male,19,0.001767174729,raw
9,male,20,0.002071197411,raw
9,male,21,0.002364181944,raw
9,male,22,0.002669645046,raw
9,male,23,0.002978714878,raw
9,male,24,0.003248039293,raw
9,male,25,0.003487289747,raw
9,male,26,0.00369125561,raw
9,male,27,0.003872956824,raw
9,male,28,0.004016943744,raw
9,male,29,0.00415339204,raw
9,male,30,0.004008917744,fitted
9,male,31,0.004046748465,fitted
9,male,32,0.004088441478,fitted
9,male,33,0.004134390916,fitted
9,male,34,0.004185031086,fitted
9,male,35,0.004240840564,fitted
9,male,36,0.004302346694,fitted
9,male,37,0.004370130542,fitted
9,male,38,0.004444832359,fitted
9,male,39,0.004527157585,fitted
9,male,40,0.004617883468,fitted
9,male,41,0.004717866342,fitted
9,male,42,0.004828049645,fitted
9,male,43,0.004949472731,fitted
9,male,44,0.005083280579,fitted
9,male,45,0.005230734463,fitted
9,male,46,0.005393223693,fitted
9,male,47,0.005572278518,fitted
9,male,48,0.005769584324,fitted
9,male,49,0.005986997223,fitted
9,male,50,0.006226561189,fitted
9,male,51,0.006490526883,fitted
9,male,52,0.006781372313,fitted
9,male,53,0.007101825512,fitted
9,male,54,0.007454889426,fitted
9,male,55,0.007843869186,fitted
9,male,56,0.008272402013,fitted
9,male,57,0.008744489961,fitted
9,male,58,0.009264535755,fitted
9,male,59,0.009837381992,fitted
9,male,60,0.01046835397,fitted
9,male,61,0.01116330647,fitted
9,male,62,0.01192867472,fitted
9,male,63,0.01277153,fitted
9,male,64,0.01369964007,fitted
9,male,65,0.01472153481,fitted
9,male,66,0.01584657749,fitted
9,male,67,0.01708504181,fitted
9,male,68,0.01844819521,fitted
9,male,69,0.01994838864,fitted
9,male,70,0.02159915301,fitted
9,male,71,0.02341530252,fitted
9,male,72,0.02541304507,fitted
9,male,73,0.0276100995,fitted
9,male,74,0.03002581978,fitted
9,male,75,0.03268132558,fitted
9,male,76,0.03559963878,fitted
9,male,77,0.03880582491,fitted
9,male,78,0.0423271385,fitted
9,male,79,0.0461931703,fitted
9,male,80,0.05043599449,fitted
9,male,81,0.05509031268,fitted
9,male,82,0.06019359109,fitted
9,male,83,0.0657861863,fitted
9,male,84,0.07191145365,fitted
9,male,85,0.07861583126,fitted
9,male,86,0.08594889102,fitted
9,male,87,0.09396334615,fitted
9,male,88,0.1027150031,fitted
9,male,89,0.1122626431,fitted
9,male,90,0.1226678166,fitted
9,male,91,0.122334848,raw
9,male,92,0.1324364095,raw
9,male,93,0.1431136189,raw
9,male,94,0.1549206349,raw
9,male,95,0.1674008811,raw
9,male,96,0.1812564367,raw
9,male,97,0.1960784314,raw
9,male,98,0.2168674699,raw
9,male,99,0.2380300958,raw
9,male,100,0.2448979592,raw
9,male,101,0.2608695652,raw
9,male,102,0.2833333333,raw
9,male,103,0.3157894737,raw
9,male,104,0.3370786517,raw
9,male,105,0.3829787234,raw
9,male,106,0.5,raw
9,male,107,0.2222222222,raw
9,male,108,0.3333333333,raw
9,male,109,1,raw
9,total,0,0.01086958747,raw
9,total,1,0.001329155986,raw
9,total,2,0.0005187955297,raw
9,total,3,0.0003196596176,raw
9,total,4,0.0002422720715,raw
9,total,5,0.0002117836418,raw
9,total,6,0.0001822803269,raw
9,total,7,0.000172641998,raw
9,total,8,0.0001755804551,raw
9,total,9,0.0001904373257,raw
9,total,10,0.0002125247946,raw
9,total,11,0.000232751598,raw
9,total,12,0.0002932072263,raw
9,total,13,0.0003521025847,raw
9,total,14,0.0004436074155,raw
9,total,15,0.0005554629784,raw
9,total,16,0.0007043080174,raw
9,total,17,0.0008559036145,raw
9,total,18,0.00102540342,raw
9,total,19,0.001187990093,raw
9,total,20,0.001372222709,raw
9,total,21,0.001541549008,raw
9,total,22,0.001716702547,raw
9,total,23,0.001894936309,raw
9,total,24,0.002054766925,raw
9,total,25,0.002193399135,raw
9,total,26,0.002318000724,raw
9,total,27,0.002421683782,raw
9,total,28,0.002504178928,raw
9,total,29,0.002588503045,raw
9,total,30,0.002489914332,fitted
9,total,31,0.002523042051,fitted
9,total,32,0.002559643335,fitted
9,total,33,0.002600082251,fitted
9,total,34,0.002644760992,fitted
9,total,35,0.002694123863,fitted
9,total,36,0.00274866168,fitted
9,total,37,0.002808916627,fitted
9,total,38,0.002875487623,fitted
9,total,39,0.002949036238,fitted
9,total,40,0.00303029323,fitted
9,total,41,0.003120065756,fitted
9,total,42,0.003219245332,fitted
9,total,43,0.00332881661,fitted
9,total,44,0.003449867069,fitted
9,total,45,0.003583597697,fitted
9,total,46,0.003731334774,fitted
9,total,47,0.003894542865,fitted
9,total,48,0.004074839143,fitted
9,total,49,0.004274009169,fitted
9,total,50,0.004494024287,fitted
9,total,51,0.004737060773,fitted
9,total,52,0.005005520928,fitted
9,total,53,0.005302056288,fitted
9,total,54,0.005629593167,fitted
9,total,55,0.00599136074,fitted
9,total,56,0.006390921908,fitted
9,total,57,0.006832207216,fitted
9,total,58,0.007319552071,fitted
9,total,59,0.007857737588,fitted
9,total,60,0.008452035352,fitted
9,total,61,0.009108256445,fitted
9,total,62,0.009832805091,fitted
9,total,63,0.01063273728,fitted
9,total,64,0.01151582476,fitted
9,total,65,0.01249062479,fitted
9,total,66,0.01356655607,fitted
9,total,67,0.01475398117,fitted
9,total,68,0.016064296,fitted
9,total,69,0.01751002649,fitted
9,total,70,0.01910493297,fitted
9,total,71,0.02086412241,fitted
9,total,72,0.02280416878,fitted
9,total,73,0.0249432415,fitted
9,total,74,0.02730124207,fitted
9,total,75,0.02989994839,fitted
9,total,76,0.03276316644,fitted
9,total,77,0.03591688831,fitted
9,total,78,0.03938945546,fitted
9,total,79,0.04321172534,fitted
9,total,80,0.04741723906,fitted
9,total,81,0.05204238698,fitted
9,total,82,0.05712656818,fitted
9,total,83,0.06271233865,fitted
9,total,84,0.06884554178,fitted
9,total,85,0.07557541331,fitted
9,total,86,0.08295465077,fitted
9,total,87,0.09103943581,fitted
9,total,88,0.09988939529,fitted
9,total,89,0.1095674842,fitted
9,total,90,0.120139771,fitted
9,total,91,0.1229206349,raw
9,total,92,0.1338385752,raw
9,total,93,0.1460282517,raw
9,total,94,0.159009009,raw
9,total,95,0.1727630838,raw
9,total,96,0.1889508728,raw
9,total,97,0.205722393,raw
9,total,98,0.2253521127,raw
9,total,99,0.2467239042,raw
9,total,100,0.2659713168,raw
9,total,101,0.284629981,raw
9,total,102,0.3057503506,raw
9,total,103,0.3362068966,raw
9,total,104,0.361774744,raw
9,total,105,0.3953488372,raw
9,total,106,0.4367816092,raw
9,total,107,0.4615384615,raw
9,total,108,0.3448275862,raw
9,total,109,1,raw
10,female,0,0.01026623777,raw
10,female,1,0.001271455817,raw
10,female,2,0.0005181682751,raw
10,female,3,0.0003132537669,raw
10,female,4,0.0002446632822,raw
10,female,5,0.0002434274586,raw
10,female,6,0.0001806847954,raw
10,female,7,0.0001771636106,raw
10,female,8,0.0001733352593,raw
10,female,9,0.0001715314903,raw
10,female,10,0.0002288198616,raw
10,female,11,0.0002283235344,raw
10,female,12,0.0002845678837,raw
10,female,13,0.0002845354958,raw
10,female,14,0.0003430727886,raw
10,female,15,0.0004047295539,raw
10,female,16,0.0004686310117,raw
10,female,17,0.0005339503426,raw
10,female,18,0.0005393581638,raw
10,female,19,0.0006033182504,raw
10,female,20,0.0006665656719,raw
10,female,21,0.0007285089849,raw
10,female,22,0.0007921274716,raw
10,female,23,0.0007999753854,raw
10,female,24,0.0008757662955,raw
10,female,25,0.0008904719501,raw
10,female,26,0.000900553197,raw
10,female,27,0.0009704027171,raw
10,female,28,0.0009747538746,raw
10,female,29,0.001047051895,raw
10,female,30,0.00102890869,fitted
10,female,31,0.001066629344,fitted
10,female,32,0.00110825415,fitted
10,female,33,0.001154187005,fitted
10,female,34,0.001204873552,fitted
10,female,35,0.001260805478,fitted
10,female,36,0.001322525271,fitted
10,female,37,0.001390631445,fitted
10,female,38,0.001465784319,fitted
10,female,39,0.001548712374,fitted
10,female,40,0.001640219264,fitted
10,female,41,0.001741191551,fitted
10,female,42,0.001852607214,fitted
10,female,43,0.001975545038,fitted
10,female,44,0.002111194951,fitted
10,female,45,0.002260869408,fitted
10,female,46,0.002426015929,fitted
10,female,47,0.002608230908,fitted
10,female,48,0.002809274805,fitted
10,female,49,0.003031088864,fitted
10,female,50,0.003275813512,fitted
10,female,51,0.00354580858,fitted
10,female,52,0.003843675546,fitted
10,female,53,0.004172281959,fitted
10,female,54,0.004534788286,fitted
10,female,55,0.004934677361,fitted
10,female,56,0.005375786717,fitted
10,female,57,0.00586234402,fitted
10,female,58,0.006399005902,fitted
10,female,59,0.00699090048,fitted
10,female,60,0.007643673857,fitted
10,female,61,0.008363540953,fitted
10,female,62,0.009157340983,fitted
10,female,63,0.01003259795,fitted
10,female,64,0.01099758651,fitted
10,female,65,0.01206140359,fitted
10,female,66,0.01323404607,fitted
10,female,67,0.01452649498,fitted
10,female,68,0.01595080648,fitted
10,female,69,0.01752020985,fitted
10,female,70,0.01924921298,fitted
10,female,71,0.02115371521,fitted
10,female,72,0.02325112787,fitted
10,female,73,0.0255605023,fitted
10,female,74,0.02810266517,fitted
10,female,75,0.03090036059,fitted
10,female,76,0.03397839838,fitted
10,female,77,0.03736380721,fitted
10,female,78,0.04108599125,fitted
10,female,79,0.0451768881,fitted
10,female,80,0.0496711253,fitted
10,female,81,0.05460617189,fitted
10,female,82,0.06002248039,fitted
10,female,83,0.06596361371,fitted
10,female,84,0.07247634977,fitted
10,female,85,0.07961075543,fitted
10,female,86,0.08742021926,fitted
10,female,87,0.09596143074,fitted
10,female,88,0.105294291,fitted
10,female,89,0.1154817382,fitted
10,female,90,0.1265894667,fitted
10,female,91,0.1352833638,raw
10,female,92,0.1479820628,raw
10,female,93,0.1620111732,raw
10,female,94,0.1766784452,raw
10,female,95,0.1950113379,raw
10,female,96,0.2102102102,raw
10,female,97,0.2314049587,raw
10,female,98,0.2528735632,raw
10,female,99,0.2809917355,raw
10,female,100,0.3,raw
10,female,101,0.3396226415,raw
10,female,102,0.3529411765,raw
10,female,103,0.3636363636,raw
10,female,104,0.4615384615,raw
10,female,105,0.5,raw
10,female,106,1,raw
10,female,107,1,raw
10,female,108,1,raw
10,female,109,1,raw
10,male,0,0.01263174515,raw
10,male,1,0.001482197519,raw
10,male,2,0.00056237698,raw
10,male,3,0.0003027642375,raw
10,male,4,0.0002355712603,raw
10,male,5,0.0002332497522,raw
10,male,6,0.000172567517,raw
10,male,7,0.0001686293246,raw
10,male,8,0.0002192141174,raw
10,male,9,0.0002168609379,raw
10,male,10,0.0002174503941,raw
10,male,11,0.0002717317464,raw
10,male,12,0.0003798670465,raw
10,male,13,0.0004346644933,raw
10,male,14,0.000601405101,raw
10,male,15,0.0007756662419,raw
10,male,16,0.001014370245,raw
10,male,17,0.001261034048,raw
10,male,18,0.001568718589,raw
10,male,19,0.001876282615,raw
10,male,20,0.002181925402,raw
10,male,21,0.00254144626,raw
10,male,22,0.002847819638,raw
10,male,23,0.003176791441,raw
10,male,24,0.003476987831,raw
10,male,25,0.003727171077,raw
10,male,26,0.003963884607,raw
10,male,27,0.004121358146,raw
10,male,28,0.004340887328,raw
10,male,29,0.004447452383,raw
10,male,30,0.004386617081,fitted
10,male,31,0.004430168335,fitted
10,male,32,0.004478082082,fitted
10,male,33,0.004530795064,fitted
10,male,34,0.004588787698,fitted
10,male,35,0.004652588433,fitted
10,male,36,0.004722778531,fitted
10,male,37,0.00479999734,fitted
10,male,38,0.00488494807,fitted
10,male,39,0.004978404157,fitted
10,male,40,0.005081216242,fitted
10,male,41,0.005194319847,fitted
10,male,42,0.005318743803,fitted
10,male,43,0.005455619507,fitted
10,male,44,0.005606191088,fitted
10,male,45,0.005771826566,fitted
10,male,46,0.005954030102,fitted
10,male,47,0.006154455438,fitted
10,male,48,0.006374920647,fitted
10,male,49,0.006617424305,fitted
10,male,50,0.006884163219,fitted
10,male,51,0.007177551871,fitted
10,male,52,0.007500243699,fitted
10,male,53,0.007855154422,fitted
10,male,54,0.008245487553,fitted
10,male,55,0.008674762321,fitted
10,male,56,0.009146844194,fitted
10,male,57,0.009665978226,fitted
10,male,58,0.01023682546,fitted
10,male,59,0.01086450267,fitted
10,male,60,0.01155462559,fitted
10,male,61,0.01231335612,fitted
10,male,62,0.01314745351,fitted
10,male,63,0.01406433007,fitted
10,male,64,0.01507211153,fitted
10,male,65,0.01617970241,fitted
10,male,66,0.01739685672,fitted
10,male,67,0.01873425415,fitted
10,male,68,0.02020358211,fitted
10,male,69,0.02181762383,fitted
10,male,70,0.02359035255,fitted
10,male,71,0.02553703203,fitted
10,male,72,0.02767432334,fitted
10,male,73,0.0300203977,fitted
10,male,74,0.03259505528,fitted
10,male,75,0.03541984919,fitted
10,male,76,0.03851821425,fitted
10,male,77,0.04191559918,fitted
10,male,78,0.04563960099,fitted
10,male,79,0.0497200996,fitted
10,male,80,0.05418939022,fitted
10,male,81,0.05908231041,fitted
10,male,82,0.06443635787,fitted
10,male,83,0.07029179419,fitted
10,male,84,0.07669172846,fitted
10,male,85,0.08368217368,fitted
10,male,86,0.09131206724,fitted
10,male,87,0.09963324519,fitted
10,male,88,0.1087003581,fitted
10,male,89,0.1185707144,fitted
10,male,90,0.1293040352,fitted
10,male,91,0.1311806256,raw
10,male,92,0.141809291,raw
10,male,93,0.154311649,raw
10,male,94,0.1650671785,raw
10,male,95,0.1782178218,raw
10,male,96,0.1960784314,raw
10,male,97,0.2142857143,raw
10,male,98,0.225,raw
10,male,99,0.25,raw
10,male,100,0.2702702703,raw
10,male,101,0.2978723404,raw
10,male,102,0.2857142857,raw
10,male,103,0.3529411765,raw
10,male,104,0.4,raw
10,male,105,0.6666666667,raw
10,male,106,0,raw
10,male,107,0.4,raw
10,male,108,0,raw
10,male,109,1,raw
10,total,0,0.0114723523,raw
10,total,1,0.001378812252,raw
10,total,2,0.000540669476,raw
10,total,3,0.0003079196945,raw
10,total,4,0.0002400312041,raw
10,total,5,0.0002382299515,raw
10,total,6,0.000176532894,raw
10,total,7,0.0001727911531,raw
10,total,8,0.0001968808449,raw
10,total,9,0.0001947988702,raw
10,total,10,0.0002229902999,raw
10,total,11,0.0002505602806,raw
10,total,12,0.0003333518529,raw
10,total,13,0.0003613369467,raw
10,total,14,0.0004751324082,raw
10,total,15,0.0005941518482,raw
10,total,16,0.0007467830882,raw
10,total,17,0.0009037505648,raw
10,total,18,0.001062009558,raw
10,total,19,0.001248884924,raw
10,total,20,0.001434548715,raw
10,total,21,0.001647125766,raw
10,total,22,0.001833676521,raw
10,total,23,0.002004008016,raw
10,total,24,0.00219274541,raw
10,total,25,0.002325581395,raw
10,total,26,0.002449148364,raw
10,total,27,0.002561721477,raw
10,total,28,0.002672806608,raw
10,total,29,0.002760143527,raw
10,total,30,0.002699112996,fitted
10,total,31,0.002737860848,fitted
10,total,32,0.002780601924,fitted
10,total,33,0.002827747554,fitted
10,total,34,0.002879751395,fitted
10,total,35,0.002937113776,fitted
10,total,36,0.00300038649,fitted
10,total,37,0.003070178072,fitted
10,total,38,0.003147159621,fitted
10,total,39,0.003232071205,fitted
10,total,40,0.003325728931,fitted
10,total,41,0.003429032723,fitted
10,total,42,0.003542974894,fitted
10,total,43,0.003668649589,fitted
10,total,44,0.003807263177,fitted
10,total,45,0.003960145697,fitted
10,total,46,0.004128763454,fitted
10,total,47,0.004314732882,fitted
10,total,48,0.004519835797,fitted
10,total,49,0.00474603617,fitted
10,total,50,0.004995498573,fitted
10,total,51,0.005270608451,fitted
10,total,52,0.005573994401,fitted
10,total,53,0.005908552637,fitted
10,total,54,0.006277473845,fitted
10,total,55,0.006684272657,fitted
10,total,56,0.007132819964,fitted
10,total,57,0.007627378328,fitted
10,total,58,0.008172640769,fitted
10,total,59,0.008773773196,fitted
10,total,60,0.009436460806,fitted
10,total,61,0.01016695875,fitted
10,total,62,0.01097214743,fitted
10,total,63,0.01185959271,fitted
10,total,64,0.01283761149,fitted
10,total,65,0.01391534289,fitted
10,total,66,0.01510282548,fitted
10,total,67,0.01641108088,fitted
10,total,68,0.017852204,fitted
10,total,69,0.01943946028,fitted
10,total,70,0.02118739007,fitted
10,total,71,0.02311192042,fitted
10,total,72,0.02523048416,fitted
10,total,73,0.02756214642,fitted
10,total,74,0.03012773806,fitted
10,total,75,0.03294999574,fitted
10,total,76,0.03605370771,fitted
10,total,77,0.03946586431,fitted
10,total,78,0.04321581146,fitted
10,total,79,0.04733540515,fitted
10,total,80,0.05185916408,fitted
10,total,81,0.05682441695,fitted
10,total,82,0.06227143973,fitted
10,total,83,0.06824357742,fitted
10,total,84,0.07478734325,fitted
10,total,85,0.08195248674,fitted
10,total,86,0.08979202046,fitted
10,total,87,0.09836219299,fitted
10,total,88,0.1077223937,fitted
10,total,89,0.1179349719,fitted
10,total,90,0.1290649516,fitted
10,total,91,0.1333333333,raw
10,total,92,0.1450292398,raw
10,total,93,0.1583151779,raw
10,total,94,0.1711131555,raw
10,total,95,0.1869822485,raw
10,total,96,0.2034428795,raw
10,total,97,0.2231759657,raw
10,total,98,0.2395209581,raw
10,total,99,0.2660944206,raw
10,total,100,0.2857142857,raw
10,total,101,0.32,raw
10,total,102,0.3225806452,raw
10,total,103,0.358974359,raw
10,total,104,0.4347826087,raw
10,total,105,0.5454545455,raw
10,total,106,0.2857142857,raw
10,total,107,0.4,raw
10,total,108,0,raw
10,total,109,1,raw
11,female,0,0.01086927806,raw
11,female,1,0.001364677291,raw
11,female,2,0.0005528629084,raw
11,female,3,0.0003657176294,raw
11,female,4,0.0002738850596,raw
11,female,5,0.0002391882319,raw
11,female,6,0.0002030812971,raw
11,female,7,0.0001835401219,raw
11,female,8,0.0001826183824,raw
11,female,9,0.0002005780294,raw
11,female,10,0.0002181461215,raw
11,female,11,0.0002347015229,raw
11,female,12,0.0002686559145,raw
11,female,13,0.0003203987184,raw
11,female,14,0.0003727799622,raw
11,female,15,0.0004265074372,raw
11,female,16,0.0004631361442,raw
11,female,17,0.0005173444176,raw
11,female,18,0.0005704099822,raw
11,female,19,0.0006216309821,raw
11,female,20,0.0006700640087,raw
11,female,21,0.000716338636,raw
11,female,22,0.0007637165223,raw
11,female,23,0.0008164187012,raw
11,female,24,0.0008586925092,raw
11,female,25,0.0009031424043,raw
11,female,26,0.0009263878002,raw
11,female,27,0.0009633567631,raw
11,female,28,0.0009997857602,raw
11,female,29,0.001039091333,raw
11,female,30,0.001045329184,fitted
11,female,31,0.001084959049,fitted
11,female,32,0.00112867987,fitted
11,female,33,0.001176913746,fitted
11,female,34,0.001230126281,fitted
11,female,35,0.00128883106,fitted
11,female,36,0.001353594581,fitted
11,female,37,0.001425041692,fitted
11,female,38,0.001503861585,fitted
11,female,39,0.001590814396,fitted
11,female,40,0.001686738487,fitted
11,female,41,0.001792558461,fitted
11,female,42,0.001909293996,fitted
11,female,43,0.002038069572,fitted
11,female,44,0.00218012519,fitted
11,female,45,0.002336828164,fitted
11,female,46,0.002509686109,fitted
11,female,47,0.002700361237,fitted
11,female,48,0.002910686081,fitted
11,female,49,0.003142680793,fitted
11,female,50,0.003398572168,fitted
11,female,51,0.003680814554,fitted
11,female,52,0.003992112828,fitted
11,female,53,0.004335447631,fitted
11,female,54,0.004714103076,fitted
11,female,55,0.005131697145,fitted
11,female,56,0.005592215024,fitted
11,female,57,0.006100045634,fitted
11,female,58,0.006660021637,fitted
11,female,59,0.007277463204,fitted
11,female,60,0.007958225866,fitted
11,female,61,0.008708752772,fitted
11,female,62,0.009536131682,fitted
11,female,63,0.01044815708,fitted
11,female,64,0.0114533977,fitted
11,female,65,0.01256126993,fitted
11,female,66,0.01378211733,fitted
11,female,67,0.01512729672,fitted
11,female,68,0.01660927101,fitted
11,female,69,0.01824170924,fitted
11,female,70,0.02003959386,fitted
11,female,71,0.0220193355,fitted
11,female,72,0.02419889516,fitted
11,female,73,0.02659791381,fitted
11,female,74,0.02923784893,fitted
11,female,75,0.03214211755,fitted
11,female,76,0.03533624486,fitted
11,female,77,0.0388480171,fitted
11,female,78,0.04270763713,fitted
11,female,79,0.04694788015,fitted
11,female,80,0.0516042468,fitted
11,female,81,0.05671510953,fitted
11,female,82,0.06232184765,fitted
11,female,83,0.06846896461,fitted
11,female,84,0.07520418044,fitted
11,female,85,0.08257848992,fitted
11,female,86,0.09064617564,fitted
11,female,87,0.09946476288,fitted
11,female,88,0.1090949007,fitted
11,female,89,0.1196001514,fitted
11,female,90,0.1310466674,fitted
11,female,91,0.1404853129,raw
11,female,92,0.152901443,raw
11,female,93,0.1660489251,raw
11,female,94,0.1813261164,raw
11,female,95,0.1975582686,raw
11,female,96,0.2184637068,raw
11,female,97,0.2392523364,raw
11,female,98,0.2582278481,raw
11,female,99,0.2797202797,raw
11,female,100,0.31,raw
11,female,101,0.3370786517,raw
11,female,102,0.3516483516,raw
11,female,103,0.380952381,raw
11,female,104,0.4096385542,raw
11,female,105,0.4444444444,raw
11,female,106,0.5,raw
11,female,107,0.5882352941,raw
11,female,108,0.6666666667,raw
11,female,109,1,raw
11,male,0,0.01334458108,raw
11,male,1,0.001589136088,raw
11,male,2,0.0005877481232,raw
11,male,3,0.0003366496275,raw
11,male,4,0.0002656724613,raw
11,male,5,0.0002140181915,raw
11,male,6,0.000196725416,raw
11,male,7,0.0001954565242,raw
11,male,8,0.0002120553464,raw
11,male,9,0.0002116476772,raw
11,male,10,0.0002461019214,raw
11,male,11,0.0002967333153,raw
11,male,12,0.0003808468649,raw
11,male,13,0.0004819360058,raw
11,male,14,0.0006358972596,raw
11,male,15,0.0008276432857,raw
11,male,16,0.001059331232,raw
11,male,17,0.001329647643,raw
11,male,18,0.001617610859,raw
11,male,19,0.00193723363,raw
11,male,20,0.0022463234,raw
11,male,21,0.002580825167,raw
11,male,22,0.002900085961,raw
11,male,23,0.003226003331,raw
11,male,24,0.003533381623,raw
11,male,25,0.003800509125,raw
11,male,26,0.004019700152,raw
11,male,27,0.004225095611,raw
11,male,28,0.004413878994,raw
11,male,29,0.004582748171,raw
11,male,30,0.00453669909,fitted
11,male,31,0.004586895184,fitted
11,male,32,0.004641957199,fitted
11,male,33,0.00470235652,fitted
11,male,34,0.004768610133,fitted
11,male,35,0.004841285024,fitted
11,male,36,0.004921003002,fitted
11,male,37,0.005008445979,fitted
11,male,38,0.005104361759,fitted
11,male,39,0.005209570374,fitted
11,male,40,0.005324971032,fitted
11,male,41,0.005451549723,fitted
11,male,42,0.005590387544,fitted
11,male,43,0.005742669819,fitted
11,male,44,0.00590969608,fitted
11,male,45,0.006092890987,fitted
11,male,46,0.006293816281,fitted
11,male,47,0.006514183854,fitted
11,male,48,0.006755870045,fitted
11,male,49,0.007020931262,fitted
11,male,50,0.007311621063,fitted
11,male,51,0.007630408802,fitted
11,male,52,0.007980000005,fitted
11,male,53,0.008363358591,fitted
11,male,54,0.008783731124,fitted
11,male,55,0.009244673247,fitted
11,male,56,0.00975007848,fitted
11,male,57,0.01030420959,fitted
11,male,58,0.01091173267,fitted
11,male,59,0.01157775428,fitted
11,male,60,0.01230786166,fitted
11,male,61,0.01310816642,fitted
11,male,62,0.01398535189,fitted
11,male,63,0.01494672429,fitted
11,male,64,0.01600026811,fitted
11,male,65,0.01715470572,fitted
11,male,66,0.01841956167,fitted
11,male,67,0.0198052317,fitted
11,male,68,0.0213230567,fitted
11,male,69,0.0229854018,fitted
11,male,70,0.0248057406,fitted
11,male,71,0.02679874466,fitted
11,male,72,0.02898037806,fitted
11,male,73,0.03136799695,fitted
11,male,74,0.03398045379,fitted
11,male,75,0.03683820559,fitted
11,male,76,0.03996342571,fitted
11,male,77,0.043380118,fitted
11,male,78,0.04711423211,fitted
11,male,79,0.05119377817,fitted
11,male,80,0.05564893878,fitted
11,male,81,0.06051217542,fitted
11,male,82,0.06581832606,fitted
11,male,83,0.07160468972,fitted
11,male,84,0.0779110929,fitted
11,male,85,0.08477993197,fitted
11,male,86,0.09225618408,fitted
11,male,87,0.1003873782,fitted
11,male,88,0.1092235161,fitted
11,male,89,0.1188169324,fitted
11,male,90,0.1292220787,fitted
11,male,91,0.1303948577,raw
11,male,92,0.1407837446,raw
11,male,93,0.1515679443,raw
11,male,94,0.1621052632,raw
11,male,95,0.175032175,raw
11,male,96,0.1921824104,raw
11,male,97,0.2073434125,raw
11,male,98,0.2241887906,raw
11,male,99,0.2413087935,raw
11,male,100,0.2608695652,raw
11,male,101,0.2784810127,raw
11,male,102,0.2962962963,raw
11,male,103,0.3050847458,raw
11,male,104,0.3255813953,raw
11,male,105,0.3448275862,raw
11,male,106,0.4242424242,raw
11,male,107,0.4615384615,raw
11,male,108,0.4,raw
11,male,109,1,raw
11,total,0,0.01212996657,raw
11,total,1,0.001478848335,raw
11,total,2,0.0005706030731,raw
11,total,3,0.0003509545514,raw
11,total,4,0.0002697162585,raw
11,total,5,0.0002264072342,raw
11,total,6,0.0001998528356,raw
11,total,7,0.0001895948539,raw
11,total,8,0.0001975787621,raw
11,total,9,0.0002062049767,raw
11,total,10,0.0002323586187,raw
11,total,11,0.0002662406816,raw
11,total,12,0.0003257056589,raw
11,total,13,0.0004025236483,raw
11,total,14,0.0005064661759,raw
11,total,15,0.0006301031794,raw
11,total,16,0.0007650201148,raw
11,total,17,0.0009274512315,raw
11,total,18,0.001097597677,raw
11,total,19,0.001282215669,raw
11,total,20,0.0014600723,raw
11,total,21,0.001649480937,raw
11,total,22,0.001831636971,raw
11,total,23,0.002018883523,raw
11,total,24,0.002190619048,raw
11,total,25,0.002342953101,raw
11,total,26,0.002460488506,raw
11,total,27,0.002577412494,raw
11,total,28,0.002685049158,raw
11,total,29,0.002783488275,raw
11,total,30,0.002730178866,fitted
11,total,31,0.002772843766,fitted
11,total,32,0.002819831001,fitted
11,total,33,0.002871578225,fitted
11,total,34,0.002928567359,fitted
11,total,35,0.002991329053,fitted
11,total,36,0.003060447601,fitted
11,total,37,0.00313656635,fitted
11,total,38,0.00322039365,fitted
11,total,39,0.003312709396,fitted
11,total,40,0.003414372225,fitted
11,total,41,0.003526327439,fitted
11,total,42,0.003649615702,fitted
11,total,43,0.003785382618,fitted
11,total,44,0.003934889245,fitted
11,total,45,0.004099523663,fitted
11,total,46,0.004280813677,fitted
11,total,47,0.004480440772,fitted
11,total,48,0.004700255441,fitted
11,total,49,0.004942294012,fitted
11,total,50,0.00520879712,fitted
11,total,51,0.005502229966,fitted
11,total,52,0.005825304545,fitted
11,total,53,0.006181004001,fitted
11,total,54,0.006572609327,fitted
11,total,55,0.00700372859,fitted
11,total,56,0.007478328922,fitted
11,total,57,0.008000771509,fitted
11,total,58,0.00857584983,fitted
11,total,59,0.009208831405,fitted
11,total,60,0.009905503349,fitted
11,total,61,0.01067222202,fitted
11,total,62,0.01151596703,fitted
11,total,63,0.01244440004,fitted
11,total,64,0.0134659285,fitted
11,total,65,0.01458977475,fitted
11,total,66,0.01582605084,fitted
11,total,67,0.01718583921,fitted
11,total,68,0.01868127962,fitted
11,total,69,0.02032566255,fitted
11,total,70,0.02213352916,fitted
11,total,71,0.02412077794,fitted
11,total,72,0.02630477814,fitted
11,total,73,0.02870448958,fitted
11,total,74,0.0313405888,fitted
11,total,75,0.03423560076,fitted
11,total,76,0.03741403538,fitted
11,total,77,0.04090252775,fitted
11,total,78,0.04472998029,fitted
11,total,79,0.0489277049,fitted
11,total,80,0.05352956218,fitted
11,total,81,0.05857209438,fitted
11,total,82,0.06409464752,fitted
11,total,83,0.07013947741,fitted
11,total,84,0.07675183273,fitted
11,total,85,0.08398000716,fitted
11,total,86,0.09187535091,fitted
11,total,87,0.1004922298,fitted
11,total,88,0.1098879188,fitted
11,total,89,0.1201224133,fitted
11,total,90,0.1312581414,fitted
11,total,91,0.1358952938,raw
11,total,92,0.1473474139,raw
11,total,93,0.1593912695,raw
11,total,94,0.1724556716,raw
11,total,95,0.1871275328,raw
11,total,96,0.2062712505,raw
11,total,97,0.2244488978,raw
11,total,98,0.242506812,raw
11,total,99,0.2620169651,raw
11,total,100,0.2872483221,raw
11,total,101,0.3095238095,raw
11,total,102,0.3255813953,raw
11,total,103,0.3442622951,raw
11,total,104,0.3668639053,raw
11,total,105,0.3928571429,raw
11,total,106,0.4615384615,raw
11,total,107,0.5333333333,raw
11,total,108,0.5454545455,raw
11,total,109,1,raw
12,female,0,0.01185579048,raw
12,female,1,0.001544034681,raw
12,female,2,0.0006716995459,raw
12,female,3,0.0004049168474,raw
12,female,4,0.0003191875227,raw
12,female,5,0.0002650371788,raw
12,female,6,0.0002381235861,raw
12,female,7,0.0002086966892,raw
12,female,8,0.0002094460153,raw
12,female,9,0.0002089832963,raw
12,female,10,0.0002364695102,raw
12,female,11,0.0002632310145,raw
12,female,12,0.0002894104709,raw
12,female,13,0.000344402032,raw
12,female,14,0.0004006639574,raw
12,female,15,0.0004622273581,raw
12,female,16,0.0004979131581,raw
12,female,17,0.0005654172928,raw
12,female,18,0.0006033910577,raw
12,female,19,0.0006707930603,raw
12,female,20,0.0007082916314,raw
12,female,21,0.0007455036809,raw
12,female,22,0.0008170448118,raw
12,female,23,0.0008640691255,raw
12,female,24,0.0009188461917,raw
12,female,25,0.0009390931044,raw
12,female,26,0.0009878898333,raw
12,female,27,0.001030856986,raw
12,female,28,0.001073277131,raw
12,female,29,0.001118998496,raw
12,female,30,0.001122045496,fitted
12,female,31,0.001167388605,fitted
12,female,32,0.00121740077,fitted
12,female,33,0.001272562502,fitted
12,female,34,0.001333403702,fitted
12,female,35,0.001400508729,fitted
12,female,36,0.001474521977,fitted
12,female,37,0.001556154031,fitted
12,female,38,0.001646188433,fitted
12,female,39,0.001745489155,fitted
12,female,40,0.001855008813,fitted
12,female,41,0.001975797728,fitted
12,female,42,0.002109013889,fitted
12,female,43,0.002255933935,fitted
12,female,44,0.002417965234,fitted
12,female,45,0.002596659184,fitted
12,female,46,0.002793725838,fitted
12,female,47,0.003011049996,fitted
12,female,48,0.003250708902,fitted
12,female,49,0.003514991695,fitted
12,female,50,0.003806420778,fitted
12,female,51,0.0041277753,fitted
12,female,52,0.004482116932,fitted
12,female,53,0.004872818151,fitted
12,female,54,0.00530359327,fitted
12,female,55,0.005778532436,fitted
12,female,56,0.006302138888,fitted
12,female,57,0.006879369728,fitted
12,female,58,0.007515680503,fitted
12,female,59,0.00821707393,fitted
12,female,60,0.008990153066,fitted
12,female,61,0.009842179273,fitted
12,female,62,0.01078113533,fitted
12,female,63,0.01181579403,fitted
12,female,64,0.01295579265,fitted
12,female,65,0.01421171361,fitted
12,female,66,0.0155951716,fitted
12,female,67,0.01711890768,fitted
12,female,68,0.01879689027,fitted
12,female,69,0.02064442357,fitted
12,female,70,0.02267826322,fitted
12,female,71,0.0249167394,fitted
12,female,72,0.02737988703,fitted
12,female,73,0.03008958278,fitted
12,female,74,0.0330696882,fitted
12,female,75,0.036346198,fitted
12,female,76,0.03994739224,fitted
12,female,77,0.04390399031,fitted
12,female,78,0.04824930455,fitted
12,female,79,0.05301939003,fitted
12,female,80,0.05825318662,fitted
12,female,81,0.06399264813,fitted
12,female,82,0.07028285221,fitted
12,female,83,0.07717208321,fitted
12,female,84,0.08471187855,fitted
12,female,85,0.09295702723,fitted
12,female,86,0.101965507,fitted
12,female,87,0.1117983445,fitted
12,female,88,0.1225193789,fitted
12,female,89,0.1341949102,fitted
12,female,90,0.1468932045,fitted
12,female,91,0.1579905351,raw
12,female,92,0.1727312582,raw
12,female,93,0.1878690284,raw
12,female,94,0.2053333333,raw
12,female,95,0.2237174096,raw
12,female,96,0.2453854506,raw
12,female,97,0.265129683,raw
12,female,98,0.2879377432,raw
12,female,99,0.3101604278,raw
12,female,100,0.3370786517,raw
12,female,101,0.3617021277,raw
12,female,102,0.3816793893,raw
12,female,103,0.4086021505,raw
12,female,104,0.4242424242,raw
12,female,105,0.4489795918,raw
12,female,106,0.4705882353,raw
12,female,107,0.5,raw
12,female,108,0.5882352941,raw
12,female,109,1,raw
12,male,0,0.01463040936,raw
12,male,1,0.001859400701,raw
12,male,2,0.0007032843379,raw
12,male,3,0.0003911270045,raw
12,male,4,0.0002805757414,raw
12,male,5,0.000256071017,raw
12,male,6,0.0002300437083,raw
12,male,7,0.0002303815695,raw
12,male,8,0.0002312406059,raw
12,male,9,0.0002308269375,raw
12,male,10,0.0002858367872,raw
12,male,11,0.0003396546844,raw
12,male,12,0.0004205862973,raw
12,male,13,0.0005569324163,raw
12,male,14,0.0007236091397,raw
12,male,15,0.0009609949124,raw
12,male,16,0.001185159491,raw
12,male,17,0.001453768673,raw
12,male,18,0.001761365362,raw
12,male,19,0.002105197981,raw
12,male,20,0.002463131967,raw
12,male,21,0.002798822564,raw
12,male,22,0.003156129796,raw
12,male,23,0.003517910902,raw
12,male,24,0.003855860909,raw
12,male,25,0.004125352826,raw
12,male,26,0.004378803622,raw
12,male,27,0.004607076772,raw
12,male,28,0.004832585433,raw
12,male,29,0.005032477032,raw
12,male,30,0.005159369195,fitted
12,male,31,0.005218512818,fitted
12,male,32,0.00528328502,fitted
12,male,33,0.00535422104,fitted
12,male,34,0.005431906932,fitted
12,male,35,0.00551698437,fitted
12,male,36,0.005610155909,fitted
12,male,37,0.005712190734,fitted
12,male,38,0.005823930953,fitted
12,male,39,0.005946298476,fitted
12,male,40,0.006080302534,fitted
12,male,41,0.0062270479,fitted
12,male,42,0.006387743877,fitted
12,male,43,0.00656371411,fitted
12,male,44,0.006756407319,fitted
12,male,45,0.00696740901,fitted
12,male,46,0.007198454266,fitted
12,male,47,0.007451441713,fitted
12,male,48,0.00772844875,fitted
12,male,49,0.008031748179,fitted
12,male,50,0.008363826318,fitted
12,male,51,0.00872740276,fitted
12,male,52,0.009125451888,fitted
12,male,53,0.009561226301,fitted
12,male,54,0.01003828232,fitted
12,male,55,0.01056050768,fitted
12,male,56,0.01113215172,fitted
12,male,57,0.01175785802,fitted
12,male,58,0.01244269994,fitted
12,male,59,0.01319221906,fitted
12,male,60,0.01401246685,fitted
12,male,61,0.01491004963,fitted
12,male,62,0.01589217727,fitted
12,male,63,0.01696671553,fitted
12,male,64,0.01814224256,fitted
12,male,65,0.01942810947,fitted
12,male,66,0.0208345053,fitted
12,male,67,0.02237252656,fitted
12,male,68,0.02405425134,fitted
12,male,69,0.02589281804,fitted
12,male,70,0.02790250891,fitted
12,male,71,0.03009883807,fitted
12,male,72,0.03249864393,fitted
12,male,73,0.03512018573,fitted
12,male,74,0.03798324358,fitted
12,male,75,0.04110922146,fitted
12,male,76,0.04452125209,fitted
12,male,77,0.04824430254,fitted
12,male,78,0.05230527904,fitted
12,male,79,0.05673312878,fitted
12,male,80,0.06155893644,fitted
12,male,81,0.06681601219,fitted
12,male,82,0.0725399675,fitted
12,male,83,0.07876877401,fitted
12,male,84,0.08554280032,fitted
12,male,85,0.09290481983,fitted
12,male,86,0.1008999823,fitted
12,male,87,0.1095757402,fitted
12,male,88,0.1189817192,fitted
12,male,89,0.1291695217,fitted
12,male,90,0.1401924493,fitted
12,male,91,0.1421800948,raw
12,male,92,0.1538461538,raw
12,male,93,0.1657458564,raw
12,male,94,0.1790820166,raw
12,male,95,0.191011236,raw
12,male,96,0.2075471698,raw
12,male,97,0.2208774584,raw
12,male,98,0.2352941176,raw
12,male,99,0.2532299742,raw
12,male,100,0.2698961938,raw
12,male,101,0.2857142857,raw
12,male,102,0.3067484663,raw
12,male,103,0.3225806452,raw
12,male,104,0.3404255319,raw
12,male,105,0.3561643836,raw
12,male,106,0.3728813559,raw
12,male,107,0.4,raw
12,male,108,0.5185185185,raw
12,male,109,1,raw
12,total,0,0.01326999748,raw
12,total,1,0.001704657211,raw
12,total,2,0.0006877874737,raw
12,total,3,0.0003979024855,raw
12,total,4,0.0002995570835,raw
12,total,5,0.0002604769623,raw
12,total,6,0.0002340139238,raw
12,total,7,0.0002197270989,raw
12,total,8,0.0002205314809,raw
12,total,9,0.0002200914113,raw
12,total,10,0.0002615670774,raw
12,total,11,0.0003020691738,raw
12,total,12,0.0003560366006,raw
12,total,13,0.0004522712497,raw
12,total,14,0.0005643898241,raw
12,total,15,0.0007143367383,raw
12,total,16,0.0008437959178,raw
12,total,17,0.001010266086,raw
12,total,18,0.001180476731,raw
12,total,19,0.001382530953,raw
12,total,20,0.001574692662,raw
12,total,21,0.001754178025,raw
12,total,22,0.001960185736,raw
12,total,23,0.002154233233,raw
12,total,24,0.002338943408,raw
12,total,25,0.002471714534,raw
12,total,26,0.002610850125,raw
12,total,27,0.002734649083,raw
12,total,28,0.002856804928,raw
12,total,29,0.002968809065,raw
12,total,30,0.003005248307,fitted
12,total,31,0.003055646275,fitted
12,total,32,0.003111078492,fitted
12,total,33,0.003172047505,fitted
12,total,34,0.00323910596,fitted
12,total,35,0.003312861583,fitted
12,total,36,0.003393982652,fitted
12,total,37,0.003483204008,fitted
12,total,38,0.003581333662,fitted
12,total,39,0.003689260046,fitted
12,total,40,0.003807959988,fitted
12,total,41,0.003938507454,fitted
12,total,42,0.004082083159,fitted
12,total,43,0.004239985108,fitted
12,total,44,0.004413640175,fitted
12,total,45,0.004604616793,fitted
12,total,46,0.00481463889,fitted
12,total,47,0.005045601159,fitted
12,total,48,0.005299585808,fitted
12,total,49,0.005578880911,fitted
12,total,50,0.005886000513,fitted
12,total,51,0.00622370665,fitted
12,total,52,0.006595033448,fitted
12,total,53,0.007003313487,fitted
12,total,54,0.007452206628,fitted
12,total,55,0.007945731512,fitted
12,total,56,0.00848829996,fitted
12,total,57,0.009084754496,fitted
12,total,58,0.009740409266,fitted
12,total,59,0.01046109459,fitted
12,total,60,0.01125320545,fitted
12,total,61,0.01212375415,fitted
12,total,62,0.01308042752,fitted
12,total,63,0.01413164881,fitted
12,total,64,0.01528664475,fitted
12,total,65,0.01655551786,fitted
12,total,66,0.01794932442,fitted
12,total,67,0.01948015826,fitted
12,total,68,0.02116124051,fitted
12,total,69,0.02300701556,fitted
12,total,70,0.02503325321,fitted
12,total,71,0.02725715685,fitted
12,total,72,0.02969747772,fitted
12,total,73,0.03237463465,fitted
12,total,74,0.03531083879,fitted
12,total,75,0.03853022255,fitted
12,total,76,0.04205897141,fitted
12,total,77,0.04592545709,fitted
12,total,78,0.05016037012,fitted
12,total,79,0.05479684879,fitted
12,total,80,0.05987060157,fitted
12,total,81,0.06542001831,fitted
12,total,82,0.07148626534,fitted
12,total,83,0.07811335807,fitted
12,total,84,0.08534820326,fitted
12,total,85,0.09324060203,fitted
12,total,86,0.1018432026,fitted
12,total,87,0.1112113903,fitted
12,total,88,0.1214030996,fitted
12,total,89,0.1324785316,fitted
12,total,90,0.1444997584,fitted
12,total,91,0.1507498027,raw
12,total,92,0.16399623,raw
12,total,93,0.1775486827,raw
12,total,94,0.1930010604,raw
12,total,95,0.2082410279,raw
12,total,96,0.2272470322,raw
12,total,97,0.2435424354,raw
12,total,98,0.26171875,raw
12,total,99,0.2812089356,raw
12,total,100,0.3021582734,raw
12,total,101,0.3209876543,raw
12,total,102,0.3401360544,raw
12,total,103,0.3594470046,raw
12,total,104,0.375,raw
12,total,105,0.393442623,raw
12,total,106,0.4086021505,raw
12,total,107,0.4347826087,raw
12,total,108,0.5454545455,raw
12,total,109,1,raw
13,female,0,0.01105917798,raw
13,female,1,0.001430935027,raw
13,female,2,0.0006098092168,raw
13,female,3,0.0003832804548,raw
13,female,4,0.0002912116485,raw
13,female,5,0.0002456600066,raw
13,female,6,0.0002003967856,raw
13,female,7,0.0001942615149,raw
13,female,8,0.0001879734581,raw
13,female,9,0.0002199171645,raw
13,female,10,0.0002162395935,raw
13,female,11,0.0002478183138,raw
13,female,12,0.000278183462,raw
13,female,13,0.0003427004798,raw
13,female,14,0.0003739397957,raw
13,female,15,0.0004431188752,raw
13,female,16,0.0004805217093,raw
13,female,17,0.000554246917,raw
13,female,18,0.0005937101647,raw
13,female,19,0.0006326222191,raw
13,female,20,0.0007069635914,raw
13,female,21,0.0007459373057,raw
13,female,22,0.0007872888634,raw
13,female,23,0.0008341644755,raw
13,female,24,0.0008876396183,raw
13,female,25,0.0009015777611,raw
13,female,26,0.0009472029098,raw
13,female,27,0.0009859315157,raw
13,female,28,0.001021895048,raw
13,female,29,0.001058401058,raw
13,female,30,0.001089042119,fitted
13,female,31,0.001131772497,fitted
13,female,32,0.001178916131,fitted
13,female,33,0.001230928588,fitted
13,female,34,0.001288312407,fitted
13,female,35,0.001351621934,fitted
13,female,36,0.001421468648,fitted
13,female,37,0.001498527032,fitted
13,female,38,0.001583541045,fitted
13,female,39,0.001677331251,fitted
13,female,40,0.00178080268,fitted
13,female,41,0.001894953483,fitted
13,female,42,0.002020884469,fitted
13,female,43,0.002159809607,fitted
13,female,44,0.002313067594,fitted
13,female,45,0.002482134586,fitted
13,female,46,0.002668638214,fitted
13,female,47,0.002874373009,fitted
13,female,48,0.003101317364,fitted
13,female,49,0.003351652198,fitted
13,female,50,0.003627781468,fitted
13,female,51,0.003932354712,fitted
13,female,52,0.004268291819,fitted
13,female,53,0.004638810216,fitted
13,female,54,0.005047454714,fitted
13,female,55,0.005498130237,fitted
13,female,56,0.005995137696,fitted
13,female,57,0.006543213287,fitted
13,female,58,0.007147571491,fitted
13,female,59,0.007813952107,fitted
13,female,60,0.008548671611,fitted
13,female,61,0.009358679217,fitted
13,female,62,0.01025161796,fitted
13,female,63,0.01123589115,fitted
13,female,64,0.01232073466,fitted
13,female,65,0.01351629521,fitted
13,female,66,0.01483371519,fitted
13,female,67,0.01628522427,fitted
13,female,68,0.01788423802,fitted
13,female,69,0.0196454639,fitted
13,female,70,0.02158501462,fitted
13,female,71,0.02372052909,fitted
13,female,72,0.02607130069,fitted
13,female,73,0.02865841272,fitted
13,female,74,0.03150488044,fitted
13,female,75,0.03463579896,fitted
13,female,76,0.0380784957,fitted
13,female,77,0.04186268597,fitted
13,female,78,0.04602062928,fitted
13,female,79,0.05058728371,fitted
13,female,80,0.05560045444,fitted
13,female,81,0.06110093206,fitted
13,female,82,0.06713261452,fitted
13,female,83,0.07374260581,fitted
13,female,84,0.0809812824,fitted
13,female,85,0.08890231694,fitted
13,female,86,0.0975626465,fitted
13,female,87,0.1070223704,fitted
13,female,88,0.1173445599,fitted
13,female,89,0.1285949601,fitted
13,female,90,0.1408415595,fitted
13,female,91,0.1526932084,raw
13,female,92,0.1661891117,raw
13,female,93,0.1792717087,raw
13,female,94,0.1935483871,raw
13,female,95,0.2120582121,raw
13,female,96,0.2345191041,raw
13,female,97,0.2551724138,raw
13,female,98,0.2790697674,raw
13,female,99,0.3061889251,raw
13,female,100,0.3225806452,raw
13,female,101,0.3529411765,raw
13,female,102,0.3921568627,raw
13,female,103,0.4,raw
13,female,104,0.4347826087,raw
13,female,105,0.4242424242,raw
13,female,106,0.5,raw
13,female,107,0.5,raw
13,female,108,0.6666666667,raw
13,female,109,1,raw
13,male,0,0.01369394043,raw
13,male,1,0.001689591682,raw
13,male,2,0.0006346654255,raw
13,male,3,0.000373033801,raw
13,male,4,0.0002832689234,raw
13,male,5,0.0002387394557,raw
13,male,6,0.0001946547797,raw
13,male,7,0.0002263126132,raw
13,male,8,0.0002189221732,raw
13,male,9,0.0002134471718,raw
13,male,10,0.0002449565202,raw
13,male,11,0.000309453814,raw
13,male,12,0.0004053506283,raw
13,male,13,0.0005327650506,raw
13,male,14,0.0006939281289,raw
13,male,15,0.0008975616243,raw
13,male,16,0.001111092406,raw
13,male,17,0.001402836467,raw
13,male,18,0.001700591737,raw
13,male,19,0.002000947817,raw
13,male,20,0.002344166223,raw
13,male,21,0.002692853168,raw
13,male,22,0.003058883508,raw
13,male,23,0.003384472338,raw
13,male,24,0.003710859045,raw
13,male,25,0.003961172664,raw
13,male,26,0.004193709436,raw
13,male,27,0.00440146177,raw
13,male,28,0.004645098199,raw
13,male,29,0.004816697886,raw
13,male,30,0.004836136091,fitted
13,male,31,0.004891131389,fitted
13,male,32,0.004951411614,fitted
13,male,33,0.005017484266,fitted
13,male,34,0.005089905507,fitted
13,male,35,0.005169284811,fitted
13,male,36,0.005256290053,fitted
13,male,37,0.005351653088,fitted
13,male,38,0.005456175849,fitted
13,male,39,0.005570737033,fitted
13,male,40,0.005696299404,fitted
13,male,41,0.005833917797,fitted
13,male,42,0.005984747867,fitted
13,male,43,0.006150055658,fitted
13,male,44,0.006331228071,fitted
13,male,45,0.00652978431,fitted
13,male,46,0.006747388387,fitted
13,male,47,0.006985862789,fitted
13,male,48,0.007247203413,fitted
13,male,49,0.007533595864,fitted
13,male,50,0.007847433258,fitted
13,male,51,0.008191335639,fitted
13,male,52,0.00856817116,fitted
13,male,53,0.008981079172,fitted
13,male,54,0.009433495377,fitted
13,male,55,0.009929179219,fitted
13,male,56,0.01047224368,fitted
13,male,57,0.0110671877,fitted
13,male,58,0.01171893134,fitted
13,male,59,0.01243285402,fitted
13,male,60,0.01321483592,fitted
13,male,61,0.01407130284,fitted
13,male,62,0.0150092747,fitted
13,male,63,0.01603641797,fitted
13,male,64,0.01716110213,fitted
13,male,65,0.01839246049,fitted
13,male,66,0.01974045553,fitted
13,male,67,0.02121594886,fitted
13,male,68,0.02283077608,fitted
13,male,69,0.0245978265,fitted
13,male,70,0.02653112782,fitted
13,male,71,0.02864593578,fitted
13,male,72,0.03095882848,fitted
13,male,73,0.03348780528,fitted
13,male,74,0.03625238976,fitted
13,male,75,0.03927373608,fitted
13,male,76,0.04257473803,fitted
13,male,77,0.04618013944,fitted
13,male,78,0.05011664461,fitted
13,male,79,0.05441302672,fitted
13,male,80,0.05910023194,fitted
13,male,81,0.0642114761,fitted
13,male,82,0.06978233038,fitted
13,male,83,0.07585079146,fitted
13,male,84,0.08245733074,fitted
13,male,85,0.08964491624,fitted
13,male,86,0.09745899953,fitted
13,male,87,0.1059474588,fitted
13,male,88,0.1151604876,fitted
13,male,89,0.1251504177,fitted
13,male,90,0.1359714616,fitted
13,male,91,0.1376518219,raw
13,male,92,0.1483021483,raw
13,male,93,0.1600673968,raw
13,male,94,0.1727367326,raw
13,male,95,0.185620915,raw
13,male,96,0.2,raw
13,male,97,0.2164502165,raw
13,male,98,0.2285714286,raw
13,male,99,0.2461538462,raw
13,male,100,0.2617801047,raw
13,male,101,0.2814814815,raw
13,male,102,0.2916666667,raw
13,male,103,0.328358209,raw
13,male,104,0.347826087,raw
13,male,105,0.375,raw
13,male,106,0.3636363636,raw
13,male,107,0.4615384615,raw
13,male,108,0.6666666667,raw
13,male,109,1,raw
13,total,0,0.01240043346,raw
13,total,1,0.0015623109,raw
13,total,2,0.0006224177711,raw
13,total,3,0.0003780877164,raw
13,total,4,0.0002871853782,raw
13,total,5,0.0002421502946,raw
13,total,6,0.0001974840532,raw
13,total,7,0.0002105243012,raw
13,total,8,0.0002036791868,raw
13,total,9,0.0002166338707,raw
13,total,10,0.00023080952,raw
13,total,11,0.0002790859934,raw
13,total,12,0.0003426887358,raw
13,total,13,0.0004391001824,raw
13,total,14,0.0005362020141,raw
13,total,15,0.0006731853448,raw
13,total,16,0.0007988374366,raw
13,total,17,0.0009811600065,raw
13,total,18,0.001148885059,raw
13,total,19,0.001317187541,raw
13,total,20,0.001523607051,raw
13,total,21,0.001714163274,raw
13,total,22,0.001913184731,raw
13,total,23,0.002093279471,raw
13,total,24,0.00227539843,raw
13,total,25,0.002398426632,raw
13,total,26,0.002527658416,raw
13,total,27,0.002640044587,raw
13,total,28,0.002766685962,raw
13,total,29,0.002857396222,raw
13,total,30,0.002835973128,fitted
13,total,31,0.002882957021,fitted
13,total,32,0.002934669365,fitted
13,total,33,0.002991585746,fitted
13,total,34,0.003054229525,fitted
13,total,35,0.003123176624,fitted
13,total,36,0.00319906079,fitted
13,total,37,0.00328257938,fitted
13,total,38,0.003374499725,fitted
13,total,39,0.003475666122,fitted
13,total,40,0.003587007526,fitted
13,total,41,0.003709545991,fitted
13,total,42,0.003844405958,fitted
13,total,43,0.003992824448,fitted
13,total,44,0.004156162267,fitted
13,total,45,0.004335916304,fitted
13,total,46,0.004533733035,fitted
13,total,47,0.004751423343,fitted
13,total,48,0.004990978786,fitted
13,total,49,0.005254589433,fitted
13,total,50,0.005544663424,fitted
13,total,51,0.005863848419,fitted
13,total,52,0.00621505508,fitted
13,total,53,0.006601482805,fitted
13,total,54,0.007026647879,fitted
13,total,55,0.007494414278,fitted
13,total,56,0.008009027331,fitted
13,total,57,0.008575150505,fitted
13,total,58,0.009197905535,fitted
13,total,59,0.009882916205,fitted
13,total,60,0.01063635602,fitted
13,total,61,0.0114650001,fitted
13,total,62,0.01237628154,fitted
13,total,63,0.01337835264,fitted
13,total,64,0.01448015117,fitted
13,total,65,0.01569147206,fitted
13,total,66,0.01702304484,fitted
13,total,67,0.01848661692,fitted
13,total,68,0.02009504316,fitted
13,total,69,0.02186238166,fitted
13,total,70,0.02380399612,fitted
13,total,71,0.02593666458,fitted
13,total,72,0.02827869442,fitted
13,total,73,0.03085004358,fitted
13,total,74,0.03367244714,fitted
13,total,75,0.03676954886,fitted
13,total,76,0.04016703637,fitted
13,total,77,0.0438927788,fitted
13,total,78,0.04797696466,fitted
13,total,79,0.05245223768,fitted
13,total,80,0.05735382743,fitted
13,total,81,0.06271967056,fitted
13,total,82,0.06859051783,fitted
13,total,83,0.07501002087,fitted
13,total,84,0.08202479115,fitted
13,total,85,0.08968442239,fitted
13,total,86,0.09804146571,fitted
13,total,87,0.1071513451,fitted
13,total,88,0.1170721988,fitted
13,total,89,0.1278646294,fitted
13,total,90,0.1395913437,fitted
13,total,91,0.1459627329,raw
13,total,92,0.1580928482,raw
13,total,93,0.1705544933,raw
13,total,94,0.1841982235,raw
13,total,95,0.2003474233,raw
13,total,96,0.2192788815,raw
13,total,97,0.2380038388,raw
13,total,98,0.2564102564,raw
13,total,99,0.278659612,raw
13,total,100,0.2941176471,raw
13,total,101,0.3194444444,raw
13,total,102,0.3434343434,raw
13,total,103,0.3636363636,raw
13,total,104,0.3913043478,raw
13,total,105,0.4,raw
13,total,106,0.4347826087,raw
13,total,107,0.4827586207,raw
13,total,108,0.6666666667,raw
13,total,109,1,raw
14,female,0,0.01018948952,raw
14,female,1,0.00127013789,raw
14,female,2,0.0005221250489,raw
14,female,3,0.0003318592051,raw
14,female,4,0.0002584981259,raw
14,female,5,0.0002156582248,raw
14,female,6,0.0001863785923,raw
14,female,7,0.0001841581494,raw
14,female,8,0.0001821838235,raw
14,female,9,0.0001811051594,raw
14,female,10,0.0001938897045,raw
14,female,11,0.0002196354052,raw
14,female,12,0.0002581153504,raw
14,female,13,0.0002968239834,raw
14,female,14,0.0003503334905,raw
14,female,15,0.0004048856198,raw
14,female,16,0.0004602805004,raw
14,female,17,0.0005021204411,raw
14,female,18,0.0005569327945,raw
14,female,19,0.0006105544513,raw
14,female,20,0.0006481931616,raw
14,female,21,0.0007105938822,raw
14,female,22,0.0007603801901,raw
14,female,23,0.0008018710324,raw
14,female,24,0.0008363234144,raw
14,female,25,0.0008736247236,raw
14,female,26,0.0009205383088,raw
14,female,27,0.0009354279583,raw
14,female,28,0.0009760053886,raw
14,female,29,0.001004119642,raw
14,female,30,0.001005885961,fitted
14,female,31,0.001042034621,fitted
14,female,32,0.001081928876,fitted
14,female,33,0.001125956657,fitted
14,female,34,0.001174546034,fitted
14,female,35,0.001228169365,fitted
14,female,36,0.001287347864,fitted
14,female,37,0.001352656641,fitted
14,female,38,0.001424730265,fitted
14,female,39,0.001504268887,fitted
14,female,40,0.001592045002,fitted
14,female,41,0.001688910892,fitted
14,female,42,0.001795806836,fitted
14,female,43,0.001913770157,fitted
14,female,44,0.002043945186,fitted
14,female,45,0.002187594242,fitted
14,female,46,0.002346109727,fitted
14,female,47,0.002521027442,fitted
14,female,48,0.002714041249,fitted
14,female,49,0.002927019204,fitted
14,female,50,0.003162021316,fitted
14,female,51,0.003421319076,fitted
14,female,52,0.003707416931,fitted
14,female,53,0.004023075892,fitted
14,female,54,0.004371339461,fitted
14,female,55,0.004755562113,fitted
14,female,56,0.005179440549,fitted
14,female,57,0.005647047981,fitted
14,female,58,0.00616287171,fitted
14,female,59,0.006731854282,fitted
14,female,60,0.007359438542,fitted
14,female,61,0.008051616881,fitted
14,female,62,0.008814985036,fitted
14,female,63,0.009656800777,fitted
14,female,64,0.01058504786,fitted
14,female,65,0.01160850559,fitted
14,female,66,0.0127368244,fitted
14,female,67,0.01398060775,fitted
14,female,68,0.01535150077,fitted
14,female,69,0.01686228589,fitted
14,female,70,0.0185269858,fitted
14,female,71,0.02036097386,fitted
14,female,72,0.02238109219,fitted
14,female,73,0.02460577733,fitted
14,female,74,0.02705519337,fitted
14,female,75,0.02975137217,fitted
14,female,76,0.03271836,fitted
14,female,77,0.03598236977,fitted
14,female,78,0.03957193724,fitted
14,female,79,0.04351807958,fitted
14,female,80,0.04785445367,fitted
14,female,81,0.05261751082,fitted
14,female,82,0.05784664395,fitted
14,female,83,0.06358432177,fitted
14,female,84,0.06987620364,fitted
14,female,85,0.07677122704,fitted
14,female,86,0.08432165787,fitted
14,female,87,0.09258309199,fitted
14,female,88,0.101614394,fitted
14,female,89,0.1114775569,fitted
14,female,90,0.1222374633,fitted
14,female,91,0.1306859206,raw
14,female,92,0.1424825175,raw
14,female,93,0.1541721854,raw
14,female,94,0.1674687199,raw
14,female,95,0.18382643,raw
14,female,96,0.2036290323,raw
14,female,97,0.2210386152,raw
14,female,98,0.2408563782,raw
14,female,99,0.2632226322,raw
14,female,100,0.2907801418,raw
14,female,101,0.3146666667,raw
14,female,102,0.3266932271,raw
14,female,103,0.3409090909,raw
14,female,104,0.368,raw
14,female,105,0.4186046512,raw
14,female,106,0.4444444444,raw
14,female,107,0.4705882353,raw
14,female,108,0.5714285714,raw
14,female,109,1,raw
14,male,0,0.01244042466,raw
14,male,1,0.001459935987,raw
14,male,2,0.0005291299989,raw
14,male,3,0.0003188532374,raw
14,male,4,0.0002348926057,raw
14,male,5,0.0002074559675,raw
14,male,6,0.0001929677055,raw
14,male,7,0.0001905332208,raw
14,male,8,0.000188430375,raw
14,male,9,0.0002140897839,raw
14,male,10,0.0002260563146,raw
14,male,11,0.0002766561493,raw
14,male,12,0.0003388063591,raw
14,male,13,0.0004528253065,raw
14,male,14,0.000581526831,raw
14,male,15,0.0007774135451,raw
14,male,16,0.001003865534,raw
14,male,17,0.001259115471,raw
14,male,18,0.001540740741,raw
14,male,19,0.001845237311,raw
14,male,20,0.002152174484,raw
14,male,21,0.002461562506,raw
14,male,22,0.002783838201,raw
14,male,23,0.003098765032,raw
14,male,24,0.003376167919,raw
14,male,25,0.003627649574,raw
14,male,26,0.003836828222,raw
14,male,27,0.004027687014,raw
14,male,28,0.004185438938,raw
14,male,29,0.004338163155,raw
14,male,30,0.004217235034,fitted
14,male,31,0.004260131492,fitted
14,male,32,0.0043073063,fitted
14,male,33,0.004359185931,fitted
14,male,34,0.004416239323,fitted
14,male,35,0.004478982092,fitted
14,male,36,0.00454798117,fitted
14,male,37,0.004623859896,fitted
14,male,38,0.004707303609,fitted
14,male,39,0.004799065791,fitted
14,male,40,0.004899974823,fitted
14,male,41,0.00501094139,fitted
14,male,42,0.005132966623,fitted
14,male,43,0.005267151034,fitted
14,male,44,0.005414704328,fitted
14,male,45,0.005576956161,fitted
14,male,46,0.005755367957,fitted
14,male,47,0.005951545864,fitted
14,male,48,0.006167254964,fitted
14,male,49,0.006404434849,fitted
14,male,50,0.006665216704,fitted
14,male,51,0.00695194201,fitted
14,male,52,0.007267183039,fitted
14,male,53,0.007613765288,fitted
14,male,54,0.007994792019,fitted
14,male,55,0.008413671117,fitted
14,male,56,0.008874144426,fitted
14,male,57,0.009380319805,fitted
14,male,58,0.00993670612,fitted
14,male,59,0.0105482514,fitted
14,male,60,0.01122038443,fitted
14,male,61,0.01195906001,fitted
14,male,62,0.0127708082,fitted
14,male,63,0.01366278779,fitted
14,male,64,0.01464284428,fitted
14,male,65,0.01571957268,fitted
14,male,66,0.01690238544,fitted
14,male,67,0.01820158568,fitted
14,male,68,0.01962844603,fitted
14,male,69,0.02119529337,fitted
14,male,70,0.02291559946,fitted
14,male,71,0.02480407776,fitted
14,male,72,0.02687678627,fitted
14,male,73,0.02915123654,fitted
14,male,74,0.03164650833,fitted
14,male,75,0.03438336971,fitted
14,male,76,0.03738440196,fitted
14,male,77,0.04067412816,fitted
14,male,78,0.04427914441,fitted
14,male,79,0.04822825186,fitted
14,male,80,0.0525525874,fitted
14,male,81,0.05728575016,fitted
14,male,82,0.06246392031,fitted
14,male,83,0.06812596567,fitted
14,male,84,0.07431353091,fitted
14,male,85,0.08107110246,fitted
14,male,86,0.08844604146,fitted
14,male,87,0.09648857523,fitted
14,male,88,0.1052517359,fitted
14,male,89,0.1147912337,fitted
14,male,90,0.1251652486,fitted
14,male,91,0.125381545,raw
14,male,92,0.135583685,raw
14,male,93,0.1460750853,raw
14,male,94,0.1581160639,raw
14,male,95,0.1699895068,raw
14,male,96,0.1837549933,raw
14,male,97,0.1981050818,raw
14,male,98,0.2131519274,raw
14,male,99,0.2310030395,raw
14,male,100,0.2453222453,raw
14,male,101,0.2608695652,raw
14,male,102,0.2809917355,raw
14,male,103,0.3095238095,raw
14,male,104,0.3214285714,raw
14,male,105,0.3561643836,raw
14,male,106,0.4,raw
14,male,107,0.4347826087,raw
14,male,108,0.2857142857,raw
14,male,109,1,raw
14,total,0,0.01133730961,raw
14,total,1,0.001366897465,raw
14,total,2,0.0005256988598,raw
14,total,3,0.0003252262443,raw
14,total,4,0.0002464675913,raw
14,total,5,0.0002114775939,raw
14,total,6,0.0001897379859,raw
14,total,7,0.0001874095489,raw
14,total,8,0.0001853701739,raw
14,total,9,0.000197929926,raw
14,total,10,0.0002102999488,raw
14,total,11,0.0002487319711,raw
14,total,12,0.0002993006342,raw
14,total,13,0.0003764600209,raw
14,total,14,0.0004683454542,raw
14,total,15,0.0005949469175,raw
14,total,16,0.0007371913011,raw
14,total,17,0.0008870717628,raw
14,total,18,0.00105646752,raw
14,total,19,0.001236841841,raw
14,total,20,0.001410944135,raw
14,total,21,0.001598773833,raw
14,total,22,0.001787192662,raw
14,total,23,0.001967720176,raw
14,total,24,0.002125511451,raw
14,total,25,0.002271673309,raw
14,total,26,0.00240115526,raw
14,total,27,0.002505501947,raw
14,total,28,0.002605444364,raw
14,total,29,0.002696166431,raw
14,total,30,0.002618332362,fitted
14,total,31,0.00265554985,fitted
14,total,32,0.002696606224,fitted
14,total,33,0.002741897271,fitted
14,total,34,0.002791859545,fitted
14,total,35,0.002846974554,fitted
14,total,36,0.002907773383,fitted
14,total,37,0.002974841782,fitted
14,total,38,0.00304882578,fitted
14,total,39,0.003130437865,fitted
14,total,40,0.003220463804,fitted
14,total,41,0.003319770146,fitted
14,total,42,0.003429312497,fitted
14,total,43,0.003550144628,fitted
14,total,44,0.003683428508,fitted
14,total,45,0.003830445357,fitted
14,total,46,0.003992607803,fitted
14,total,47,0.004171473273,fitted
14,total,48,0.004368758723,fitted
14,total,49,0.004586356846,fitted
14,total,50,0.00482635389,fitted
14,total,51,0.005091049257,fitted
14,total,52,0.005382977036,fitted
14,total,53,0.005704929662,fitted
14,total,54,0.00605998389,fitted
14,total,55,0.006451529309,fitted
14,total,56,0.00688329962,fitted
14,total,57,0.007359406915,fitted
14,total,58,0.007884379242,fitted
14,total,59,0.008463201719,fitted
14,total,60,0.009101361506,fitted
14,total,61,0.009804896941,fitted
14,total,62,0.01058045119,fitted
14,total,63,0.0114353307,fitted
14,total,64,0.01237756892,fitted
14,total,65,0.01341599547,fitted
14,total,66,0.01456031132,fitted
14,total,67,0.01582117015,fitted
14,total,68,0.01721026636,fitted
14,total,69,0.0187404299,fitted
14,total,70,0.02042572831,fitted
14,total,71,0.02228157606,fitted
14,total,72,0.02432485127,fitted
14,total,73,0.02657401993,fitted
14,total,74,0.02904926721,fitted
14,total,75,0.03177263565,fitted
14,total,76,0.03476816946,fitted
14,total,77,0.03806206396,fitted
14,total,78,0.04168281884,fitted
14,total,79,0.04566139314,fitted
14,total,80,0.05003135967,fitted
14,total,81,0.0548290554,fitted
14,total,82,0.06009372372,fitted
14,total,83,0.06586764338,fitted
14,total,84,0.07219623758,fitted
14,total,85,0.0791281552,fitted
14,total,86,0.08671531462,fitted
14,total,87,0.09501289844,fitted
14,total,88,0.1040792854,fitted
14,total,89,0.113975903,fitted
14,total,90,0.1247669829,fitted
14,total,91,0.128380447,raw
14,total,92,0.1394662403,raw
14,total,93,0.1506338553,raw
14,total,94,0.1634212921,raw
14,total,95,0.1778878631,raw
14,total,96,0.1950659782,raw
14,total,97,0.2110401802,raw
14,total,98,0.2286570145,raw
14,total,99,0.2488103331,raw
14,total,100,0.2698564593,raw
14,total,101,0.2888888889,raw
14,total,102,0.3042596349,raw
14,total,103,0.3255813953,raw
14,total,104,0.3459915612,raw
14,total,105,0.3899371069,raw
14,total,106,0.4242424242,raw
14,total,107,0.4561403509,raw
14,total,108,0.4285714286,raw
14,total,109,1,raw
15,female,0,0.01084584418,raw
15,female,1,0.001340139618,raw
15,female,2,0.0005563945632,raw
15,female,3,0.0003481503545,raw
15,female,4,0.000280512352,raw
15,female,5,0.0002285400859,raw
15,female,6,0.0002058703551,raw
15,female,7,0.0001966984915,raw
15,female,8,0.0001945568967,raw
15,female,9,0.0001919343289,raw
15,female,10,0.0002104736019,raw
15,female,11,0.0002348161141,raw
15,female,12,0.0002649135894,raw
15,female,13,0.0003152974077,raw
15,female,14,0.000365972674,raw
15,female,15,0.0004042636338,raw
15,female,16,0.0004702215415,raw
15,female,17,0.0005227566702,raw
15,female,18,0.0005745974477,raw
15,female,19,0.0006319367531,raw
15,female,20,0.0006683540953,raw
15,female,21,0.0007232559669,raw
15,female,22,0.0007601124442,raw
15,female,23,0.0008086492599,raw
15,female,24,0.0008502667048,raw
15,female,25,0.0009013857124,raw
15,female,26,0.0009350733829,raw
15,female,27,0.000957038475,raw
15,female,28,0.001003866242,raw
15,female,29,0.001038072848,raw
15,female,30,0.001037367994,fitted
15,female,31,0.001076319787,fitted
15,female,32,0.001119304995,fitted
15,female,33,0.001166741075,fitted
15,female,34,0.001219088642,fitted
15,female,35,0.001276855929,fitted
15,female,36,0.001340603693,fitted
15,female,37,0.001410950632,fitted
15,female,38,0.001488579354,fitted
15,female,39,0.001574242955,fitted
15,female,40,0.001668772278,fitted
15,female,41,0.0017730839,fitted
15,female,42,0.00188818895,fitted
15,female,43,0.002015202809,fitted
15,female,44,0.002155355804,fitted
15,female,45,0.002310004989,fitted
15,female,46,0.002480647111,fitted
15,female,47,0.002668932887,fitted
15,female,48,0.002876682724,fitted
15,female,49,0.003105904006,fitted
15,female,50,0.003358810117,fitted
15,female,51,0.003637841358,fitted
15,female,52,0.003945687937,fitted
15,female,53,0.004285315228,fitted
15,female,54,0.004659991517,fitted
15,female,55,0.005073318444,fitted
15,female,56,0.005529264413,fitted
15,female,57,0.006032201203,fitted
15,female,58,0.006586944089,fitted
15,female,59,0.007198795744,fitted
15,female,60,0.007873594261,fitted
15,female,61,0.008617765613,fitted
15,female,62,0.009438380893,fitted
15,female,63,0.01034321871,fitted
15,female,64,0.0113408331,fitted
15,female,65,0.01244062729,fitted
15,female,66,0.01365293373,fitted
15,female,67,0.01498910071,fitted
15,female,68,0.0164615859,fitted
15,female,69,0.01808405706,fitted
15,female,70,0.01987150026,fitted
15,female,71,0.02184033557,fitted
15,female,72,0.02400854041,fitted
15,female,73,0.02639578043,fitted
15,female,74,0.02902354744,fitted
15,female,75,0.0319153041,fitted
15,female,76,0.0350966343,fitted
15,female,77,0.03859539805,fitted
15,female,78,0.04244188919,fitted
15,female,79,0.04666899352,fitted
15,female,80,0.05131234443,fitted
15,female,81,0.05641047205,fitted
15,female,82,0.06200494109,fitted
15,female,83,0.06814047117,fitted
15,female,84,0.0748650322,fitted
15,female,85,0.08222990547,fitted
15,female,86,0.09028969952,fitted
15,female,87,0.09910230736,fitted
15,female,88,0.1087287895,fitted
15,female,89,0.1192331642,fitted
15,female,90,0.1306820849,fitted
15,female,91,0.1398202937,raw
15,female,92,0.152408915,raw
15,female,93,0.1662004278,raw
15,female,94,0.1818928351,raw
15,female,95,0.1982263954,raw
15,female,96,0.2182810368,raw
15,female,97,0.2377880184,raw
15,female,98,0.2573248408,raw
15,female,99,0.2815884477,raw
15,female,100,0.3044619423,raw
15,female,101,0.3274161736,raw
15,female,102,0.350148368,raw
15,female,103,0.375,raw
15,female,104,0.4,raw
15,female,105,0.4166666667,raw
15,female,106,0.4827586207,raw
15,female,107,0.5555555556,raw
15,female,108,0.7692307692,raw
15,female,109,1,raw
15,male,0,0.01320182166,raw
15,male,1,0.001548895825,raw
15,male,2,0.0005740022884,raw
15,male,3,0.0003281916639,raw
15,male,4,0.0002486416124,raw
15,male,5,0.0002130606157,raw
15,male,6,0.0002059035489,raw
15,male,7,0.0001969932986,raw
15,male,8,0.0001948494788,raw
15,male,9,0.0002208205263,raw
15,male,10,0.000245363506,raw
15,male,11,0.0002889278712,raw
15,male,12,0.0003709561564,raw
15,male,13,0.0004844302138,raw
15,male,14,0.0006239470893,raw
15,male,15,0.0008113271742,raw
15,male,16,0.001054082277,raw
15,male,17,0.001317985253,raw
15,male,18,0.001599832149,raw
15,male,19,0.001909819875,raw
15,male,20,0.002240458512,raw
15,male,21,0.002556692223,raw
15,male,22,0.00288942779,raw
15,male,23,0.003210127434,raw
15,male,24,0.003495496439,raw
15,male,25,0.003765502814,raw
15,male,26,0.00398936616,raw
15,male,27,0.00419668509,raw
15,male,28,0.004365985861,raw
15,male,29,0.00452525582,raw
15,male,30,0.004454744229,fitted
15,male,31,0.004503367159,fitted
15,male,32,0.004556742778,fitted
15,male,33,0.004615335347,fitted
15,male,34,0.004679654418,fitted
15,male,35,0.004750259241,fitted
15,male,36,0.004827763593,fitted
15,male,37,0.004912841081,fitted
15,male,38,0.005006230947,fitted
15,male,39,0.005108744441,fitted
15,male,40,0.005221271805,fitted
15,male,41,0.00534478992,fitted
15,male,42,0.005480370701,fitted
15,male,43,0.005629190281,fitted
15,male,44,0.00579253908,fitted
15,male,45,0.005971832828,fitted
15,male,46,0.006168624642,fitted
15,male,47,0.006384618239,fitted
15,male,48,0.0066216824,fitted
15,male,49,0.006881866796,fitted
15,male,50,0.007167419291,fitted
15,male,51,0.007480804866,fitted
15,male,52,0.00782472629,fitted
15,male,53,0.008202146713,fitted
15,male,54,0.008616314313,fitted
15,male,55,0.009070789205,fitted
15,male,56,0.009569472776,fitted
15,male,57,0.01011663965,fitted
15,male,58,0.01071697251,fitted
15,male,59,0.01137559992,fitted
15,male,60,0.01209813754,fitted
15,male,61,0.01289073278,fitted
15,male,62,0.01376011326,fitted
15,male,63,0.01471363928,fitted
15,male,64,0.01575936058,fitted
15,male,65,0.01690607763,fitted
15,male,66,0.01816340762,fitted
15,male,67,0.01954185549,fitted
15,male,68,0.02105289006,fitted
15,male,69,0.02270902555,fitted
15,male,70,0.02452390847,fitted
15,male,71,0.02651241002,fitted
15,male,72,0.02869072382,fitted
15,male,73,0.03107646893,fitted
15,male,74,0.03368879777,fitted
15,male,75,0.03654850838,fitted
15,male,76,0.03967816043,fitted
15,male,77,0.04310219379,fitted
15,male,78,0.04684704848,fitted
15,male,79,0.05094128407,fitted
15,male,80,0.05541569639,fitted
15,male,81,0.06030342862,fitted
15,male,82,0.06564007326,fitted
15,male,83,0.07146376064,fitted
15,male,84,0.07781522857,fitted
15,male,85,0.0847378669,fitted
15,male,86,0.09227772924,fitted
15,male,87,0.1004835028,fitted
15,male,88,0.1094064261,fitted
15,male,89,0.1191001416,fitted
15,male,90,0.1296204704,fitted
15,male,91,0.1308116627,raw
15,male,92,0.1411267064,raw
15,male,93,0.1522309711,raw
15,male,94,0.1637776449,raw
15,male,95,0.1760483566,raw
15,male,96,0.1931034483,raw
15,male,97,0.2069892473,raw
15,male,98,0.2259887006,raw
15,male,99,0.2404371585,raw
15,male,100,0.262295082,raw
15,male,101,0.2839116719,raw
15,male,102,0.297029703,raw
15,male,103,0.320610687,raw
15,male,104,0.3414634146,raw
15,male,105,0.3829787234,raw
15,male,106,0.4761904762,raw
15,male,107,0.1176470588,raw
15,male,108,0.4,raw
15,male,109,1,raw
15,total,0,0.01204676371,raw
15,total,1,0.001446477349,raw
15,total,2,0.0005653649626,raw
15,total,3,0.0003379885881,raw
15,total,4,0.0002642897956,raw
15,total,5,0.0002206601478,raw
15,total,6,0.0002058872524,raw
15,total,7,0.0001968485659,raw
15,total,8,0.0001947058381,raw
15,total,9,0.0002066351639,raw
15,total,10,0.0002282209464,raw
15,total,11,0.0002623290271,raw
15,total,12,0.0003188114162,raw
15,total,13,0.0004012320183,raw
15,total,14,0.0004969839081,raw
15,total,15,0.0006107802718,raw
15,total,16,0.0007659011523,raw
15,total,17,0.0009247152523,raw
15,total,18,0.001092042649,raw
15,total,19,0.001276277886,raw
15,total,20,0.001460656639,raw
15,total,21,0.001647169722,raw
15,total,22,0.001833210361,raw
15,total,23,0.002018808512,raw
15,total,24,0.00218259267,raw
15,total,25,0.002342620828,raw
15,total,26,0.002470271646,raw
15,total,27,0.002583000879,raw
15,total,28,0.002687953634,raw
15,total,29,0.002780394653,raw
15,total,30,0.00270173767,fitted
15,total,31,0.002743024029,fitted
15,total,32,0.002788524566,fitted
15,total,33,0.002838669208,fitted
15,total,34,0.002893931693,fitted
15,total,35,0.002954834029,fitted
15,total,36,0.003021951394,fitted
15,total,37,0.003095917543,fitted
15,total,38,0.003177430749,fitted
15,total,39,0.003267260353,fitted
15,total,40,0.003366253968,fitted
15,total,41,0.00347534541,fitted
15,total,42,0.003595563424,fitted
15,total,43,0.003728041286,fitted
15,total,44,0.003874027369,fitted
15,total,45,0.004034896752,fitted
15,total,46,0.004212164002,fitted
15,total,47,0.004407497214,fitted
15,total,48,0.004622733444,fitted
15,total,49,0.004859895669,fitted
15,total,50,0.005121211416,fitted
15,total,51,0.005409133206,fitted
15,total,52,0.005726361011,fitted
15,total,53,0.006075866875,fitted
15,total,54,0.006460921918,fitted
15,total,55,0.006885125936,fitted
15,total,56,0.007352439811,fitted
15,total,57,0.007867220999,fitted
15,total,58,0.008434262336,fitted
15,total,59,0.009058834454,fitted
15,total,60,0.009746732087,fitted
15,total,61,0.01050432459,fitted
15,total,62,0.01133861096,fitted
15,total,63,0.01225727974,fitted
15,total,64,0.01326877404,fitted
15,total,65,0.01438236219,fitted
15,total,66,0.01560821405,fitted
15,total,67,0.01695748369,fitted
15,total,68,0.01844239836,fitted
15,total,69,0.02007635418,fitted
15,total,70,0.02187401874,fitted
15,total,71,0.02385144067,fitted
15,total,72,0.02602616616,fitted
15,total,73,0.02841736236,fitted
15,total,74,0.03104594731,fitted
15,total,75,0.03393472582,fitted
15,total,76,0.03710853047,fitted
15,total,77,0.04059436659,fitted
15,total,78,0.0444215595,fitted
15,total,79,0.04862190189,fitted
15,total,80,0.05322979846,fitted
15,total,81,0.05828240427,fitted
15,total,82,0.06381975216,fitted
15,total,83,0.06988486373,fitted
15,total,84,0.0765238367,fitted
15,total,85,0.08378590058,fitted
15,total,86,0.09172343008,fitted
15,total,87,0.1003919045,fitted
15,total,88,0.1098497989,fitted
15,total,89,0.1201583896,fitted
15,total,90,0.1313814567,fitted
15,total,91,0.1361256545,raw
15,total,92,0.1477863558,raw
15,total,93,0.1604986365,raw
15,total,94,0.1745162468,raw
15,total,95,0.1891683382,raw
15,total,96,0.207980653,raw
15,total,97,0.2252597048,raw
15,total,98,0.2446808511,raw
15,total,99,0.2652173913,raw
15,total,100,0.288,raw
15,total,101,0.3106796117,raw
15,total,102,0.3302411874,raw
15,total,103,0.3549295775,raw
15,total,104,0.3793103448,raw
15,total,105,0.4055944056,raw
15,total,106,0.4810126582,raw
15,total,107,0.4150943396,raw
15,total,108,0.5454545455,raw
15,total,109,1,raw
16,female,0,0.01072577762,raw
16,female,1,0.001444960154,raw
16,female,2,0.0005899253854,raw
16,female,3,0.0003804962118,raw
16,female,4,0.0002979293907,raw
16,female,5,0.0002307869836,raw
16,female,6,0.0002083453904,raw
16,female,7,0.0001840773125,raw
16,female,8,0.000182953324,raw
16,female,9,0.0002051960192,raw
16,female,10,0.0002274329641,raw
16,female,11,0.0002490575436,raw
16,female,12,0.0002928026848,raw
16,female,13,0.0003371278951,raw
16,female,14,0.0003834226107,raw
16,female,15,0.0004328067518,raw
16,female,16,0.0004842335851,raw
16,female,17,0.0005367874438,raw
16,female,18,0.0005891293846,raw
16,female,19,0.0006403491088,raw
16,female,20,0.0006902050385,raw
16,female,21,0.0007380688785,raw
16,female,22,0.0007869415398,raw
16,female,23,0.0008403865778,raw
16,female,24,0.0008754438014,raw
16,female,25,0.0009111168569,raw
16,female,26,0.0009418062853,raw
16,female,27,0.0009917437334,raw
16,female,28,0.001015140448,raw
16,female,29,0.001065186965,raw
16,female,30,0.001079510142,fitted
16,female,31,0.001121323542,fitted
16,female,32,0.001167452505,fitted
16,female,33,0.001218342209,fitted
16,female,34,0.001274483704,fitted
16,female,35,0.00133641863,fitted
16,female,36,0.001404744414,fitted
16,female,37,0.001480119999,fitted
16,female,38,0.001563272162,fitted
16,female,39,0.001655002466,fitted
16,female,40,0.001756194936,fitted
16,female,41,0.001867824499,fitted
16,female,42,0.001990966292,fitted
16,female,43,0.002126805908,fitted
16,female,44,0.002276650682,fitted
16,female,45,0.002441942111,fitted
16,female,46,0.002624269532,fitted
16,female,47,0.002825385165,fitted
16,female,48,0.003047220666,fitted
16,female,49,0.003291905334,fitted
16,female,50,0.003561786125,fitted
16,female,51,0.003859449646,fitted
16,female,52,0.004187746321,fitted
16,female,53,0.004549816923,fitted
16,female,54,0.004949121692,fitted
16,female,55,0.005389472282,fitted
16,female,56,0.005875066766,fitted
16,female,57,0.006410528,fitted
16,female,58,0.007000945597,fitted
16,female,59,0.007651921846,fitted
16,female,60,0.008369621872,fitted
16,female,61,0.009160828387,fitted
16,female,62,0.01003300137,fitted
16,female,63,0.01099434301,fitted
16,female,64,0.01205386838,fitted
16,female,65,0.01322148197,fitted
16,female,66,0.01450806073,fitted
16,female,67,0.01592554367,fitted
16,female,68,0.01748702855,fitted
16,female,69,0.01920687566,fitted
16,female,70,0.02110081914,fitted
16,female,71,0.02318608562,fitted
16,female,72,0.02548152042,fitted
16,female,73,0.02800772079,fitted
16,female,74,0.03078717601,fitted
16,female,75,0.03384441341,fitted
16,female,76,0.03720614941,fitted
16,female,77,0.04090144394,fitted
16,female,78,0.04496185633,fitted
16,female,79,0.04942159994,fitted
16,female,80,0.05431769198,fitted
16,female,81,0.05969009441,fitted
16,female,82,0.06558184007,fitted
16,female,83,0.07203913753,fitted
16,female,84,0.07911144621,fitted
16,female,85,0.08685151166,fitted
16,female,86,0.09531534903,fitted
16,female,87,0.1045621603,fitted
16,female,88,0.1146541685,fitted
16,female,89,0.1256563493,fitted
16,female,90,0.1376360384,fitted
16,female,91,0.1471389646,raw
16,female,92,0.161069449,raw
16,female,93,0.1754940711,raw
16,female,94,0.1911693353,raw
16,female,95,0.207980653,raw
16,female,96,0.2283950617,raw
16,female,97,0.247464503,raw
16,female,98,0.2686567164,raw
16,female,99,0.293135436,raw
16,female,100,0.3168831169,raw
16,female,101,0.3407407407,raw
16,female,102,0.3655913978,raw
16,female,103,0.3875968992,raw
16,female,104,0.4269662921,raw
16,female,105,0.4666666667,raw
16,female,106,0.4864864865,raw
16,female,107,0.5454545455,raw
16,female,108,0.6666666667,raw
16,female,109,1,raw
16,male,0,0.01323186804,raw
16,male,1,0.001710249887,raw
16,male,2,0.0006325110689,raw
16,male,3,0.0003674920827,raw
16,male,4,0.0002659161921,raw
16,male,5,0.0002233888082,raw
16,male,6,0.0002018457674,raw
16,male,7,0.0002007964928,raw
16,male,8,0.000222000222,raw
16,male,9,0.0002214005801,raw
16,male,10,0.000264824664,raw
16,male,11,0.0003074220466,raw
16,male,12,0.0003929701998,raw
16,male,13,0.0005227391532,raw
16,male,14,0.0006779586883,raw
16,male,15,0.0008852887148,raw
16,male,16,0.001102846018,raw
16,male,17,0.001374822419,raw
16,male,18,0.001675197766,raw
16,male,19,0.001999835308,raw
16,male,20,0.002322880372,raw
16,male,21,0.002664953482,raw
16,male,22,0.003012552301,raw
16,male,23,0.003334219237,raw
16,male,24,0.00366223839,raw
16,male,25,0.00392583424,raw
16,male,26,0.004170616114,raw
16,male,27,0.004369141667,raw
16,male,28,0.00456335802,raw
16,male,29,0.00474365056,raw
16,male,30,0.004795530314,fitted
16,male,31,0.004849625361,fitted
16,male,32,0.00490891519,fitted
16,male,33,0.004973898302,fitted
16,male,34,0.005045120965,fitted
16,male,35,0.005123181776,fitted
16,male,36,0.005208736653,fitted
16,male,37,0.005302504309,fitted
16,male,38,0.005405272232,fitted
16,male,39,0.005517903243,fitted
16,male,40,0.005641342661,fitted
16,male,41,0.005776626149,fitted
16,male,42,0.005924888299,fitted
16,male,43,0.006087372014,fitted
16,male,44,0.006265438778,fitted
16,male,45,0.006460579874,fitted
16,male,46,0.006674428656,fitted
16,male,47,0.006908773947,fitted
16,male,48,0.007165574684,fitted
16,male,49,0.007446975906,fitted
16,male,50,0.007755326212,fitted
16,male,51,0.0080931968,fitted
16,male,52,0.008463402245,fitted
16,male,53,0.008869023144,fitted
16,male,54,0.009313430782,fitted
16,male,55,0.009800314006,fitted
16,male,56,0.01033370846,fitted
16,male,57,0.01091802835,fitted
16,male,58,0.01155810102,fitted
16,male,59,0.01225920441,fitted
16,male,60,0.01302710772,fitted
16,male,61,0.01386811543,fitted
16,male,62,0.01478911492,fitted
16,male,63,0.01579762799,fitted
16,male,64,0.01690186626,fitted
16,male,65,0.01811079101,fitted
16,male,66,0.01943417733,fitted
16,male,67,0.020882683,fitted
16,male,68,0.02246792208,fitted
16,male,69,0.02420254341,fitted
16,male,70,0.02610031406,fitted
16,male,71,0.02817620767,fitted
16,male,72,0.03044649755,fitted
16,male,73,0.03292885439,fitted
16,male,74,0.03564244805,fitted
16,male,75,0.03860805302,fitted
16,male,76,0.04184815657,fitted
16,male,77,0.04538706869,fitted
16,male,78,0.0492510322,fitted
16,male,79,0.0534683315,fitted
16,male,80,0.05806939732,fitted
16,male,81,0.06308690495,fitted
16,male,82,0.06855586218,fitted
16,male,83,0.07451368286,fitted
16,male,84,0.08100024074,fitted
16,male,85,0.08805789759,fitted
16,male,86,0.09573149811,fitted
16,male,87,0.1040683232,fitted
16,male,88,0.1131179912,fitted
16,male,89,0.1229322966,fitted
16,male,90,0.1335649713,fitted
16,male,91,0.1351268725,raw
16,male,92,0.1459906508,raw
16,male,93,0.1560767591,raw
16,male,94,0.168281489,raw
16,male,95,0.1815920398,raw
16,male,96,0.1982825917,raw
16,male,97,0.2110552764,raw
16,male,98,0.2268578879,raw
16,male,99,0.243567753,raw
16,male,100,0.2657342657,raw
16,male,101,0.2857142857,raw
16,male,102,0.2938388626,raw
16,male,103,0.3,raw
16,male,104,0.3174603175,raw
16,male,105,0.3555555556,raw
16,male,106,0.4,raw
16,male,107,0.4210526316,raw
16,male,108,0.5882352941,raw
16,male,109,1,raw
16,total,0,0.01200315951,raw
16,total,1,0.001580008061,raw
16,total,2,0.0006115978261,raw
16,total,3,0.0003738811058,raw
16,total,4,0.0002816536449,raw
16,total,5,0.0002270276406,raw
16,total,6,0.0002050440845,raw
16,total,7,0.0001925658264,raw
16,total,8,0.0002027666381,raw
16,total,9,0.0002134172025,raw
16,total,10,0.0002464102507,raw
16,total,11,0.0002786866058,raw
16,total,12,0.0003436673743,raw
16,total,13,0.0004313896831,raw
16,total,14,0.0005329602612,raw
16,total,15,0.0006623074117,raw
16,total,16,0.0007972846762,raw
16,total,17,0.0009596540621,raw
16,total,18,0.001135625267,raw
16,total,19,0.001322813814,raw
16,total,20,0.001508215022,raw
16,total,21,0.001701803555,raw
16,total,22,0.001898292134,raw
16,total,23,0.002083421146,raw
16,total,24,0.00226140635,raw
16,total,25,0.002406918028,raw
16,total,26,0.002540342008,raw
16,total,27,0.002659974906,raw
16,total,28,0.002763333082,raw
16,total,29,0.002872694285,raw
16,total,30,0.002875898105,fitted
16,total,31,0.002921637095,fitted
16,total,32,0.00297198258,fitted
16,total,33,0.003027398222,fitted
16,total,34,0.003088394297,fitted
16,total,35,0.003155532367,fitted
16,total,36,0.003229430422,fitted
16,total,37,0.003310768529,fitted
16,total,38,0.003400295052,fitted
16,total,39,0.003498833476,fitted
16,total,40,0.003607289924,fitted
16,total,41,0.003726661412,fitted
16,total,42,0.003858044911,fitted
16,total,43,0.004002647324,fitted
16,total,44,0.004161796425,fitted
16,total,45,0.004336952889,fitted
16,total,46,0.00452972349,fitted
16,total,47,0.004741875597,fitted
16,total,48,0.004975353075,fitted
16,total,49,0.00523229374,fitted
16,total,50,0.00551504849,fitted
16,total,51,0.005826202284,fitted
16,total,52,0.006168597137,fitted
16,total,53,0.006545357293,fitted
16,total,54,0.006959916798,fitted
16,total,55,0.007416049652,fitted
16,total,56,0.007917902795,fitted
16,total,57,0.008470032132,fitted
16,total,58,0.009077441871,fitted
16,total,59,0.009745627437,fitted
16,total,60,0.01048062223,fitted
16,total,61,0.01128904852,fitted
16,total,62,0.01217817278,fitted
16,total,63,0.01315596579,fitted
16,total,64,0.01423116774,fitted
16,total,65,0.01541335869,fitted
16,total,66,0.01671303472,fitted
16,total,67,0.01814168994,fitted
16,total,68,0.01971190465,fitted
16,total,69,0.02143743981,fitted
16,total,70,0.02333333803,fitted
16,total,71,0.02541603096,fitted
16,total,72,0.02770345313,fitted
16,total,73,0.03021516192,fitted
16,total,74,0.03297246328,fitted
16,total,75,0.0359985425,fitted
16,total,76,0.03931859901,fitted
16,total,77,0.04295998403,fitted
16,total,78,0.04695233901,fitted
16,total,79,0.05132773281,fitted
16,total,80,0.05612079432,fitted
16,total,81,0.061368837,fitted
16,total,82,0.0671119704,fitted
16,total,83,0.07339319297,fitted
16,total,84,0.08025845905,fitted
16,total,85,0.08775671148,fitted
16,total,86,0.09593986966,fitted
16,total,87,0.104862761,fitted
16,total,88,0.1145829819,fitted
16,total,89,0.1251606711,fitted
16,total,90,0.1366581783,fitted
16,total,91,0.1414781732,raw
16,total,92,0.1538987688,raw
16,total,93,0.1661538462,raw
16,total,94,0.1800099453,raw
16,total,95,0.1949724096,raw
16,total,96,0.2134264649,raw
16,total,97,0.2291771832,raw
16,total,98,0.2473404255,raw
16,total,99,0.2673796791,raw
16,total,100,0.2899262899,raw
16,total,101,0.3117338004,raw
16,total,102,0.3274559194,raw
16,total,103,0.339100346,raw
16,total,104,0.3627906977,raw
16,total,105,0.4,raw
16,total,106,0.4329896907,raw
16,total,107,0.4666666667,raw
16,total,108,0.6206896552,raw
16,total,109,1,raw
17,female,0,0.01062951929,raw
17,female,1,0.001391691601,raw
17,female,2,0.000620711059,raw
17,female,3,0.0003486628779,raw
17,female,4,0.0002800532101,raw
17,female,5,0.0002068181035,raw
17,female,6,0.0002026410889,raw
17,female,7,0.0001966890674,raw
17,female,8,0.0001913570403,raw
17,female,9,0.0001884954918,raw
17,female,10,0.0002489419965,raw
17,female,11,0.0002457606291,raw
17,female,12,0.0003030027573,raw
17,female,13,0.0002997152705,raw
17,female,14,0.0003573768539,raw
17,female,15,0.0004163568773,raw
17,female,16,0.0004760771245,raw
17,female,17,0.0005356664584,raw
17,female,18,0.0005939653124,raw
17,female,19,0.0006503295989,raw
17,female,20,0.0007050943064,raw
17,female,21,0.0007575978321,raw
17,female,22,0.0007531647403,raw
17,female,23,0.0008113590264,raw
17,female,24,0.0008755289654,raw
17,female,25,0.0008828462965,raw
17,female,26,0.000945012108,raw
17,female,27,0.001002861104,raw
17,female,28,0.001000853669,raw
17,female,29,0.001060382916,raw
17,female,30,0.001071369395,fitted
17,female,31,0.0011127818,fitted
17,female,32,0.001158465217,fitted
17,female,33,0.001208859905,fitted
17,female,34,0.001264451456,fitted
17,female,35,0.001325775452,fitted
17,female,36,0.001393422597,fitted
17,female,37,0.001468044378,fitted
17,female,38,0.001550359296,fitted
17,female,39,0.00164115974,fitted
17,female,40,0.001741319553,fitted
17,female,41,0.001851802376,fitted
17,female,42,0.001973670824,fitted
17,female,43,0.002108096612,fitted
17,female,44,0.002256371684,fitted
17,female,45,0.002419920479,fitted
17,female,46,0.002600313426,fitted
17,female,47,0.002799281791,fitted
17,female,48,0.003018734016,fitted
17,female,49,0.003260773681,fitted
17,female,50,0.003527719257,fitted
17,female,51,0.003822125808,fitted
17,female,52,0.004146808838,fitted
17,female,53,0.004504870469,fitted
17,female,54,0.004899728177,fitted
17,female,55,0.005335146307,fitted
17,female,56,0.005815270624,fitted
17,female,57,0.006344666157,fitted
17,female,58,0.006928358628,fitted
17,female,59,0.007571879756,fitted
17,female,60,0.008281316765,fitted
17,female,61,0.009063366414,fitted
17,female,62,0.009925393898,fitted
17,female,63,0.01087549698,fitted
17,female,64,0.01192257568,fitted
17,female,65,0.01307640797,fitted
17,female,66,0.01434773166,fitted
17,female,67,0.01574833298,fitted
17,female,68,0.01729114205,fitted
17,female,69,0.01899033551,fitted
17,female,70,0.02086144651,fitted
17,female,71,0.02292148211,fitted
17,female,72,0.02518904813,fitted
17,female,73,0.02768448109,fitted
17,female,74,0.03042998707,fitted
17,female,75,0.03344978649,fitted
17,female,76,0.03677026413,fitted
17,female,77,0.04042012268,fitted
17,female,78,0.04443053801,fitted
17,female,79,0.04883531357,fitted
17,female,80,0.05367103057,fitted
17,female,81,0.05897718966,fitted
17,female,82,0.06479633887,fitted
17,female,83,0.07117418122,fitted
17,female,84,0.0781596538,fitted
17,female,85,0.08580496867,fitted
17,female,86,0.09416560374,fitted
17,female,87,0.1033002298,fitted
17,female,88,0.1132705569,fitted
17,female,89,0.1241410818,fitted
17,female,90,0.1359787141,fitted
17,female,91,0.1459762944,raw
17,female,92,0.1598793363,raw
17,female,93,0.1734317343,raw
17,female,94,0.1897142857,raw
17,female,95,0.2068965517,raw
17,female,96,0.2263450835,raw
17,female,97,0.2463054187,raw
17,female,98,0.2684563758,raw
17,female,99,0.2910798122,raw
17,female,100,0.3129251701,raw
17,female,101,0.3434343434,raw
17,female,102,0.3636363636,raw
17,female,103,0.4186046512,raw
17,female,104,0.4285714286,raw
17,female,105,0.4444444444,raw
17,female,106,0.5454545455,raw
17,female,107,0.6666666667,raw
17,female,108,0.6666666667,raw
17,female,109,1,raw
17,male,0,0.01317523057,raw
17,male,1,0.001672856235,raw
17,male,2,0.0005966784897,raw
17,male,3,0.0003355817309,raw
17,male,4,0.0002693784093,raw
17,male,5,0.0001986952346,raw
17,male,6,0.0001946472019,raw
17,male,7,0.0001888990335,raw
17,male,8,0.0001837503445,raw
17,male,9,0.00024115271,raw
17,male,10,0.0002387774594,raw
17,male,11,0.0002945247843,raw
17,male,12,0.0004062563478,raw
17,male,13,0.000516603048,raw
17,male,14,0.0006850488097,raw
17,male,15,0.0008577064928,raw
17,male,16,0.00109255053,raw
17,male,17,0.001330902989,raw
17,male,18,0.00162601626,raw
17,male,19,0.001974333662,raw
17,male,20,0.002317631381,raw
17,male,21,0.002653131849,raw
17,male,22,0.002993150291,raw
17,male,23,0.003296417315,raw
17,male,24,0.003629551575,raw
17,male,25,0.003857223393,raw
17,male,26,0.004130376223,raw
17,male,27,0.004326923077,raw
17,male,28,0.004522022248,raw
17,male,29,0.004733009709,raw
17,male,30,0.004765566382,fitted
17,male,31,0.004815951714,fitted
17,male,32,0.004871268311,fitted
17,male,33,0.004931998488,fitted
17,male,34,0.004998671665,fitted
17,male,35,0.00507186896,fitted
17,male,36,0.005152228219,fitted
17,male,37,0.005240449535,fitted
17,male,38,0.0053373013,fitted
17,male,39,0.005443626838,fitted
17,male,40,0.00556035168,fitted
17,male,41,0.005688491536,fitted
17,male,42,0.005829161033,fitted
17,male,43,0.005983583286,fitted
17,male,44,0.006153100391,fitted
17,male,45,0.006339184906,fitted
17,male,46,0.006543452435,fitted
17,male,47,0.006767675397,fitted
17,male,48,0.00701379809,fitted
17,male,49,0.007283953186,fitted
17,male,50,0.007580479755,fitted
17,male,51,0.007905942979,fitted
17,male,52,0.00826315569,fitted
17,male,53,0.008655201895,fitted
17,male,54,0.009085462453,fitted
17,male,55,0.009557643096,fitted
17,male,56,0.01007580497,fitted
17,male,57,0.01064439792,fitted
17,male,58,0.0112682967,fitted
17,male,59,0.0119528404,fitted
17,male,60,0.01270387521,fitted
17,male,61,0.01352780094,fitted
17,male,62,0.01443162134,fitted
17,male,63,0.01542299863,fitted
17,male,64,0.01651031244,fitted
17,male,65,0.01770272334,fitted
17,male,66,0.01901024136,fitted
17,male,67,0.02044379948,fitted
17,male,68,0.02201533248,fitted
17,male,69,0.02373786118,fitted
17,male,70,0.02562558213,fitted
17,male,71,0.02769396287,fitted
17,male,72,0.02995984247,fitted
17,male,73,0.03244153728,fitted
17,male,74,0.03515895142,fitted
17,male,75,0.03813369145,fitted
17,male,76,0.04138918421,fitted
17,male,77,0.04495079699,fitted
17,male,78,0.04884595809,fitted
17,male,79,0.05310427617,fitted
17,male,80,0.05775765553,fitted
17,male,81,0.06284040444,fitted
17,male,82,0.06838933243,fitted
17,male,83,0.0744438318,fitted
17,male,84,0.08104593756,fitted
17,male,85,0.08824035886,fitted
17,male,86,0.09607447358,fitted
17,male,87,0.1045982763,fitted
17,male,88,0.1138642685,fitted
17,male,89,0.1239272774,fitted
17,male,90,0.1348441888,fitted
17,male,91,0.135731807,raw
17,male,92,0.146627566,raw
17,male,93,0.1589561091,raw
17,male,94,0.1732745962,raw
17,male,95,0.184501845,raw
17,male,96,0.1990521327,raw
17,male,97,0.2167182663,raw
17,male,98,0.2333333333,raw
17,male,99,0.25,raw
17,male,100,0.272,raw
17,male,101,0.2790697674,raw
17,male,102,0.3050847458,raw
17,male,103,0.3157894737,raw
17,male,104,0.3333333333,raw
17,male,105,0.4,raw
17,male,106,0.5,raw
17,male,107,0.6666666667,raw
17,male,108,0,raw
17,male,109,1,raw
17,total,0,0.01192752997,raw
17,total,1,0.001535024134,raw
17,total,2,0.0006084575601,raw
17,total,3,0.000341997264,raw
17,total,4,0.0002746121104,raw
17,total,5,0.0002026753141,raw
17,total,6,0.0001985637224,raw
17,total,7,0.0001927153594,raw
17,total,8,0.0001874765654,raw
17,total,9,0.0002153680486,raw
17,total,10,0.0002437538087,raw
17,total,11,0.0002706563416,raw
17,total,12,0.0003557452864,raw
17,total,13,0.0004105090312,raw
17,total,14,0.0005246895587,raw
17,total,15,0.0006413807178,raw
17,total,16,0.0007896006668,raw
17,total,17,0.0009388844879,raw
17,total,18,0.001115809255,raw
17,total,19,0.001318275695,raw
17,total,20,0.001517007993,raw
17,total,21,0.00171026886,raw
17,total,22,0.001876795588,raw
17,total,23,0.002055200961,raw
17,total,24,0.002250507826,raw
17,total,25,0.002363926482,raw
17,total,26,0.002527016782,raw
17,total,27,0.002649479779,raw
17,total,28,0.002740460517,raw
17,total,29,0.002869526229,raw
17,total,30,0.002844096984,fitted
17,total,31,0.002887624389,fitted
17,total,32,0.002935584302,fitted
17,total,33,0.00298842785,fitted
17,total,34,0.003046652019,fitted
17,total,35,0.00311080431,fitted
17,total,36,0.003181487856,fitted
17,total,37,0.003259367059,fitted
17,total,38,0.003345173791,fitted
17,total,39,0.003439714226,fitted
17,total,40,0.003543876351,fitted
17,total,41,0.00365863823,fitted
17,total,42,0.003785077101,fitted
17,total,43,0.003924379377,fitted
17,total,44,0.004077851646,fitted
17,total,45,0.004246932765,fitted
17,total,46,0.004433207155,fitted
17,total,47,0.004638419407,fitted
17,total,48,0.004864490339,fitted
17,total,49,0.005113534624,fitted
17,total,50,0.005387880141,fitted
17,total,51,0.005690089229,fitted
17,total,52,0.006022981987,fitted
17,total,53,0.006389661834,fitted
17,total,54,0.006793543525,fitted
17,total,55,0.007238383833,fitted
17,total,56,0.007728315143,fitted
17,total,57,0.008267882197,fitted
17,total,58,0.008862082267,fitted
17,total,59,0.009516409028,fitted
17,total,60,0.01023690042,fitted
17,total,61,0.01103019082,fitted
17,total,62,0.01190356785,fitted
17,total,63,0.01286503412,fitted
17,total,64,0.01392337421,fitted
17,total,65,0.01508822735,fitted
17,total,66,0.01637016595,fitted
17,total,67,0.01778078034,fitted
17,total,68,0.01933277003,fitted
17,total,69,0.02104004164,fitted
17,total,70,0.0229178137,fitted
17,total,71,0.02498272836,fitted
17,total,72,0.02725296988,fitted
17,total,73,0.02974838983,fitted
17,total,74,0.03249063846,fitted
17,total,75,0.0355033016,fitted
17,total,76,0.03881204213,fitted
17,total,77,0.04244474465,fitted
17,total,78,0.04643166143,fitted
17,total,79,0.05080555727,fitted
17,total,80,0.0556018502,fitted
17,total,81,0.06085874387,fitted
17,total,82,0.0666173469,fitted
17,total,83,0.07292177283,fitted
17,total,84,0.07981921346,fitted
17,total,85,0.08735997625,fitted
17,total,86,0.09559747521,fitted
17,total,87,0.1045881622,fitted
17,total,88,0.114391384,fitted
17,total,89,0.125069147,fitted
17,total,90,0.1366857703,fitted
17,total,91,0.1415428167,raw
17,total,92,0.1541081311,raw
17,total,93,0.1670991178,raw
17,total,94,0.1825192802,raw
17,total,95,0.197092084,raw
17,total,96,0.2143600416,raw
17,total,97,0.2331961591,raw
17,total,98,0.2527881041,raw
17,total,99,0.2724935733,raw
17,total,100,0.2941176471,raw
17,total,101,0.3135135135,raw
17,total,102,0.336,raw
17,total,103,0.3703703704,raw
17,total,104,0.3846153846,raw
17,total,105,0.4242424242,raw
17,total,106,0.5263157895,raw
17,total,107,0.6666666667,raw
17,total,108,0.4,raw
17,total,109,1,raw
18,female,0,0.01000062504,raw
18,female,1,0.001224989792,raw
18,female,2,0.000496056352,raw
18,female,3,0.0002919281857,raw
18,female,4,0.0002863825116,raw
18,female,5,0.0001906577693,raw
18,female,6,0.0001893043067,raw
18,female,7,0.0001860119048,raw
18,female,8,0.0001810118563,raw
18,female,9,0.0001770068148,raw
18,female,10,0.0001752848379,raw
18,female,11,0.0002602472349,raw
18,female,12,0.0002574996781,raw
18,female,13,0.000340947835,raw
18,female,14,0.0003410641201,raw
18,female,15,0.0004301260269,raw
18,female,16,0.0004356349379,raw
18,female,17,0.0005300353357,raw
18,female,18,0.0005368647101,raw
18,female,19,0.0006329972419,raw
18,female,20,0.0006385404789,raw
18,female,21,0.0007346189164,raw
18,female,22,0.0007405350366,raw
18,female,23,0.0008440005627,raw
18,female,24,0.0008597220232,raw
18,female,25,0.0008739985433,raw
18,female,26,0.000881877419,raw
18,female,27,0.0009816432708,raw
18,female,28,0.0009806805923,raw
18,female,29,0.0009801999608,raw
18,female,30,0.001026222576,fitted
18,female,31,0.001063742416,fitted
18,female,32,0.001105141861,fitted
18,female,33,0.00115082188,fitted
18,female,34,0.001201224844,fitted
18,female,35,0.00125683879,fitted
18,female,36,0.001318202126,fitted
18,female,37,0.001385908817,fitted
18,female,38,0.001460614098,fitted
18,female,39,0.001543040781,fitted
18,female,40,0.001633986195,fitted
18,female,41,0.001734329843,fitted
18,female,42,0.001845041834,fitted
18,female,43,0.001967192176,fitted
18,female,44,0.002101961012,fitted
18,female,45,0.002250649888,fitted
18,female,46,0.002414694173,fitted
18,female,47,0.002595676717,fitted
18,female,48,0.002795342894,fitted
18,female,49,0.00301561715,fitted
18,female,50,0.003258621208,fitted
18,female,51,0.003526694081,fitted
18,female,52,0.00382241408,fitted
18,female,53,0.004148622985,fitted
18,female,54,0.0045084526,fitted
18,female,55,0.004905353902,fitted
18,female,56,0.005343129011,fitted
18,female,57,0.005825966259,fitted
18,female,58,0.006358478599,fitted
18,female,59,0.006945745661,fitted
18,female,60,0.007593359764,fitted
18,female,61,0.00830747618,fitted
18,female,62,0.009094868028,fitted
18,female,63,0.009962986105,fitted
18,female,64,0.01092002405,fitted
18,female,65,0.01197498916,fitted
18,female,66,0.01313777932,fitted
18,female,67,0.01441926623,fitted
18,female,68,0.01583138543,fitted
18,female,69,0.01738723339,fitted
18,female,70,0.01910117176,fitted
18,female,71,0.02098893924,fitted
18,female,72,0.02306777085,fitted
18,female,73,0.0253565248,fitted
18,female,74,0.02787581658,fitted
18,female,75,0.03064815991,fitted
18,female,76,0.03369811379,fitted
18,female,77,0.03705243461,fitted
18,female,78,0.04074023185,fitted
18,female,79,0.04479312523,fitted
18,female,80,0.04924540081,fitted
18,female,81,0.05413416243,fitted
18,female,82,0.05949947412,fitted
18,female,83,0.06538448803,fitted
18,female,84,0.07183555096,fitted
18,female,85,0.07890228124,fitted
18,female,86,0.08663760562,fitted
18,female,87,0.09509774425,fitted
18,female,88,0.1043421291,fitted
18,female,89,0.114433239,fitted
18,female,90,0.1254363317,fitted
18,female,91,0.133640553,raw
18,female,92,0.1486676017,raw
18,female,93,0.1597222222,raw
18,female,94,0.176344086,raw
18,female,95,0.1886792453,raw
18,female,96,0.2083333333,raw
18,female,97,0.2304147465,raw
18,female,98,0.25,raw
18,female,99,0.2711864407,raw
18,female,100,0.2926829268,raw
18,female,101,0.3157894737,raw
18,female,102,0.358974359,raw
18,female,103,0.4347826087,raw
18,female,104,0.4615384615,raw
18,female,105,0.5,raw
18,female,106,0.4,raw
18,female,107,0.4,raw
18,female,108,1,raw
18,female,109,1,raw
18,male,0,0.01234852972,raw
18,male,1,0.001478488,raw
18,male,2,0.0004795013186,raw
18,male,3,0.0002831925237,raw
18,male,4,0.0002776363889,raw
18,male,5,0.0001842468908,raw
18,male,6,0.0001825150575,raw
18,male,7,0.000178906879,raw
18,male,8,0.0001736714137,raw
18,male,9,0.0001695921309,raw
18,male,10,0.0002517940325,raw
18,male,11,0.0002491383964,raw
18,male,12,0.00032843419,raw
18,male,13,0.0004891969018,raw
18,male,14,0.0006528480496,raw
18,male,15,0.0008250825083,raw
18,male,16,0.001007387508,raw
18,male,17,0.001284191601,raw
18,male,18,0.001569311247,raw
18,male,19,0.0019472473,raw
18,male,20,0.00223924045,raw
18,male,21,0.002530730296,raw
18,male,22,0.002830404017,raw
18,male,23,0.003153988868,raw
18,male,24,0.003413292879,raw
18,male,25,0.003670788253,raw
18,male,26,0.00390625,raw
18,male,27,0.004114017044,raw
18,male,28,0.004214240212,raw
18,male,29,0.00441804526,raw
18,male,30,0.00427397332,fitted
18,male,31,0.004322130367,fitted
18,male,32,0.004374955301,fitted
18,male,33,0.004432900298,fitted
18,male,34,0.004496461277,fitted
18,male,35,0.004566182123,fitted
18,male,36,0.004642659307,fitted
18,male,37,0.00472654696,fitted
18,male,38,0.004818562421,fitted
18,male,39,0.00491949232,fitted
18,male,40,0.005030199247,fitted
18,male,41,0.005151629044,fitted
18,male,42,0.005284818802,fitted
18,male,43,0.005430905611,fitted
18,male,44,0.005591136138,fitted
18,male,45,0.005766877114,fitted
18,male,46,0.005959626804,fitted
18,male,47,0.006171027562,fitted
18,male,48,0.006402879553,fitted
18,male,49,0.00665715576,fitted
18,male,50,0.006936018388,fitted
18,male,51,0.007241836782,fitted
18,male,52,0.007577206999,fitted
18,male,53,0.00794497317,fitted
18,male,54,0.008348250809,fitted
18,male,55,0.008790452234,fitted
18,male,56,0.009275314267,fitted
18,male,57,0.009806928403,fitted
18,male,58,0.01038977364,fitted
18,male,59,0.0110287522,fitted
18,male,60,0.01172922829,fitted
18,male,61,0.0124970702,fitted
18,male,62,0.01333869598,fitted
18,male,63,0.01426112279,fitted
18,male,64,0.01527202034,fitted
18,male,65,0.0163797686,fitted
18,male,66,0.01759351984,fitted
18,male,67,0.01892326553,fitted
18,male,68,0.020379908,fitted
18,male,69,0.02197533718,fitted
18,male,70,0.02372251245,fitted
18,male,71,0.02563554974,fitted
18,male,72,0.02772981377,fitted
18,male,73,0.03002201538,fitted
18,male,74,0.0325303136,fitted
18,male,75,0.03527442218,fitted
18,male,76,0.03827571981,fitted
18,male,77,0.04155736335,fitted
18,male,78,0.04514440274,fitted
18,male,79,0.04906389616,fitted
18,male,80,0.05334502357,fitted
18,male,81,0.05801919594,fitted
18,male,82,0.06312015736,fitted
18,male,83,0.06868407603,fitted
18,male,84,0.07474961964,fitted
18,male,85,0.08135800952,fitted
18,male,86,0.08855304678,fitted
18,male,87,0.09638110268,fitted
18,male,88,0.1048910638,fitted
18,male,89,0.1141342214,fitted
18,male,90,0.1241640917,fitted
18,male,91,0.1262626263,raw
18,male,92,0.1369863014,raw
18,male,93,0.1457943925,raw
18,male,94,0.1588785047,raw
18,male,95,0.1721068249,raw
18,male,96,0.1846153846,raw
18,male,97,0.202020202,raw
18,male,98,0.2162162162,raw
18,male,99,0.2385321101,raw
18,male,100,0.2564102564,raw
18,male,101,0.2545454545,raw
18,male,102,0.3,raw
18,male,103,0.2857142857,raw
18,male,104,0.3157894737,raw
18,male,105,0.2857142857,raw
18,male,106,0.4,raw
18,male,107,0.4,raw
18,male,108,0.6666666667,raw
18,male,109,1,raw
18,total,0,0.01119626178,raw
18,total,1,0.001353960334,raw
18,total,2,0.0004876383674,raw
18,total,3,0.0002874940105,raw
18,total,4,0.0002819416381,raw
18,total,5,0.000187397517,raw
18,total,6,0.0001858476978,raw
18,total,7,0.0001823902239,raw
18,total,8,0.0001772656769,raw
18,total,9,0.0001732201628,raw
18,total,10,0.0002143668675,raw
18,total,11,0.0002545716831,raw
18,total,12,0.0002937535408,raw
18,total,13,0.0004167187565,raw
18,total,14,0.0005003752815,raw
18,total,15,0.0006317252416,raw
18,total,16,0.0007268218645,raw
18,total,17,0.0009130236299,raw
18,total,18,0.001059789808,raw
18,total,19,0.001297161899,raw
18,total,20,0.001446196954,raw
18,total,21,0.001639792293,raw
18,total,22,0.001792650134,raw
18,total,23,0.002005269662,raw
18,total,24,0.002141276677,raw
18,total,25,0.002276084167,raw
18,total,26,0.002396615392,raw
18,total,27,0.002549519514,raw
18,total,28,0.00259797554,raw
18,total,29,0.002697731453,raw
18,total,30,0.002638175058,fitted
18,total,31,0.002679455648,fitted
18,total,32,0.002724905502,fitted
18,total,33,0.002774945487,fitted
18,total,34,0.002830038909,fitted
18,total,35,0.002890695781,fitted
18,total,36,0.002957477522,fitted
18,total,37,0.003031002118,fitted
18,total,38,0.00311194981,fitted
18,total,39,0.003201069343,fitted
18,total,40,0.003299184834,fitted
18,total,41,0.003407203335,fitted
18,total,42,0.003526123135,fitted
18,total,43,0.003657042894,fitted
18,total,44,0.003801171678,fitted
18,total,45,0.003959839987,fitted
18,total,46,0.004134511867,fitted
18,total,47,0.004326798214,fitted
18,total,48,0.004538471387,fitted
18,total,49,0.004771481242,fitted
18,total,50,0.00502797273,fitted
18,total,51,0.005310305202,fitted
18,total,52,0.005621073583,fitted
18,total,53,0.005963131568,fitted
18,total,54,0.006339617054,fitted
18,total,55,0.00675397997,fitted
18,total,56,0.007210012748,fitted
18,total,57,0.007711883644,fitted
18,total,58,0.00826417315,fitted
18,total,59,0.008871913764,fitted
18,total,60,0.009540633382,fitted
18,total,61,0.01027640259,fitted
18,total,62,0.01108588616,fitted
18,total,63,0.01197639905,fitted
18,total,64,0.01295596721,fitted
18,total,65,0.01403339353,fitted
18,total,66,0.0152183292,fitted
18,total,67,0.01652135079,fitted
18,total,68,0.0179540434,fitted
18,total,69,0.01952908993,fitted
18,total,70,0.0212603669,fitted
18,total,71,0.02316304676,fitted
18,total,72,0.02525370678,fitted
18,total,73,0.02755044451,fitted
18,total,74,0.03007299941,fitted
18,total,75,0.03284288034,fitted
18,total,76,0.03588349816,fitted
18,total,77,0.03922030248,fitted
18,total,78,0.04288092111,fitted
18,total,79,0.04689530046,fitted
18,total,80,0.05129584443,fitted
18,total,81,0.05611754869,fitted
18,total,82,0.06139812652,fitted
18,total,83,0.0671781213,fitted
18,total,84,0.07350099977,fitted
18,total,85,0.08041321864,fitted
18,total,86,0.08796425604,fitted
18,total,87,0.09620659704,fitted
18,total,88,0.1051956611,fitted
18,total,89,0.1149896572,fitted
18,total,90,0.1256493487,fitted
18,total,91,0.1301204819,raw
18,total,92,0.1430656934,raw
18,total,93,0.1530153015,raw
18,total,94,0.1679731243,raw
18,total,95,0.1807909605,raw
18,total,96,0.197080292,raw
18,total,97,0.2168674699,raw
18,total,98,0.2337662338,raw
18,total,99,0.2555066079,raw
18,total,100,0.275,raw
18,total,101,0.2857142857,raw
18,total,102,0.3291139241,raw
18,total,103,0.3529411765,raw
18,total,104,0.375,raw
18,total,105,0.3636363636,raw
18,total,106,0.4,raw
18,total,107,0.4,raw
18,total,108,0.6666666667,raw
18,total,109,1,raw
19,female,0,0.008370322378,raw
19,female,1,0.001111369308,raw
19,female,2,0.0004629117147,raw
19,female,3,0.0003242082227,raw
19,female,4,0.0002457103075,raw
19,female,5,0.0002069322297,raw
19,female,6,0.0001873107381,raw
19,female,7,0.0001659303507,raw
19,female,8,0.0001653678401,raw
19,female,9,0.0001658409171,raw
19,female,10,0.000187011044,raw
19,female,11,0.0002071637215,raw
19,female,12,0.0002473665767,raw
19,female,13,0.0002675144818,raw
19,female,14,0.0003298561003,raw
19,female,15,0.0003699136868,raw
19,female,16,0.0004298566121,raw
19,female,17,0.0004878346241,raw
19,female,18,0.0005444261849,raw
19,female,19,0.0005794379452,raw
19,female,20,0.0006296114117,raw
19,female,21,0.0006761651775,raw
19,female,22,0.0007221177052,raw
19,female,23,0.0007720917094,raw
19,female,24,0.0008092518185,raw
19,female,25,0.0008334438278,raw
19,female,26,0.0008738103831,raw
19,female,27,0.000892543464,raw
19,female,28,0.0009289187575,raw
19,female,29,0.0009668887983,raw
19,female,30,0.0009472561802,fitted
19,female,31,0.0009792912758,fitted
19,female,32,0.001014645184,fitted
19,female,33,0.001053661596,fitted
19,female,34,0.001096719764,fitted
19,female,35,0.001144238175,fitted
19,female,36,0.001196678603,fitted
19,female,37,0.001254550579,fitted
19,female,38,0.001318416312,fitted
19,female,39,0.001388896125,fitted
19,female,40,0.001466674446,fitted
19,female,41,0.001552506408,fitted
19,female,42,0.00164722513,fitted
19,female,43,0.001751749739,fitted
19,female,44,0.00186709421,fitted
19,female,45,0.001994377107,fitted
19,female,46,0.002134832318,fitted
19,female,47,0.002289820869,fitted
19,female,48,0.002460843948,fitted
19,female,49,0.002649557231,fitted
19,female,50,0.002857786657,fitted
19,female,51,0.003087545787,fitted
19,female,52,0.003341054895,fitted
19,female,53,0.003620761969,fitted
19,female,54,0.003929365784,fitted
19,female,55,0.004269841267,fitted
19,female,56,0.004645467343,fitted
19,female,57,0.005059857506,fitted
19,female,58,0.005516993353,fitted
19,female,59,0.006021261351,fitted
19,female,60,0.006577493107,fitted
19,female,61,0.007191009458,fitted
19,female,62,0.007867668678,fitted
19,female,63,0.008613919154,fitted
19,female,64,0.009436856859,fitted
19,female,65,0.010344288,fitted
19,female,66,0.0113447972,fitted
19,female,67,0.01244782157,fitted
19,female,68,0.01366373104,fitted
19,female,69,0.01500391536,fitted
19,female,70,0.01648087796,fitted
19,female,71,0.01810833711,fitted
19,female,72,0.01990133452,fitted
19,female,73,0.02187635146,fitted
19,female,74,0.02405143261,fitted
19,female,75,0.02644631733,fitted
19,female,76,0.02908257816,fitted
19,female,77,0.03198376588,fitted
19,female,78,0.03517556039,fitted
19,female,79,0.03868592603,fitted
19,female,80,0.04254526958,fitted
19,female,81,0.04678659877,fitted
19,female,82,0.05144567799,fitted
19,female,83,0.05656117752,fitted
19,female,84,0.06217481113,fitted
19,female,85,0.06833145605,fitted
19,female,86,0.07507924748,fitted
19,female,87,0.08246963858,fitted
19,female,88,0.09055741458,fitted
19,female,89,0.09940064769,fitted
19,female,90,0.1090605771,fitted
19,female,91,0.1163043478,raw
19,female,92,0.1277722608,raw
19,female,93,0.1387755102,raw
19,female,94,0.151653944,raw
19,female,95,0.1654906992,raw
19,female,96,0.1824212272,raw
19,female,97,0.2008928571,raw
19,female,98,0.2222222222,raw
19,female,99,0.2392776524,raw
19,female,100,0.2608695652,raw
19,female,101,0.2886597938,raw
19,female,102,0.3140495868,raw
19,female,103,0.3291139241,raw
19,female,104,0.3396226415,raw
19,female,105,0.4242424242,raw
19,female,106,0.4444444444,raw
19,female,107,0.6666666667,raw
19,female,108,0,raw
19,female,109,1,raw
19,male,0,0.0101258778,raw
19,male,1,0.001242139585,raw
19,male,2,0.0004827979105,raw
19,male,3,0.0002916954311,raw
19,male,4,0.0002357147066,raw
19,male,5,0.0001983103954,raw
19,male,6,0.0001793275218,raw
19,male,7,0.0001785306924,raw
19,male,8,0.0001777549549,raw
19,male,9,0.000198019802,raw
19,male,10,0.0002185075931,raw
19,male,11,0.000257627253,raw
19,male,12,0.0003156005286,raw
19,male,13,0.0003939411846,raw
19,male,14,0.0005133470226,raw
19,male,15,0.0006887662229,raw
19,male,16,0.0009029168139,raw
19,male,17,0.001151792599,raw
19,male,18,0.001435026276,raw
19,male,19,0.001710896875,raw
19,male,20,0.001998906259,raw
19,male,21,0.002284493082,raw
19,male,22,0.002576739074,raw
19,male,23,0.002861942388,raw
19,male,24,0.003134435403,raw
19,male,25,0.003373938985,raw
19,male,26,0.003565188857,raw
19,male,27,0.003726302219,raw
19,male,28,0.003882198976,raw
19,male,29,0.003994883745,raw
19,male,30,0.003755864163,fitted
19,male,31,0.003790043544,fitted
19,male,32,0.003827761722,fitted
19,male,33,0.003869384935,fitted
19,male,34,0.003915317289,fitted
19,male,35,0.003966004667,fitted
19,male,36,0.004021939039,fitted
19,male,37,0.004083663216,fitted
19,male,38,0.004151776087,fitted
19,male,39,0.004226938399,fitted
19,male,40,0.004309879127,fitted
19,male,41,0.004401402493,fitted
19,male,42,0.004502395704,fitted
19,male,43,0.004613837481,fitted
19,male,44,0.004736807455,fitted
19,male,45,0.004872496516,fitted
19,male,46,0.005022218213,fitted
19,male,47,0.005187421316,fitted
19,male,48,0.005369703633,fitted
19,male,49,0.005570827227,fitted
19,male,50,0.005792735163,fitted
19,male,51,0.006037569925,fitted
19,male,52,0.006307693672,fitted
19,male,53,0.006605710507,fitted
19,male,54,0.006934490948,fitted
19,male,55,0.007297198798,fitted
19,male,56,0.007697320657,fitted
19,male,57,0.008138698284,fitted
19,male,58,0.008625564097,fitted
19,male,59,0.009162580062,fitted
19,male,60,0.009754880267,fitted
19,male,61,0.01040811751,fitted
19,male,62,0.01112851418,fitted
19,male,63,0.01192291784,fitted
19,male,64,0.01279886181,fitted
19,male,65,0.0137646311,fitted
19,male,66,0.01482933414,fitted
19,male,67,0.0160029806,fitted
19,male,68,0.01729656564,fitted
19,male,69,0.01872216105,fitted
19,male,70,0.02029301333,fitted
19,male,71,0.02202364931,fitted
19,male,72,0.02392998909,fitted
19,male,73,0.0260294667,fitted
19,male,74,0.02834115817,fitted
19,male,75,0.03088591698,fitted
19,male,76,0.03368651616,fitted
19,male,77,0.03676779657,fitted
19,male,78,0.04015682002,fitted
19,male,79,0.04388302573,fitted
19,male,80,0.04797838813,fitted
19,male,81,0.05247757295,fitted
19,male,82,0.05741808835,fitted
19,male,83,0.06284042624,fitted
19,male,84,0.06878818827,fitted
19,male,85,0.07530818931,fitted
19,male,86,0.08245052986,fitted
19,male,87,0.09026862696,fitted
19,male,88,0.09881919091,fitted
19,male,89,0.1081621332,fitted
19,male,90,0.1183603882,fitted
19,male,91,0.1197237145,raw
19,male,92,0.1291248207,raw
19,male,93,0.1387077653,raw
19,male,94,0.1497405486,raw
19,male,95,0.1607476636,raw
19,male,96,0.1770334928,raw
19,male,97,0.1960784314,raw
19,male,98,0.2179176755,raw
19,male,99,0.2287822878,raw
19,male,100,0.2365591398,raw
19,male,101,0.2595419847,raw
19,male,102,0.2857142857,raw
19,male,103,0.2950819672,raw
19,male,104,0.3333333333,raw
19,male,105,0.4,raw
19,male,106,0.2222222222,raw
19,male,107,0.6666666667,raw
19,male,108,0,raw
19,male,109,1,raw
19,total,0,0.00926583077,raw
19,total,1,0.001178072021,raw
19,total,2,0.0004730602068,raw
19,total,3,0.0003076175024,raw
19,total,4,0.0002406087401,raw
19,total,5,0.0002025295946,raw
19,total,6,0.0001832322163,raw
19,total,7,0.0001723709626,raw
19,total,8,0.0001717024296,raw
19,total,9,0.0001822987877,raw
19,total,10,0.0002031137335,raw
19,total,11,0.0002329550346,raw
19,total,12,0.0002822353036,raw
19,total,13,0.0003321105626,raw
19,total,14,0.0004235835166,raw
19,total,15,0.0005327945072,raw
19,total,16,0.0006713460488,raw
19,total,17,0.0008265162341,raw
19,total,18,0.0009984134123,raw
19,total,19,0.001156092017,raw
19,total,20,0.001328788492,raw
19,total,21,0.001499412966,raw
19,total,22,0.001674073594,raw
19,total,23,0.001847144242,raw
19,total,24,0.0020072077,raw
19,total,25,0.002144683659,raw
19,total,26,0.00226560816,raw
19,total,27,0.002360842949,raw
19,total,28,0.002461796564,raw
19,total,29,0.002540532419,raw
19,total,30,0.00240449305,fitted
19,total,31,0.002435821558,fitted
19,total,32,0.002470436742,fitted
19,total,33,0.002508683275,fitted
19,total,34,0.002550941946,fitted
19,total,35,0.002597633439,fitted
19,total,36,0.002649222504,fitted
19,total,37,0.002706222563,fitted
19,total,38,0.002769200795,fitted
19,total,39,0.002838783754,fitted
19,total,40,0.002915663561,fitted
19,total,41,0.00300060475,fitted
19,total,42,0.003094451812,fitted
19,total,43,0.003198137532,fitted
19,total,44,0.003312692174,fitted
19,total,45,0.003439253626,fitted
19,total,46,0.003579078582,fitted
19,total,47,0.003733554878,fitted
19,total,48,0.003904215085,fitted
19,total,49,0.004092751503,fitted
19,total,50,0.004301032678,fitted
19,total,51,0.004531121598,fitted
19,total,52,0.004785295736,fitted
19,total,53,0.005066069113,fitted
19,total,54,0.005376216583,fitted
19,total,55,0.005718800543,fitted
19,total,56,0.006097200303,fitted
19,total,57,0.006515144361,fitted
19,total,58,0.006976745845,fitted
19,total,59,0.007486541422,fitted
19,total,60,0.008049533958,fitted
19,total,61,0.008671239271,fitted
19,total,62,0.009357737313,fitted
19,total,63,0.01011572814,fitted
19,total,64,0.01095259308,fitted
19,total,65,0.0118764614,fitted
19,total,66,0.01289628301,fitted
19,total,67,0.01402190744,fitted
19,total,68,0.01526416967,fitted
19,total,69,0.01663498302,fitted
19,total,70,0.0181474395,fitted
19,total,71,0.01981591807,fitted
19,total,72,0.02165620077,fitted
19,total,73,0.0236855971,fitted
19,total,74,0.02592307656,fitted
19,total,75,0.02838940914,fitted
19,total,76,0.03110731348,fitted
19,total,77,0.03410161194,fitted
19,total,78,0.03739939166,fitted
19,total,79,0.04103016994,fitted
19,total,80,0.0450260622,fitted
19,total,81,0.04942194949,fitted
19,total,82,0.05425564224,fitted
19,total,83,0.05956803573,fitted
19,total,84,0.0654032513,fitted
19,total,85,0.07180875655,fitted
19,total,86,0.07883545544,fitted
19,total,87,0.0865377378,fitted
19,total,88,0.09497347524,fitted
19,total,89,0.1042039482,fitted
19,total,90,0.114293686,fitted
19,total,91,0.1177219217,raw
19,total,92,0.1283255086,raw
19,total,93,0.1387478849,raw
19,total,94,0.1508750754,raw
19,total,95,0.1635602891,raw
19,total,96,0.180215475,raw
19,total,97,0.198938992,raw
19,total,98,0.2205323194,raw
19,total,99,0.2352941176,raw
19,total,100,0.2515463918,raw
19,total,101,0.2769230769,raw
19,total,102,0.3018867925,raw
19,total,103,0.3142857143,raw
19,total,104,0.3370786517,raw
19,total,105,0.4166666667,raw
19,total,106,0.3703703704,raw
19,total,107,0.6666666667,raw
19,total,108,0,raw
19,total,109,1,raw
20,female,0,0.01176579459,raw
20,female,1,0.001519615031,raw
20,female,2,0.0006414025335,raw
20,female,3,0.0004029928939,raw
20,female,4,0.0002950604203,raw
20,female,5,0.000241426023,raw
20,female,6,0.0002136866286,raw
20,female,7,0.0002108259105,raw
20,female,8,0.0002079920963,raw
20,female,9,0.0002057401502,raw
20,female,10,0.00022960648,raw
20,female,11,0.0002528381078,raw
20,female,12,0.0003007443422,raw
20,female,13,0.0003486924035,raw
20,female,14,0.0003981882435,raw
20,female,15,0.000452591084,raw
20,female,16,0.0005104254396,raw
20,female,17,0.0005452775073,raw
20,female,18,0.0006067080811,raw
20,female,19,0.0006682079998,raw
20,female,20,0.0007017354457,raw
20,female,21,0.000761676777,raw
20,female,22,0.0007965172968,raw
20,female,23,0.0008372404555,raw
20,female,24,0.0008845391123,raw
20,female,25,0.0009288554759,raw
20,female,26,0.0009664523876,raw
20,female,27,0.0009959284103,raw
20,female,28,0.001051893408,raw
20,female,29,0.001079834814,raw
20,female,30,0.001114296719,fitted
20,female,31,0.001158854043,fitted
20,female,32,0.001208001987,fitted
20,female,33,0.001262213247,fitted
20,female,34,0.001322009139,fitted
20,female,35,0.001387964579,fitted
20,female,36,0.001460713589,fitted
20,female,37,0.001540955349,fitted
20,female,38,0.00162946087,fitted
20,female,39,0.001727080355,fitted
20,female,40,0.001834751288,fitted
20,female,41,0.001953507365,fitted
20,female,42,0.002084488313,fitted
20,female,43,0.002228950711,fitted
20,female,44,0.002388279893,fitted
20,female,45,0.00256400306,fitted
20,female,46,0.002757803696,fitted
20,female,47,0.002971537434,fitted
20,female,48,0.003207249502,fitted
20,female,49,0.003467193901,fitted
20,female,50,0.003753854484,fitted
20,female,51,0.004069968112,fitted
20,female,52,0.004418550078,fitted
20,female,53,0.004802922014,fitted
20,female,54,0.005226742504,fitted
20,female,55,0.00569404064,fitted
20,female,56,0.006209252792,fitted
20,female,57,0.006777262854,fitted
20,female,58,0.007403446269,fitted
20,female,59,0.008093718148,fitted
20,female,60,0.008854585787,fitted
20,female,61,0.009693205948,fitted
20,female,62,0.01061744723,fitted
20,female,63,0.01163595789,fitted
20,female,64,0.01275823949,fitted
20,female,65,0.01399472668,fitted
20,female,66,0.0153568735,fitted
20,female,67,0.01685724644,fitted
20,female,68,0.01850962463,fitted
20,female,69,0.0203291072,fitted
20,female,70,0.02233222811,fitted
20,female,71,0.0245370783,fitted
20,female,72,0.02696343508,fitted
20,female,73,0.02963289841,fitted
20,female,74,0.03256903344,fitted
20,female,75,0.03579751846,fitted
20,female,76,0.03934629687,fitted
20,female,77,0.04324573147,fitted
20,female,78,0.0475287587,fitted
20,female,79,0.05223103967,fitted
20,female,80,0.05739110413,fitted
20,female,81,0.0630504824,fitted
20,female,82,0.0692538191,fitted
20,female,83,0.07604896107,fitted
20,female,84,0.08348701033,fitted
20,female,85,0.09162233101,fitted
20,female,86,0.1005124969,fitted
20,female,87,0.1102181646,fitted
20,female,88,0.1208028527,fitted
20,female,89,0.132332609,fitted
20,female,90,0.1448755379,fitted
20,female,91,0.156232687,raw
20,female,92,0.1703975944,raw
20,female,93,0.1864268193,raw
20,female,94,0.2032520325,raw
20,female,95,0.2207958922,raw
20,female,96,0.2429284526,raw
20,female,97,0.2622222222,raw
20,female,98,0.2865761689,raw
20,female,99,0.3122362869,raw
20,female,100,0.3373493976,raw
20,female,101,0.3612334802,raw
20,female,102,0.3896103896,raw
20,female,103,0.4077669903,raw
20,female,104,0.4444444444,raw
20,female,105,0.4680851064,raw
20,female,106,0.5,raw
20,female,107,0.5263157895,raw
20,female,108,0.6666666667,raw
20,female,109,1,raw
20,male,0,0.01456145085,raw
20,male,1,0.001830250693,raw
20,male,2,0.0006995815466,raw
20,male,3,0.0003915171289,raw
20,male,4,0.0002867458259,raw
20,male,5,0.0002347142354,raw
20,male,6,0.0002339819834,raw
20,male,7,0.0002054706562,raw
20,male,8,0.0002284292948,raw
20,male,9,0.0002261278125,raw
20,male,10,0.0002740988999,raw
20,male,11,0.0003209282232,raw
20,male,12,0.0004159174037,raw
20,male,13,0.0005350324667,raw
20,male,14,0.0007295187608,raw
20,male,15,0.0009376002369,raw
20,male,16,0.001160268375,raw
20,male,17,0.001449763119,raw
20,male,18,0.001750570262,raw
20,male,19,0.002085788198,raw
20,male,20,0.002429663989,raw
20,male,21,0.002782422956,raw
20,male,22,0.003126748039,raw
20,male,23,0.003479389043,raw
20,male,24,0.003814755474,raw
20,male,25,0.004082017144,raw
20,male,26,0.004323112641,raw
20,male,27,0.004528692502,raw
20,male,28,0.004753687364,raw
20,male,29,0.0049504139,raw
20,male,30,0.005083599705,fitted
20,male,31,0.005141431829,fitted
20,male,32,0.005204784019,fitted
20,male,33,0.00527418276,fitted
20,male,34,0.005350204669,fitted
20,male,35,0.005433481259,fitted
20,male,36,0.005524704136,fitted
20,male,37,0.005624630702,fitted
20,male,38,0.00573409038,fitted
20,male,39,0.005853991437,fitted
20,male,40,0.005985328429,fitted
20,male,41,0.006129190359,fitted
20,male,42,0.006286769581,fitted
20,male,43,0.006459371545,fitted
20,male,44,0.006648425438,fitted
20,male,45,0.00685549581,fitted
20,male,46,0.007082295279,fitted
20,male,47,0.007330698395,fitted
20,male,48,0.007602756783,fitted
20,male,49,0.007900715659,fitted
20,male,50,0.008227031847,fitted
20,male,51,0.008584393428,fitted
20,male,52,0.008975741144,fitted
20,male,53,0.00940429172,fitted
20,male,54,0.009873563246,fitted
20,male,55,0.01038740279,fitted
20,male,56,0.01095001642,fitted
20,male,57,0.01156600181,fitted
20,male,58,0.01224038365,fitted
20,male,59,0.01297865197,fitted
20,male,60,0.01378680376,fitted
20,male,61,0.0146713879,fitted
20,male,62,0.01563955374,fitted
20,male,63,0.01669910352,fitted
20,male,64,0.01785854878,fitted
20,male,65,0.01912717101,fitted
20,male,66,0.02051508679,fitted
20,male,67,0.02203331736,fitted
20,male,68,0.02369386297,fitted
20,male,69,0.02550978194,fitted
20,male,70,0.02749527448,fitted
20,male,71,0.02966577125,fitted
20,male,72,0.03203802632,fitted
20,male,73,0.03463021442,fitted
20,male,74,0.0374620319,fitted
20,male,75,0.04055480073,fitted
20,male,76,0.04393157464,fitted
20,male,77,0.04761724624,fitted
20,male,78,0.05163865351,fitted
20,male,79,0.05602468367,fitted
20,male,80,0.06080637207,fitted
20,male,81,0.06601699285,fitted
20,male,82,0.07169213779,fitted
20,male,83,0.07786977879,fitted
20,male,84,0.08459030841,fitted
20,male,85,0.09189655224,fitted
20,male,86,0.0998337452,fitted
20,male,87,0.1084494631,fitted
20,male,88,0.1177934991,fitted
20,male,89,0.1279176731,fitted
20,male,90,0.1388755607,fitted
20,male,91,0.1418030157,raw
20,male,92,0.1532596264,raw
20,male,93,0.164446486,raw
20,male,94,0.1771300448,raw
20,male,95,0.1893572909,raw
20,male,96,0.2064180399,raw
20,male,97,0.2217245241,raw
20,male,98,0.2385861561,raw
20,male,99,0.256,raw
20,male,100,0.2808988764,raw
20,male,101,0.3020408163,raw
20,male,102,0.3095238095,raw
20,male,103,0.3247863248,raw
20,male,104,0.3529411765,raw
20,male,105,0.3492063492,raw
20,male,106,0.4,raw
20,male,107,0.4285714286,raw
20,male,108,0.5714285714,raw
20,male,109,1,raw
20,total,0,0.01319009692,raw
20,total,1,0.001677544494,raw
20,total,2,0.0006709422792,raw
20,total,3,0.0003971721344,raw
20,total,4,0.0002908437112,raw
20,total,5,0.0002380228237,raw
20,total,6,0.0002239715424,raw
20,total,7,0.0002081138383,raw
20,total,8,0.0002183336009,raw
20,total,9,0.0002160527169,raw
20,total,10,0.0002521146113,raw
20,total,11,0.0002872899192,raw
20,total,12,0.000359024197,raw
20,total,13,0.0004429733355,raw
20,total,14,0.0005657708628,raw
20,total,15,0.000697384807,raw
20,total,16,0.0008372553248,raw
20,total,17,0.000998191588,raw
20,total,18,0.001177069626,raw
20,total,19,0.001372258846,raw
20,total,20,0.001555889177,raw
20,total,21,0.00175556216,raw
20,total,22,0.001936325752,raw
20,total,23,0.00212198549,raw
20,total,24,0.002300409945,raw
20,total,25,0.002443512625,raw
20,total,26,0.002569868294,raw
20,total,27,0.002674742133,raw
20,total,28,0.002802716479,raw
20,total,29,0.002902712801,raw
20,total,30,0.002959835055,fitted
20,total,31,0.003009093051,fitted
20,total,32,0.003063282978,fitted
20,total,33,0.003122898332,fitted
20,total,34,0.003188481927,fitted
20,total,35,0.003260630802,fitted
20,total,36,0.00334000163,fitted
20,total,37,0.003427316649,fitted
20,total,38,0.003523370183,fitted
20,total,39,0.003629035813,fitted
20,total,40,0.003745274244,fitted
20,total,41,0.003873141955,fitted
20,total,42,0.00401380069,fitted
20,total,43,0.004168527888,fitted
20,total,44,0.004338728126,fitted
20,total,45,0.004525945681,fitted
20,total,46,0.004731878309,fitted
20,total,47,0.00495839237,fitted
20,total,48,0.005207539401,fitted
20,total,49,0.005481574295,fitted
20,total,50,0.005782975219,fitted
20,total,51,0.006114465425,fitted
20,total,52,0.006479037146,fitted
20,total,53,0.006879977728,fitted
20,total,54,0.007320898231,fitted
20,total,55,0.007805764678,fitted
20,total,56,0.008338932191,fitted
20,total,57,0.00892518226,fitted
20,total,58,0.009569763373,fitted
20,total,59,0.0102784353,fitted
20,total,60,0.01105751728,fitted
20,total,61,0.0119139404,fitted
20,total,62,0.0128553045,fitted
20,total,63,0.01388993983,fitted
20,total,64,0.01502697375,fitted
20,total,65,0.01627640289,fitted
20,total,66,0.01764917084,fitted
20,total,67,0.01915725175,fitted
20,total,68,0.02081373998,fitted
20,total,69,0.02263294595,fitted
20,total,70,0.02463049832,fitted
20,total,71,0.02682345228,fitted
20,total,72,0.02923040403,fitted
20,total,73,0.03187161094,fitted
20,total,74,0.03476911684,fitted
20,total,75,0.03794688176,fitted
20,total,76,0.04143091482,fitted
20,total,77,0.04524940884,fitted
20,total,78,0.04943287458,fitted
20,total,79,0.05401427203,fitted
20,total,80,0.05902913541,fitted
20,total,81,0.06451568781,fitted
20,total,82,0.07051494023,fitted
20,total,83,0.07707076888,fitted
20,total,84,0.08422996315,fitted
20,total,85,0.09204223517,fitted
20,total,86,0.1005601802,fitted
20,total,87,0.1098391752,fitted
20,total,88,0.1199372011,fitted
20,total,89,0.1309145717,fitted
20,total,90,0.1428335501,fitted
20,total,91,0.1495466032,raw
20,total,92,0.1623931624,raw
20,total,93,0.176076141,raw
20,total,94,0.1908315565,raw
20,total,95,0.2056572379,raw
20,total,96,0.2250530786,raw
20,total,97,0.2420524261,raw
20,total,98,0.262295082,raw
20,total,99,0.2833675565,raw
20,total,100,0.3081395349,raw
20,total,101,0.3305084746,raw
20,total,102,0.347826087,raw
20,total,103,0.3636363636,raw
20,total,104,0.3949044586,raw
20,total,105,0.4,raw
20,total,106,0.4415584416,raw
20,total,107,0.4680851064,raw
20,total,108,0.6153846154,raw
20,total,109,1,raw
21,female,0,0.01158100094,raw
21,female,1,0.001486824207,raw
21,female,2,0.0006244945997,raw
21,female,3,0.0003908922115,raw
21,female,4,0.0002970051976,raw
21,female,5,0.0002504403576,raw
21,female,6,0.0002187539439,raw
21,female,7,0.0002016806723,raw
21,female,8,0.0002017959843,raw
21,female,9,0.0002016366172,raw
21,female,10,0.0002167407197,raw
21,female,11,0.0002473920752,raw
21,female,12,0.0002934176637,raw
21,female,13,0.0003391883707,raw
21,female,14,0.0003858334807,raw
21,female,15,0.0004339963834,raw
21,female,16,0.0004831618109,raw
21,female,17,0.0005325114369,raw
21,female,18,0.0005973763875,raw
21,female,19,0.0006449012495,raw
21,female,20,0.0006914572864,raw
21,female,21,0.0007365303018,raw
21,female,22,0.0007833795634,raw
21,female,23,0.0008356501197,raw
21,female,24,0.0008787775228,raw
21,female,25,0.0009251916468,raw
21,female,26,0.0009517528114,raw
21,female,27,0.0009908555786,raw
21,female,28,0.001028884672,raw
21,female,29,0.001069164779,raw
21,female,30,0.001085384433,fitted
21,female,31,0.001128144497,fitted
21,female,32,0.001175314135,fitted
21,female,33,0.001227347837,fitted
21,female,34,0.001284746884,fitted
21,female,35,0.001348064154,fitted
21,female,36,0.001417909419,fitted
21,female,37,0.001494955185,fitted
21,female,38,0.001579943121,fitted
21,female,39,0.001673691153,fitted
21,female,40,0.001777101268,fitted
21,female,41,0.00189116812,fitted
21,female,42,0.002016988507,fitted
21,female,43,0.002155771799,fitted
21,female,44,0.002308851435,fitted
21,female,45,0.00247769756,fitted
21,female,46,0.00266393095,fitted
21,female,47,0.002869338321,fitted
21,female,48,0.003095889173,fitted
21,female,49,0.003345754316,fitted
21,female,50,0.003621326221,fitted
21,female,51,0.0039252414,fitted
21,female,52,0.004260404977,fitted
21,female,53,0.00463001766,fitted
21,female,54,0.00503760535,fitted
21,female,55,0.005487051595,fitted
21,female,56,0.005982633176,fitted
21,female,57,0.006529059065,fitted
21,female,58,0.007131513066,fitted
21,female,59,0.00779570043,fitted
21,female,60,0.008527898776,fitted
21,female,61,0.009335013643,fitted
21,female,62,0.01022463903,fitted
21,female,63,0.01120512326,fitted
21,female,64,0.01228564057,fitted
21,female,65,0.01347626871,fitted
21,female,66,0.01478807299,fitted
21,female,67,0.01623319698,fitted
21,female,68,0.01782496026,fitted
21,female,69,0.01957796338,fitted
21,female,70,0.02150820021,fitted
21,female,71,0.02363317769,fitted
21,female,72,0.02597204302,fitted
21,female,73,0.02854571776,fitted
21,female,74,0.03137703872,fitted
21,female,75,0.03449090448,fitted
21,female,76,0.03791442664,fitted
21,female,77,0.04167708418,fitted
21,female,78,0.04581087864,fitted
21,female,79,0.05035048752,fitted
21,female,80,0.05533341217,fitted
21,female,81,0.06080011562,fitted
21,female,82,0.06679414469,fitted
21,female,83,0.07336222927,fitted
21,female,84,0.08055435022,fitted
21,female,85,0.08842376553,fitted
21,female,86,0.09702698215,fitted
21,female,87,0.106423659,fitted
21,female,88,0.1166764237,fitted
21,female,89,0.1278505835,fitted
21,female,90,0.140013707,fitted
21,female,91,0.150273224,raw
21,female,92,0.1637362637,raw
21,female,93,0.1785234899,raw
21,female,94,0.1943521595,raw
21,female,95,0.211789254,raw
21,female,96,0.2323707186,raw
21,female,97,0.2526690391,raw
21,female,98,0.273381295,raw
21,female,99,0.298013245,raw
21,female,100,0.3216783217,raw
21,female,101,0.3489932886,raw
21,female,102,0.3689320388,raw
21,female,103,0.3888888889,raw
21,female,104,0.4158415842,raw
21,female,105,0.4571428571,raw
21,female,106,0.4888888889,raw
21,female,107,0.4827586207,raw
21,female,108,0.5882352941,raw
21,female,109,1,raw
21,male,0,0.0141410578,raw
21,male,1,0.00175143351,raw
21,male,2,0.0006471195476,raw
21,male,3,0.0003766596566,raw
21,male,4,0.0002706252239,raw
21,male,5,0.0002416684792,raw
21,male,6,0.0002111709429,raw
21,male,7,0.0002109892964,raw
21,male,8,0.0002112327053,raw
21,male,9,0.0002437260844,raw
21,male,10,0.0002581852802,raw
21,male,11,0.0003194581989,raw
21,male,12,0.0003949103948,raw
21,male,13,0.0005168565723,raw
21,male,14,0.0006865131374,raw
21,male,15,0.0008916629514,raw
21,male,16,0.001118189478,raw
21,male,17,0.001380634616,raw
21,male,18,0.001675616587,raw
21,male,19,0.002000016,raw
21,male,20,0.002339406175,raw
21,male,21,0.002674374845,raw
21,male,22,0.003017947154,raw
21,male,23,0.003355351137,raw
21,male,24,0.003679898349,raw
21,male,25,0.003960663032,raw
21,male,26,0.004200276018,raw
21,male,27,0.00442827497,raw
21,male,28,0.004639963443,raw
21,male,29,0.004814207261,raw
21,male,30,0.004865313447,fitted
21,male,31,0.004920588727,fitted
21,male,32,0.004981160781,fitted
21,male,33,0.005047536804,fitted
21,male,34,0.005120272483,fitted
21,male,35,0.005199976619,fitted
21,male,36,0.005287316183,fitted
21,male,37,0.005383021859,fitted
21,male,38,0.005487894096,fitted
21,male,39,0.005602809744,fitted
21,male,40,0.005728729308,fitted
21,male,41,0.005866704881,fitted
21,male,42,0.006017888827,fitted
21,male,43,0.006183543269,fitted
21,male,44,0.006365050472,fitted
21,male,45,0.006563924177,fitted
21,male,46,0.006781822002,fitted
21,male,47,0.007020558979,fitted
21,male,48,0.007282122342,fitted
21,male,49,0.00756868767,fitted
21,male,50,0.007882636506,fitted
21,male,51,0.008226575575,fitted
21,male,52,0.008603357742,fitted
21,male,53,0.009016104846,fitted
21,male,54,0.009468232579,fitted
21,male,55,0.009963477566,fitted
21,male,56,0.01050592682,fitted
21,male,57,0.01110004975,fitted
21,male,58,0.01175073295,fitted
21,male,59,0.01246331794,fitted
21,male,60,0.01324364204,fitted
21,male,61,0.01409808266,fitted
21,male,62,0.01503360521,fitted
21,male,63,0.01605781477,fitted
21,male,64,0.01717901188,fitted
21,male,65,0.01840625244,fitted
21,male,66,0.01974941224,fitted
21,male,67,0.02121925587,fitted
21,male,68,0.02282751059,fitted
21,male,69,0.02458694487,fitted
21,male,70,0.02651145188,fitted
21,male,71,0.02861613783,fitted
21,male,72,0.03091741496,fitted
21,male,73,0.03343309896,fitted
21,male,74,0.03618251049,fitted
21,male,75,0.03918658002,fitted
21,male,76,0.0424679553,fitted
21,male,77,0.04605111032,fitted
21,male,78,0.04996245425,fitted
21,male,79,0.05423043851,fitted
21,male,80,0.05888565974,fitted
21,male,81,0.06396095554,fitted
21,male,82,0.06949148964,fitted
21,male,83,0.07551482198,fitted
21,male,84,0.08207095853,fitted
21,male,85,0.08920237456,fitted
21,male,86,0.09695400402,fitted
21,male,87,0.1053731863,fitted
21,male,88,0.1145095601,fitted
21,male,89,0.1244148937,fitted
21,male,90,0.1351428364,fitted
21,male,91,0.1367726455,raw
21,male,92,0.1472785486,raw
21,male,93,0.1585677749,raw
21,male,94,0.1707190895,raw
21,male,95,0.1834394904,raw
21,male,96,0.1990369181,raw
21,male,97,0.2152560084,raw
21,male,98,0.2321678322,raw
21,male,99,0.2504816956,raw
21,male,100,0.2699724518,raw
21,male,101,0.2903225806,raw
21,male,102,0.3095238095,raw
21,male,103,0.3304347826,raw
21,male,104,0.35,raw
21,male,105,0.3571428571,raw
21,male,106,0.3783783784,raw
21,male,107,0.4761904762,raw
21,male,108,0.2857142857,raw
21,male,109,1,raw
21,total,0,0.01288607747,raw
21,total,1,0.001621632107,raw
21,total,2,0.0006360249228,raw
21,total,3,0.0003836439784,raw
21,total,4,0.000283578764,raw
21,total,5,0.0002459762387,raw
21,total,6,0.000214895569,raw
21,total,7,0.0002064162425,raw
21,total,8,0.00020659535,raw
21,total,9,0.0002230345084,raw
21,total,10,0.000237801403,raw
21,total,11,0.0002840021584,raw
21,total,12,0.0003449617534,raw
21,total,13,0.000429389313,raw
21,total,14,0.0005384219486,raw
21,total,15,0.0006659373068,raw
21,total,16,0.0008042265689,raw
21,total,17,0.0009601152138,raw
21,total,18,0.001139637724,raw
21,total,19,0.001325040454,raw
21,total,20,0.001516896542,raw
21,total,21,0.001705371118,raw
21,total,22,0.001898376768,raw
21,total,23,0.002090066535,raw
21,total,24,0.002269589548,raw
21,total,25,0.002427802088,raw
21,total,26,0.002554580905,raw
21,total,27,0.002680804924,raw
21,total,28,0.002797275024,raw
21,total,29,0.002895438163,raw
21,total,30,0.002875358802,fitted
21,total,31,0.00292166913,fitted
21,total,32,0.00297264885,fitted
21,total,33,0.003028768491,fitted
21,total,34,0.003090545941,fitted
21,total,35,0.003158551197,fitted
21,total,36,0.003233411594,fitted
21,total,37,0.003315817557,fitted
21,total,38,0.00340652892,fitted
21,total,39,0.003506381879,fitted
21,total,40,0.003616296635,fitted
21,total,41,0.003737285792,fitted
21,total,42,0.003870463587,fitted
21,total,43,0.004017056037,fitted
21,total,44,0.00417841208,fitted
21,total,45,0.004356015813,fitted
21,total,46,0.004551499937,fitted
21,total,47,0.004766660506,fitted
21,total,48,0.005003473124,fitted
21,total,49,0.005264110711,fitted
21,total,50,0.005550962987,fitted
21,total,51,0.005866657837,fitted
21,total,52,0.006214084721,fitted
21,total,53,0.006596420317,fitted
21,total,54,0.007017156593,fitted
21,total,55,0.007480131522,fitted
21,total,56,0.007989562668,fitted
21,total,57,0.008550083879,fitted
21,total,58,0.009166785345,fitted
21,total,59,0.009845257297,fitted
21,total,60,0.01059163762,fitted
21,total,61,0.01141266368,fitted
21,total,62,0.01231572864,fitted
21,total,63,0.01330894266,fitted
21,total,64,0.01440119915,fitted
21,total,65,0.01560224646,fitted
21,total,66,0.01692276539,fitted
21,total,67,0.01837445253,fitted
21,total,68,0.01997010992,fitted
21,total,69,0.0217237411,fitted
21,total,70,0.02365065363,fitted
21,total,71,0.02576756816,fitted
21,total,72,0.02809273384,fitted
21,total,73,0.03064605003,fitted
21,total,74,0.03344919349,fitted
21,total,75,0.03652575068,fitted
21,total,76,0.03990135385,fitted
21,total,77,0.04360381973,fitted
21,total,78,0.04766328872,fitted
21,total,79,0.05211236222,fitted
21,total,80,0.056986235,fitted
21,total,81,0.06232281846,fitted
21,total,82,0.06816285002,fitted
21,total,83,0.07454998251,fitted
21,total,84,0.08153084614,fitted
21,total,85,0.08915507427,fitted
21,total,86,0.09747528229,fitted
21,total,87,0.1065469872,fitted
21,total,88,0.1164284533,fitted
21,total,89,0.1271804472,fitted
21,total,90,0.1388658823,fitted
21,total,91,0.1444473207,raw
21,total,92,0.1565648737,raw
21,total,93,0.1697333834,raw
21,total,94,0.1838286109,raw
21,total,95,0.1990249498,raw
21,total,96,0.2171846435,raw
21,total,97,0.2354637194,raw
21,total,98,0.2543576501,raw
21,total,99,0.2760463045,raw
21,total,100,0.297979798,raw
21,total,101,0.3223443223,raw
21,total,102,0.3422459893,raw
21,total,103,0.3629343629,raw
21,total,104,0.3867403315,raw
21,total,105,0.4126984127,raw
21,total,106,0.4390243902,raw
21,total,107,0.48,raw
21,total,108,0.4516129032,raw
21,total,109,1,raw
22,female,0,0.01010262668,raw
22,female,1,0.001251721117,raw
22,female,2,0.0004990518016,raw
22,female,3,0.0003499912502,raw
22,female,4,0.0002509725185,raw
22,female,5,0.0002015417947,raw
22,female,6,0.0002014504432,raw
22,female,7,0.0001995510102,raw
22,female,8,0.0001983536646,raw
22,female,9,0.0001979316146,raw
22,female,10,0.000196772924,raw
22,female,11,0.0002437775773,raw
22,female,12,0.000241295273,raw
22,female,13,0.0002876594113,raw
22,female,14,0.0003351928556,raw
22,female,15,0.0003820256912,raw
22,female,16,0.0004289902047,raw
22,female,17,0.0005224536322,raw
22,female,18,0.000567590578,raw
22,female,19,0.0006115488651,raw
22,female,20,0.0006480281429,raw
22,female,21,0.0006805962023,raw
22,female,22,0.0007564464814,raw
22,female,23,0.0007916263524,raw
22,female,24,0.0008333150589,raw
22,female,25,0.0008772314575,raw
22,female,26,0.0008728288383,raw
22,female,27,0.0009074214108,raw
22,female,28,0.0009401307636,raw
22,female,29,0.0009745143317,raw
22,female,30,0.0009878322786,fitted
22,female,31,0.001023543709,fitted
22,female,32,0.001062947473,fitted
22,female,33,0.001106425165,fitted
22,female,34,0.001154397781,fitted
22,female,35,0.001207329774,fitted
22,female,36,0.001265733539,fitted
22,female,37,0.001330174339,fitted
22,female,38,0.001401275755,fitted
22,female,39,0.001479725677,fitted
22,female,40,0.001566282923,fitted
22,female,41,0.001661784518,fitted
22,female,42,0.001767153729,fitted
22,female,43,0.001883408908,fitted
22,female,44,0.002011673241,fitted
22,female,45,0.002153185479,fitted
22,female,46,0.002309311762,fitted
22,female,47,0.002481558634,fitted
22,female,48,0.002671587367,fitted
22,female,49,0.00288122973,fitted
22,female,50,0.00311250533,fitted
22,female,51,0.003367640692,fitted
22,female,52,0.003649090227,fitted
22,female,53,0.003959559285,fitted
22,female,54,0.004302029469,fitted
22,female,55,0.00467978644,fitted
22,female,56,0.005096450421,fitted
22,female,57,0.005556009664,fitted
22,female,58,0.006062857118,fitted
22,female,59,0.006621830599,fitted
22,female,60,0.007238256752,fitted
22,female,61,0.007917999104,fitted
22,female,62,0.008667510564,fitted
22,female,63,0.009493890697,fitted
22,female,64,0.01040494812,fitted
22,female,65,0.01140926841,fitted
22,female,66,0.01251628784,fitted
22,female,67,0.01373637339,fitted
22,female,68,0.01508090926,fitted
22,female,69,0.01656239027,fitted
22,female,70,0.01819452249,fitted
22,female,71,0.01999233117,fitted
22,female,72,0.02197227622,fitted
22,female,73,0.02415237521,fitted
22,female,74,0.0265523338,fitted
22,female,75,0.02919368322,fitted
22,female,76,0.0320999243,fitted
22,female,77,0.03529667711,fitted
22,female,78,0.038811835,fitted
22,female,79,0.04267572125,fitted
22,female,80,0.04692124599,fitted
22,female,81,0.05158406043,fitted
22,female,82,0.05670270437,fitted
22,female,83,0.0623187422,fitted
22,female,84,0.06847688113,fitted
22,female,85,0.07522506417,fitted
22,female,86,0.08261452863,fitted
22,female,87,0.09069981907,fitted
22,female,88,0.09953874132,fitted
22,female,89,0.1091922422,fitted
22,female,90,0.1197241962,fitted
22,female,91,0.1292307692,raw
22,female,92,0.1397949674,raw
22,female,93,0.1507311586,raw
22,female,94,0.1655359566,raw
22,female,95,0.178807947,raw
22,female,96,0.2008368201,raw
22,female,97,0.2197802198,raw
22,female,98,0.237037037,raw
22,female,99,0.26,raw
22,female,100,0.2816901408,raw
22,female,101,0.3092783505,raw
22,female,102,0.3384615385,raw
22,female,103,0.3636363636,raw
22,female,104,0.3703703704,raw
22,female,105,0.4444444444,raw
22,female,106,0.5454545455,raw
22,female,107,0.6666666667,raw
22,female,108,0.6666666667,raw
22,female,109,1,raw
22,male,0,0.01226934828,raw
22,male,1,0.001448086113,raw
22,male,2,0.0005292405398,raw
22,male,3,0.0002894495634,raw
22,male,4,0.0002422774076,raw
22,male,5,0.0001943729044,raw
22,male,6,0.0001940617116,raw
22,male,7,0.0001919938562,raw
22,male,8,0.0001906577693,raw
22,male,9,0.0001903583496,raw
22,male,10,0.0002370061385,raw
22,male,11,0.0002823263693,raw
22,male,12,0.0003265458447,raw
22,male,13,0.0004176431008,raw
22,male,14,0.0005569220773,raw
22,male,15,0.0007408779404,raw
22,male,16,0.0009729203827,raw
22,male,17,0.001250202579,raw
22,male,18,0.001526540997,raw
22,male,19,0.001799266453,raw
22,male,20,0.002086451671,raw
22,male,21,0.002396804261,raw
22,male,22,0.002693193171,raw
22,male,23,0.003003905077,raw
22,male,24,0.003297997644,raw
22,male,25,0.003556355378,raw
22,male,26,0.003751705321,raw
22,male,27,0.003927945431,raw
22,male,28,0.004098874901,raw
22,male,29,0.004240106418,raw
22,male,30,0.004189821994,fitted
22,male,31,0.004228510526,fitted
22,male,32,0.004271158837,fitted
22,male,33,0.004318172013,fitted
22,male,34,0.004369996543,fitted
22,male,35,0.00442712453,fitted
22,male,36,0.004490098352,fitted
22,male,37,0.004559515776,fitted
22,male,38,0.004636035603,fitted
22,male,39,0.004720383878,fitted
22,male,40,0.004813360731,fitted
22,male,41,0.004915847903,fitted
22,male,42,0.005028817041,fitted
22,male,43,0.005153338817,fitted
22,male,44,0.005290592968,fitted
22,male,45,0.005441879345,fitted
22,male,46,0.005608630059,fitted
22,male,47,0.005792422851,fitted
22,male,48,0.005994995781,fitted
22,male,49,0.006218263379,fitted
22,male,50,0.006464334399,fitted
22,male,51,0.006735531308,fitted
22,male,52,0.0070344117,fitted
22,male,53,0.007363791797,fitted
22,male,54,0.007726772229,fitted
22,male,55,0.008126766309,fitted
22,male,56,0.008567531022,fitted
22,male,57,0.009053200962,fitted
22,male,58,0.009588325484,fitted
22,male,59,0.01017790933,fitted
22,male,60,0.01082745704,fitted
22,male,61,0.01154302138,fitted
22,male,62,0.01233125624,fitted
22,male,63,0.0131994742,fitted
22,male,64,0.01415570912,fitted
22,male,65,0.01520878416,fitted
22,male,66,0.01636838554,fitted
22,male,67,0.01764514229,fitted
22,male,68,0.01905071246,fitted
22,male,69,0.02059787586,fitted
22,male,70,0.02230063376,fitted
22,male,71,0.02417431556,fitted
22,male,72,0.02623569259,fitted
22,male,73,0.02850309895,fitted
22,male,74,0.03099655912,fitted
22,male,75,0.03373792208,fitted
22,male,76,0.03675100107,fitted
22,male,77,0.04006171811,fitted
22,male,78,0.04369825187,fitted
22,male,79,0.04769118693,fitted
22,male,80,0.05207366204,fitted
22,male,81,0.05688151402,fitted
22,male,82,0.06215341345,fitted
22,male,83,0.06793098679,fitted
22,male,84,0.0742589188,fitted
22,male,85,0.08118502751,fitted
22,male,86,0.08876030231,fitted
22,male,87,0.09703889414,fitted
22,male,88,0.1060780443,fitted
22,male,89,0.1159379367,fitted
22,male,90,0.1266814547,fitted
22,male,91,0.1265822785,raw
22,male,92,0.1374045802,raw
22,male,93,0.149068323,raw
22,male,94,0.1615384615,raw
22,male,95,0.1747572816,raw
22,male,96,0.1886792453,raw
22,male,97,0.2074688797,raw
22,male,98,0.2247191011,raw
22,male,99,0.2325581395,raw
22,male,100,0.2666666667,raw
22,male,101,0.2950819672,raw
22,male,102,0.3,raw
22,male,103,0.3076923077,raw
22,male,104,0.3529411765,raw
22,male,105,0.4,raw
22,male,106,0.4,raw
22,male,107,0.6666666667,raw
22,male,108,0,raw
22,male,109,1,raw
22,total,0,0.01120694095,raw
22,total,1,0.00135170007,raw
22,total,2,0.0005144221936,raw
22,total,3,0.0003191789735,raw
22,total,4,0.0002465483235,raw
22,total,5,0.0001978924455,raw
22,total,6,0.0001976870614,raw
22,total,7,0.0001956995034,raw
22,total,8,0.0001944295922,raw
22,total,9,0.0001940711271,raw
22,total,10,0.000217262731,raw
22,total,11,0.0002633941934,raw
22,total,12,0.000284643484,raw
22,total,13,0.0003537110181,raw
22,total,14,0.0004477910937,raw
22,total,15,0.0005642146837,raw
22,total,16,0.0007048209755,raw
22,total,17,0.0008909521465,raw
22,total,18,0.001052397713,raw
22,total,19,0.001211189528,raw
22,total,20,0.001374538957,raw
22,total,21,0.00154814391,raw
22,total,22,0.00173647364,raw
22,total,23,0.001911339893,raw
22,total,24,0.0020802635,raw
22,total,25,0.002232457329,raw
22,total,26,0.002329092085,raw
22,total,27,0.002434908905,raw
22,total,28,0.002536461636,raw
22,total,29,0.002622882023,raw
22,total,30,0.002570885937,fitted
22,total,31,0.002606165775,fitted
22,total,32,0.002645121535,fitted
22,total,33,0.002688136058,fitted
22,total,34,0.00273563202,fitted
22,total,35,0.002788076066,fitted
22,total,36,0.002845983383,fitted
22,total,37,0.002909922727,fitted
22,total,38,0.002980521988,fitted
22,total,39,0.003058474312,fitted
22,total,40,0.003144544871,fitted
22,total,41,0.003239578309,fitted
22,total,42,0.003344506976,fitted
22,total,43,0.003460359988,fitted
22,total,44,0.003588273223,fitted
22,total,45,0.003729500343,fitted
22,total,46,0.003885424933,fitted
22,total,47,0.004057573878,fitted
22,total,48,0.004247632101,fitted
22,total,49,0.004457458794,fitted
22,total,50,0.004689105279,fitted
22,total,51,0.004944834677,fitted
22,total,52,0.005227143541,fitted
22,total,53,0.005538785651,fitted
22,total,54,0.005882798164,fitted
22,total,55,0.006262530363,fitted
22,total,56,0.006681675206,fitted
22,total,57,0.007144303973,fitted
22,total,58,0.007654904255,fitted
22,total,59,0.008218421587,fitted
22,total,60,0.008840305048,fitted
22,total,61,0.009526557139,fitted
22,total,62,0.01028378831,fitted
22,total,63,0.01111927646,fitted
22,total,64,0.01204103185,fitted
22,total,65,0.01305786771,fitted
22,total,66,0.01417947701,fitted
22,total,67,0.01541651579,fitted
22,total,68,0.01678069323,fitted
22,total,69,0.01828486909,fitted
22,total,70,0.01994315851,fitted
22,total,71,0.02177104462,fitted
22,total,72,0.02378549889,fitted
22,total,73,0.02600510948,fitted
22,total,74,0.02845021713,fitted
22,total,75,0.0311430585,fitted
22,total,76,0.03410791618,fitted
22,total,77,0.03737127435,fitted
22,total,78,0.04096197889,fitted
22,total,79,0.04491139982,fitted
22,total,80,0.04925359357,fitted
22,total,81,0.05402546186,fitted
22,total,82,0.05926690269,fitted
22,total,83,0.06502094832,fitted
22,total,84,0.07133388325,fitted
22,total,85,0.0782553342,fitted
22,total,86,0.08583832183,fitted
22,total,87,0.0941392622,fitted
22,total,88,0.1032179035,fitted
22,total,89,0.113137181,fitted
22,total,90,0.1239629703,fitted
22,total,91,0.128113879,raw
22,total,92,0.1387842926,raw
22,total,93,0.1500326158,raw
22,total,94,0.1638822593,raw
22,total,95,0.1771653543,raw
22,total,96,0.1959798995,raw
22,total,97,0.2148760331,raw
22,total,98,0.2321428571,raw
22,total,99,0.2492401216,raw
22,total,100,0.275862069,raw
22,total,101,0.3037974684,raw
22,total,102,0.3238095238,raw
22,total,103,0.3428571429,raw
22,total,104,0.3636363636,raw
22,total,105,0.4285714286,raw
22,total,106,0.5,raw
22,total,107,0.6666666667,raw
22,total,108,0.4,raw
22,total,109,1,raw
23,female,0,0.009807527277,raw
23,female,1,0.001213224143,raw
23,female,2,0.0005389705662,raw
23,female,3,0.000360317079,raw
23,female,4,0.0002421893921,raw
23,female,5,0.000245398773,raw
23,female,6,0.0001858102877,raw
23,female,7,0.0001859254439,raw
23,female,8,0.0001856607977,raw
23,female,9,0.0001855804027,raw
23,female,10,0.0001854083619,raw
23,female,11,0.0002463357556,raw
23,female,12,0.0002451130584,raw
23,female,13,0.0003062880946,raw
23,female,14,0.0003697085464,raw
23,female,15,0.0003698908822,raw
23,female,16,0.000431925462,raw
23,female,17,0.0004929447286,raw
23,female,18,0.0005538631958,raw
23,female,19,0.0006139112284,raw
23,female,20,0.0006633499171,raw
23,female,21,0.000706672163,raw
23,female,22,0.0007463329219,raw
23,female,23,0.0007889546351,raw
23,female,24,0.0008364234533,raw
23,female,25,0.0008844176662,raw
23,female,26,0.0008710801394,raw
23,female,27,0.0009064491189,raw
23,female,28,0.0009379885357,raw
23,female,29,0.0009699073483,raw
23,female,30,0.0009978412118,fitted
23,female,31,0.001035187842,fitted
23,female,32,0.001076387663,fitted
23,female,33,0.00112183804,fitted
23,female,34,0.001171977274,fitted
23,female,35,0.001227288817,fitted
23,female,36,0.001288305903,fitted
23,female,37,0.001355616673,fitted
23,female,38,0.001429869803,fitted
23,female,39,0.001511780721,fitted
23,female,40,0.001602138454,fitted
23,female,41,0.001701813165,fitted
23,female,42,0.001811764467,fitted
23,female,43,0.001933050577,fitted
23,female,44,0.002066838392,fitted
23,female,45,0.002214414594,fitted
23,female,46,0.002377197867,fitted
23,female,47,0.00255675235,fitted
23,female,48,0.002754802437,fitted
23,female,49,0.002973249061,fitted
23,female,50,0.003214187602,fitted
23,female,51,0.003479927575,fitted
23,female,52,0.003773014272,fitted
23,female,53,0.004096252529,fitted
23,female,54,0.004452732833,fitted
23,female,55,0.004845859971,fitted
23,female,56,0.005279384459,fitted
23,female,57,0.005757436993,fitted
23,female,58,0.006284566195,fitted
23,female,59,0.006865779926,fitted
23,female,60,0.007506590481,fitted
23,female,61,0.008213063969,fitted
23,female,62,0.00899187421,fitted
23,female,63,0.009850361506,fitted
23,female,64,0.01079659662,fitted
23,female,65,0.01183945034,fitted
23,female,66,0.01298866897,fitted
23,female,67,0.01425495612,fitted
23,female,68,0.0156500611,fitted
23,female,69,0.01718687423,fitted
23,female,70,0.01887952932,fitted
23,female,71,0.02074351353,fitted
23,female,72,0.02279578464,fitted
23,female,73,0.02505489576,fitted
23,female,74,0.02754112725,fitted
23,female,75,0.03027662542,fitted
23,female,76,0.03328554747,fitted
23,female,77,0.03659421142,fitted
23,female,78,0.04023124988,fitted
23,female,79,0.04422776556,fitted
23,female,80,0.04861748598,fitted
23,female,81,0.05343691416,fitted
23,female,82,0.05872547099,fitted
23,female,83,0.06452562409,fitted
23,female,84,0.07088299645,fitted
23,female,85,0.07784644702,fitted
23,female,86,0.08546811337,fitted
23,female,87,0.09380340476,fitted
23,female,88,0.1029109317,fitted
23,female,89,0.1128523556,fitted
23,female,90,0.12369214,fitted
23,female,91,0.132118451,raw
23,female,92,0.1460674157,raw
23,female,93,0.1614035088,raw
23,female,94,0.1688888889,raw
23,female,95,0.1920903955,raw
23,female,96,0.2089552239,raw
23,female,97,0.2268041237,raw
23,female,98,0.2535211268,raw
23,female,99,0.2745098039,raw
23,female,100,0.2857142857,raw
23,female,101,0.3333333333,raw
23,female,102,0.4,raw
23,female,103,0.4,raw
23,female,104,0.4,raw
23,female,105,0.6666666667,raw
23,female,106,1,raw
23,female,107,1,raw
23,female,108,1,raw
23,female,109,1,raw
23,male,0,0.01171891102,raw
23,male,1,0.001399825022,raw
23,male,2,0.0005176132279,raw
23,male,3,0.0003459609064,raw
23,male,4,0.0002327475852,raw
23,male,5,0.0002361275089,raw
23,male,6,0.0001789388924,raw
23,male,7,0.0001791740078,raw
23,male,8,0.0001790350013,raw
23,male,9,0.0001790243175,raw
23,male,10,0.0002384500745,raw
23,male,11,0.0002969385634,raw
23,male,12,0.0003544842255,raw
23,male,13,0.0004723665564,raw
23,male,14,0.000594000594,raw
23,male,15,0.0007726367716,raw
23,male,16,0.001013382612,raw
23,male,17,0.001253095444,raw
23,male,18,0.001552609578,raw
23,male,19,0.001849145516,raw
23,male,20,0.002104770814,raw
23,male,21,0.002390302202,raw
23,male,22,0.002708753697,raw
23,male,23,0.003031287214,raw
23,male,24,0.003315685331,raw
23,male,25,0.003539635999,raw
23,male,26,0.00373114992,raw
23,male,27,0.003941782899,raw
23,male,28,0.00413467218,raw
23,male,29,0.004282655246,raw
23,male,30,0.004225988883,fitted
23,male,31,0.004269736427,fitted
23,male,32,0.004317839854,fitted
23,male,33,0.004370732632,fitted
23,male,34,0.00442889131,fitted
23,male,35,0.004492839798,fitted
23,male,36,0.004563154051,fitted
23,male,37,0.004640467231,fitted
23,male,38,0.00472547537,fitted
23,male,39,0.004818943584,fitted
23,male,40,0.004921712909,fitted
23,male,41,0.005034707797,fitted
23,male,42,0.005158944352,fitted
23,male,43,0.005295539365,fitted
23,male,44,0.005445720236,fitted
23,male,45,0.005610835854,fitted
23,male,46,0.00579236854,fitted
23,male,47,0.00599194714,fitted
23,male,48,0.006211361384,fitted
23,male,49,0.006452577624,fitted
23,male,50,0.006717756084,fitted
23,male,51,0.00700926975,fitted
23,male,52,0.007329725058,fitted
23,male,53,0.007681984538,fitted
23,male,54,0.008069191581,fitted
23,male,55,0.008494797528,fitted
23,male,56,0.008962591262,fitted
23,male,57,0.009476731533,fitted
23,male,58,0.01004178222,fitted
23,male,59,0.0106627508,fitted
23,male,60,0.01134513024,fitted
23,male,61,0.01209494456,fitted
23,male,62,0.01291879845,fitted
23,male,63,0.01382393105,fitted
23,male,64,0.01481827427,fitted
23,male,65,0.015910516,fitted
23,male,66,0.01711016832,fitted
23,male,67,0.01842764107,fitted
23,male,68,0.01987432112,fitted
23,male,69,0.02146265726,fitted
23,male,70,0.02320625124,fitted
23,male,71,0.02511995468,fitted
23,male,72,0.02721997219,fitted
23,male,73,0.02952397035,fitted
23,male,74,0.03205119238,fitted
23,male,75,0.03482257809,fitted
23,male,76,0.03786088837,fitted
23,male,77,0.04119083329,fitted
23,male,78,0.0448392025,fitted
23,male,79,0.04883499621,fitted
23,male,80,0.05320955434,fitted
23,male,81,0.05799668118,fitted
23,male,82,0.06323276178,fitted
23,male,83,0.06895686562,fitted
23,male,84,0.07521083202,fitted
23,male,85,0.08203933069,fitted
23,male,86,0.08948988928,fitted
23,male,87,0.09761287839,fitted
23,male,88,0.1064614428,fitted
23,male,89,0.1160913656,fitted
23,male,90,0.1265608502,fitted
23,male,91,0.1272264631,raw
23,male,92,0.1383647799,raw
23,male,93,0.1478599222,raw
23,male,94,0.1658536585,raw
23,male,95,0.175,raw
23,male,96,0.1935483871,raw
23,male,97,0.2127659574,raw
23,male,98,0.2222222222,raw
23,male,99,0.2222222222,raw
23,male,100,0.243902439,raw
23,male,101,0.2666666667,raw
23,male,102,0.2608695652,raw
23,male,103,0.3529411765,raw
23,male,104,0.3333333333,raw
23,male,105,0.4,raw
23,male,106,0.2857142857,raw
23,male,107,0.4,raw
23,male,108,0.6666666667,raw
23,male,109,1,raw
23,total,0,0.01078236738,raw
23,total,1,0.001308355635,raw
23,total,2,0.000528076043,raw
23,total,3,0.0003529930872,raw
23,total,4,0.0002373746365,raw
23,total,5,0.0002406738869,raw
23,total,6,0.000182309866,raw
23,total,7,0.0001824873019,raw
23,total,8,0.0001822877108,raw
23,total,9,0.0001822434165,raw
23,total,10,0.0002124076406,raw
23,total,11,0.0002720965036,raw
23,total,12,0.0003007971123,raw
23,total,13,0.000390854016,raw
23,total,14,0.0004839099927,raw
23,total,15,0.0005749474226,raw
23,total,16,0.000727669638,raw
23,total,17,0.0008791208791,raw
23,total,18,0.001060750708,raw
23,total,19,0.001240413269,raw
23,total,20,0.001395217669,raw
23,total,21,0.001562861774,raw
23,total,22,0.001746085389,raw
23,total,23,0.001932687264,raw
23,total,24,0.002101958643,raw
23,total,25,0.002242061616,raw
23,total,26,0.002336386566,raw
23,total,27,0.002464811572,raw
23,total,28,0.002581886296,raw
23,total,29,0.002675187635,raw
23,total,30,0.00265169763,fitted
23,total,31,0.002690714714,fitted
23,total,32,0.002733723621,fitted
23,total,33,0.002781132553,fitted
23,total,34,0.002833391414,fitted
23,total,35,0.002890996054,fitted
23,total,36,0.00295449296,fitted
23,total,37,0.003024484403,fitted
23,total,38,0.003101634124,fitted
23,total,39,0.003186673584,fitted
23,total,40,0.003280408849,fitted
23,total,41,0.00338372817,fitted
23,total,42,0.003497610325,fitted
23,total,43,0.003623133804,fitted
23,total,44,0.003761486912,fitted
23,total,45,0.003913978887,fitted
23,total,46,0.004082052124,fitted
23,total,47,0.004267295629,fitted
23,total,48,0.004471459799,fitted
23,total,49,0.004696472678,fitted
23,total,50,0.004944457808,fitted
23,total,51,0.005217753851,fitted
23,total,52,0.005518936121,fitted
23,total,53,0.005850840228,fitted
23,total,54,0.006216588009,fitted
23,total,55,0.006619615969,fitted
23,total,56,0.007063706446,fitted
23,total,57,0.007553021738,fitted
23,total,58,0.008092141464,fitted
23,total,59,0.008686103417,fitted
23,total,60,0.009340448191,fitted
23,total,61,0.01006126792,fitted
23,total,62,0.01085525938,fitted
23,total,63,0.01172978189,fitted
23,total,64,0.0126929202,fitted
23,total,65,0.01375355286,fitted
23,total,66,0.01492142628,fitted
23,total,67,0.01620723488,fitted
23,total,68,0.01762270763,fitted
23,total,69,0.01918070124,fitted
23,total,70,0.02089530019,fitted
23,total,71,0.02278192383,fitted
23,total,72,0.02485744054,fitted
23,total,73,0.02714028897,fitted
23,total,74,0.02965060601,fitted
23,total,75,0.03241036118,fitted
23,total,76,0.03544349671,fitted
23,total,77,0.03877607221,fitted
23,total,78,0.04243641265,fitted
23,total,79,0.04645525758,fitted
23,total,80,0.05086590918,fitted
23,total,81,0.0557043758,fitted
23,total,82,0.06100950694,fitted
23,total,83,0.06682311442,fitted
23,total,84,0.07319007349,fitted
23,total,85,0.08015839595,fitted
23,total,86,0.08777926596,fitted
23,total,87,0.0961070272,fitted
23,total,88,0.105199108,fitted
23,total,89,0.115115869,fitted
23,total,90,0.1259203545,fitted
23,total,91,0.1298076923,raw
23,total,92,0.1424332344,raw
23,total,93,0.1549815498,raw
23,total,94,0.1674418605,raw
23,total,95,0.1839762611,raw
23,total,96,0.2015503876,raw
23,total,97,0.219895288,raw
23,total,98,0.2377622378,raw
23,total,99,0.2476190476,raw
23,total,100,0.2631578947,raw
23,total,101,0.2962962963,raw
23,total,102,0.3157894737,raw
23,total,103,0.3703703704,raw
23,total,104,0.3529411765,raw
23,total,105,0.4615384615,raw
23,total,106,0.4,raw
23,total,107,0.4,raw
23,total,108,0.6666666667,raw
23,total,109,1,raw
24,female,0,0.01059541252,raw
24,female,1,0.001335447792,raw
24,female,2,0.0005446965412,raw
24,female,3,0.0003369839933,raw
24,female,4,0.0002531431947,raw
24,female,5,0.0002113137375,raw
24,female,6,0.000210699311,raw
24,female,7,0.0001665070974,raw
24,female,8,0.0001648804617,raw
24,female,9,0.0002047208631,raw
24,female,10,0.0002031075454,raw
24,female,11,0.0002409445024,raw
24,female,12,0.0002775740032,raw
24,female,13,0.0003139717425,raw
24,female,14,0.0003509661318,raw
24,female,15,0.0004292599169,raw
24,female,16,0.0004697408596,raw
24,female,17,0.0005106349549,raw
24,female,18,0.0005899124963,raw
24,female,19,0.0006283874008,raw
24,female,20,0.0006648286111,raw
24,female,21,0.000700280112,raw
24,female,22,0.0007766085505,raw
24,female,23,0.000820328522,raw
24,female,24,0.0008716668648,raw
24,female,25,0.0008830022075,raw
24,female,26,0.0009303642578,raw
24,female,27,0.0009731176256,raw
24,female,28,0.0009750152346,raw
24,female,29,0.001020345693,raw
24,female,30,0.00104198685,fitted
24,female,31,0.001080337393,fitted
24,female,32,0.001122648432,fitted
24,female,33,0.001169328774,fitted
24,female,34,0.001220829385,fitted
24,female,35,0.001277647724,fitted
24,female,36,0.001340332523,fitted
24,female,37,0.001409489065,fitted
24,female,38,0.001485784989,fitted
24,female,39,0.001569956696,fitted
24,female,40,0.001662816408,fitted
24,female,41,0.00176525994,fitted
24,female,42,0.001878275273,fitted
24,female,43,0.002002951989,fitted
24,female,44,0.002140491664,fitted
24,female,45,0.002292219318,fitted
24,female,46,0.002459596012,fitted
24,female,47,0.002644232722,fitted
24,female,48,0.002847905602,fitted
24,female,49,0.003072572776,fitted
24,female,50,0.003320392803,fitted
24,female,51,0.003593744985,fitted
24,female,52,0.003895251681,fitted
24,female,53,0.004227802815,fitted
24,female,54,0.004594582796,fitted
24,female,55,0.004999100057,fitted
24,female,56,0.005445219457,fitted
24,female,57,0.005937197795,fitted
24,female,58,0.006479722713,fitted
24,female,59,0.00707795528,fitted
24,female,60,0.007737576554,fitted
24,female,61,0.008464838451,fitted
24,female,62,0.009266619261,fitted
24,female,63,0.01015048415,fitted
24,female,64,0.01112475103,fitted
24,female,65,0.0121985621,fitted
24,female,66,0.01338196151,fitted
24,female,67,0.01468597942,fitted
24,female,68,0.01612272277,fitted
24,female,69,0.01770547317,fitted
24,female,70,0.01944879197,fitted
24,female,71,0.0213686328,fitted
24,female,72,0.02348246164,fitted
24,female,73,0.02580938424,fitted
24,female,74,0.02837028074,fitted
24,female,75,0.03118794696,fitted
24,female,76,0.03428724159,fitted
24,female,77,0.03769523818,fitted
24,female,78,0.0414413803,fitted
24,female,79,0.04555763785,fitted
24,female,80,0.05007866164,fitted
24,female,81,0.05504193268,fitted
24,female,82,0.06048790165,fitted
24,female,83,0.06646011288,fitted
24,female,84,0.07300530579,fitted
24,female,85,0.08017348517,fitted
24,female,86,0.08801794996,fitted
24,female,87,0.09659526814,fitted
24,female,88,0.1059651829,fitted
24,female,89,0.1161904327,fitted
24,female,90,0.1273364662,fitted
24,female,91,0.1364421416,raw
24,female,92,0.149068323,raw
24,female,93,0.1633165829,raw
24,female,94,0.1778808971,raw
24,female,95,0.1934235977,raw
24,female,96,0.2128712871,raw
24,female,97,0.232405892,raw
24,female,98,0.2516556291,raw
24,female,99,0.273556231,raw
24,female,100,0.3004291845,raw
24,female,101,0.325,raw
24,female,102,0.3486238532,raw
24,female,103,0.3783783784,raw
24,female,104,0.4,raw
24,female,105,0.4242424242,raw
24,female,106,0.5263157895,raw
24,female,107,0.5454545455,raw
24,female,108,0.6666666667,raw
24,female,109,1,raw
24,male,0,0.01312424954,raw
24,male,1,0.001575280218,raw
24,male,2,0.0005692908263,raw
24,male,3,0.0003278285457,raw
24,male,4,0.000246174045,raw
24,male,5,0.0002052250292,raw
24,male,6,0.0002044697078,raw
24,male,7,0.000201844862,raw
24,male,8,0.0001998121766,raw
24,male,9,0.0001985584655,raw
24,male,10,0.0002363321254,raw
24,male,11,0.0002724636553,raw
24,male,12,0.0003459210147,raw
24,male,13,0.000456412597,raw
24,male,14,0.0006046406167,raw
24,male,15,0.0007958615201,raw
24,male,16,0.001031301923,raw
24,male,17,0.001310969732,raw
24,male,18,0.001592016619,raw
24,male,19,0.001909772971,raw
24,male,20,0.002223826151,raw
24,male,21,0.002574102964,raw
24,male,22,0.002894582437,raw
24,male,23,0.003204050553,raw
24,male,24,0.003510541713,raw
24,male,25,0.00378133991,raw
24,male,26,0.003997668027,raw
24,male,27,0.004195686834,raw
24,male,28,0.004352327227,raw
24,male,29,0.004522956136,raw
24,male,30,0.004403604715,fitted
24,male,31,0.004452274119,fitted
24,male,32,0.004505673985,fitted
24,male,33,0.004564263802,fitted
24,male,34,0.004628547632,fitted
24,male,35,0.004699078418,fitted
24,male,36,0.004776462719,fitted
24,male,37,0.004861365878,fitted
24,male,38,0.00495451771,fitted
24,male,39,0.005056718715,fitted
24,male,40,0.005168846901,fitted
24,male,41,0.005291865242,fitted
24,male,42,0.005426829866,fitted
24,male,43,0.005574899007,fitted
24,male,44,0.005737342812,fitted
24,male,45,0.005915554077,fitted
24,male,46,0.00611106,fitted
24,male,47,0.006325535035,fitted
24,male,48,0.006560814955,fitted
24,male,49,0.006818912231,fitted
24,male,50,0.007102032844,fitted
24,male,51,0.007412594655,fitted
24,male,52,0.007753247473,fitted
24,male,53,0.008126894959,fitted
24,male,54,0.008536718537,fitted
24,male,55,0.008986203467,fitted
24,male,56,0.009479167266,fitted
24,male,57,0.01001979066,fitted
24,male,58,0.01061265129,fitted
24,male,59,0.01126276032,fitted
24,male,60,0.01197560229,fitted
24,male,61,0.01275717828,fitted
24,male,62,0.01361405278,fitted
24,male,63,0.01455340438,fitted
24,male,64,0.01558308059,fitted
24,male,65,0.01671165704,fitted
24,male,66,0.01794850121,fitted
24,male,67,0.01930384098,fitted
24,male,68,0.0207888382,fitted
24,male,69,0.02241566729,fitted
24,male,70,0.02419759919,fitted
24,male,71,0.02614909058,fitted
24,male,72,0.02828587826,fitted
24,male,73,0.03062507873,fitted
24,male,74,0.03318529252,fitted
24,male,75,0.03598671288,fitted
24,male,76,0.03905123813,fitted
24,male,77,0.04240258681,fitted
24,male,78,0.04606641429,fitted
24,male,79,0.05007042926,fitted
24,male,80,0.05444450804,fitted
24,male,81,0.059220804,fitted
24,male,82,0.0644338489,fitted
24,male,83,0.07012064205,fitted
24,male,84,0.07632072244,fitted
24,male,85,0.08307621783,fitted
24,male,86,0.09043186384,fitted
24,male,87,0.09843498458,fitted
24,male,88,0.107135425,fitted
24,male,89,0.1165854235,fitted
24,male,90,0.1268394119,fitted
24,male,91,0.1269995153,raw
24,male,92,0.1372997712,raw
24,male,93,0.1492128679,raw
24,male,94,0.1608040201,raw
24,male,95,0.1727367326,raw
24,male,96,0.187088274,raw
24,male,97,0.2024013722,raw
24,male,98,0.2181818182,raw
24,male,99,0.2345679012,raw
24,male,100,0.2510822511,raw
24,male,101,0.2682926829,raw
24,male,102,0.2905982906,raw
24,male,103,0.2926829268,raw
24,male,104,0.3157894737,raw
24,male,105,0.358974359,raw
24,male,106,0.4,raw
24,male,107,0.5454545455,raw
24,male,108,0.2857142857,raw
24,male,109,1,raw
24,total,0,0.01188311886,raw
24,total,1,0.001457322017,raw
24,total,2,0.0005571777913,raw
24,total,3,0.0003323432275,raw
24,total,4,0.0002496099844,raw
24,total,5,0.0002082248829,raw
24,total,6,0.0002075377719,raw
24,total,7,0.0001844470176,raw
24,total,8,0.0001826169002,raw
24,total,9,0.0002015925814,raw
24,total,10,0.0002199758027,raw
24,total,11,0.0002569500035,raw
24,total,12,0.0003122804278,raw
24,total,13,0.0003863092019,raw
24,total,14,0.0004797957989,raw
24,total,15,0.0006152426363,raw
24,total,16,0.0007539655689,raw
24,total,17,0.0009145125356,raw
24,total,18,0.001094156034,raw
24,total,19,0.001271530434,raw
24,total,20,0.001445256045,raw
24,total,21,0.001636023683,raw
24,total,22,0.001831715967,raw
24,total,23,0.002004716981,raw
24,total,24,0.002179063003,raw
24,total,25,0.002314955833,raw
24,total,26,0.002441751906,raw
24,total,27,0.002556859187,raw
24,total,28,0.002630461574,raw
24,total,29,0.002732724902,raw
24,total,30,0.002662916453,fitted
24,total,31,0.002704467525,fitted
24,total,32,0.002750229274,fitted
24,total,33,0.002800628175,fitted
24,total,34,0.002856133851,fitted
24,total,35,0.002917263429,fitted
24,total,36,0.002984586328,fitted
24,total,37,0.00305872954,fitted
24,total,38,0.003140383425,fitted
24,total,39,0.003230308098,fitted
24,total,40,0.003329340451,fitted
24,total,41,0.003438401872,fitted
24,total,42,0.003558506741,fitted
24,total,43,0.003690771762,fitted
24,total,44,0.003836426235,fitted
24,total,45,0.003996823332,fitted
24,total,46,0.004173452498,fitted
24,total,47,0.00436795307,fitted
24,total,48,0.004582129238,fitted
24,total,49,0.004817966469,fitted
24,total,50,0.005077649538,fitted
24,total,51,0.005363582317,fitted
24,total,52,0.005678409468,fitted
24,total,53,0.006025040241,fitted
24,total,54,0.006406674546,fitted
24,total,55,0.006826831512,fitted
24,total,56,0.007289380742,fitted
24,total,57,0.007798576515,fitted
24,total,58,0.008359095164,fitted
24,total,59,0.008976075905,fitted
24,total,60,0.009655165389,fitted
24,total,61,0.01040256628,fitted
24,total,62,0.01122509014,fitted
24,total,63,0.01213021495,fitted
24,total,64,0.0131261476,fitted
24,total,65,0.0142218916,fitted
24,total,66,0.01542732041,fitted
24,total,67,0.01675325664,fitted
24,total,68,0.01821155742,fitted
24,total,69,0.0198152061,fitted
24,total,70,0.02157841061,fitted
24,total,71,0.0235167085,fitted
24,total,72,0.02564707862,fitted
24,total,73,0.0279880595,fitted
24,total,74,0.03055987394,fitted
24,total,75,0.03338455954,fitted
24,total,76,0.03648610418,fitted
24,total,77,0.0398905856,fitted
24,total,78,0.04362631344,fitted
24,total,79,0.04772397175,fitted
24,total,80,0.05221675957,fitted
24,total,81,0.05714052604,fitted
24,total,82,0.06253389609,fitted
24,total,83,0.06843838141,fitted
24,total,84,0.07489847049,fitted
24,total,85,0.08196168987,fitted
24,total,86,0.0896786274,fitted
24,total,87,0.09810290644,fitted
24,total,88,0.1072910978,fitted
24,total,89,0.1173025545,fitted
24,total,90,0.1281991509,fitted
24,total,91,0.1319936058,raw
24,total,92,0.1434782609,raw
24,total,93,0.1565673108,raw
24,total,94,0.1696823482,raw
24,total,95,0.1834586466,raw
24,total,96,0.2003828973,raw
24,total,97,0.2177554439,raw
24,total,98,0.235162374,raw
24,total,99,0.2542113323,raw
24,total,100,0.275862069,raw
24,total,101,0.2962962963,raw
24,total,102,0.3185840708,raw
24,total,103,0.3333333333,raw
24,total,104,0.3551401869,raw
24,total,105,0.3888888889,raw
24,total,106,0.4545454545,raw
24,total,107,0.5454545455,raw
24,total,108,0.4,raw
24,total,109,1,raw
25,female,0,0.009906086836,raw
25,female,1,0.001244127931,raw
25,female,2,0.0005088842712,raw
25,female,3,0.0003391267486,raw
25,female,4,0.0002545392839,raw
25,female,5,0.0002113226686,raw
25,female,6,0.0002093320215,raw
25,female,7,0.0001643520421,raw
25,female,8,0.000161727247,raw
25,female,9,0.000200244298,raw
25,female,10,0.0001981728464,raw
25,female,11,0.000234521576,raw
25,female,12,0.0002695573483,raw
25,female,13,0.000304344518,raw
25,female,14,0.0003398342364,raw
25,female,15,0.0004142424071,raw
25,female,16,0.000451569203,raw
25,female,17,0.0004886942466,raw
25,female,18,0.0005622715772,raw
25,female,19,0.0005967477249,raw
25,female,20,0.0006683002896,raw
25,female,21,0.000701378763,raw
25,female,22,0.000773352483,raw
25,female,23,0.0008133988982,raw
25,female,24,0.0008597005999,raw
25,female,25,0.0008719222094,raw
25,female,26,0.0009194345478,raw
25,female,27,0.0009254974549,raw
25,female,28,0.0009696499564,raw
25,female,29,0.001016617791,raw
25,female,30,0.0009975444628,fitted
25,female,31,0.001033566146,fitted
25,female,32,0.001073319874,fitted
25,female,33,0.001117192136,fitted
25,female,34,0.001165609405,fitted
25,female,35,0.001219042272,fitted
25,female,36,0.001278009998,fitted
25,female,37,0.001343085533,fitted
25,female,38,0.001414901053,fitted
25,female,39,0.001494154068,fitted
25,female,40,0.001581614149,fitted
25,female,41,0.001678130344,fitted
25,female,42,0.001784639359,fitted
25,female,43,0.001902174562,fitted
25,female,44,0.002031875916,fitted
25,female,45,0.002175000908,fitted
25,female,46,0.002332936603,fitted
25,female,47,0.002507212898,fitted
25,female,48,0.002699517134,fitted
25,female,49,0.002911710162,fitted
25,female,50,0.003145844031,fitted
25,female,51,0.00340418144,fitted
25,female,52,0.003689217126,fitted
25,female,53,0.004003701378,fitted
25,female,54,0.004350665865,fitted
25,female,55,0.004733452002,fitted
25,female,56,0.005155742083,fitted
25,female,57,0.005621593429,fitted
25,female,58,0.006135475818,fitted
25,female,59,0.006702312489,fitted
25,female,60,0.007327525015,fitted
25,female,61,0.008017082362,fitted
25,female,62,0.008777554487,fitted
25,female,63,0.009616170807,fitted
25,female,64,0.01054088391,fitted
25,female,65,0.01156043885,fitted
25,female,66,0.01268444849,fitted
25,female,67,0.01392347508,fitted
25,female,68,0.01528911859,fitted
25,female,69,0.01679411205,fitted
25,female,70,0.01845242413,fitted
25,female,71,0.02027936925,fitted
25,female,72,0.02229172527,fitted
25,female,73,0.02450785881,fitted
25,female,74,0.02694785806,fitted
25,female,75,0.02963367262,fitted
25,female,76,0.03258925986,fitted
25,female,77,0.03584073685,fitted
25,female,78,0.03941653638,fitted
25,female,79,0.04334756543,fitted
25,female,80,0.04766736339,fitted
25,female,81,0.05241225696,fitted
25,female,82,0.05762150765,fitted
25,female,83,0.06333744648,fitted
25,female,84,0.06960558978,fitted
25,female,85,0.07647472778,fitted
25,female,86,0.08399697667,fitted
25,female,87,0.09222778235,fitted
25,female,88,0.101225862,fitted
25,female,89,0.1110530674,fitted
25,female,90,0.1217741507,fitted
25,female,91,0.1296207393,raw
25,female,92,0.1426900585,raw
25,female,93,0.1538461538,raw
25,female,94,0.1688888889,raw
25,female,95,0.1858902576,raw
25,female,96,0.2058823529,raw
25,female,97,0.2222222222,raw
25,female,98,0.2422535211,raw
25,female,99,0.2672064777,raw
25,female,100,0.2891566265,raw
25,female,101,0.3103448276,raw
25,female,102,0.3291139241,raw
25,female,103,0.3673469388,raw
25,female,104,0.375,raw
25,female,105,0.4,raw
25,female,106,0.5454545455,raw
25,female,107,0.4,raw
25,female,108,1,raw
25,female,109,1,raw
25,male,0,0.0121907076,raw
25,male,1,0.00144571346,raw
25,male,2,0.0005311867939,raw
25,male,3,0.0003275734993,raw
25,male,4,0.0002453586325,raw
25,male,5,0.0002029014913,raw
25,male,6,0.0002004851741,raw
25,male,7,0.0001962670016,raw
25,male,8,0.0001926299771,raw
25,male,9,0.000190581464,raw
25,male,10,0.0002264321836,raw
25,male,11,0.0002606833628,raw
25,male,12,0.0003303419039,raw
25,male,13,0.0004354926511,raw
25,male,14,0.0005772214005,raw
25,male,15,0.0007575347654,raw
25,male,16,0.0009777117923,raw
25,male,17,0.001236273726,raw
25,male,18,0.001529887444,raw
25,male,19,0.001855253824,raw
25,male,20,0.002141366482,raw
25,male,21,0.002456824915,raw
25,male,22,0.002777427093,raw
25,male,23,0.003081887565,raw
25,male,24,0.003378874688,raw
25,male,25,0.003656852868,raw
25,male,26,0.003850800362,raw
25,male,27,0.004032871709,raw
25,male,28,0.004215690032,raw
25,male,29,0.004374334656,raw
25,male,30,0.004163745614,fitted
25,male,31,0.004206685258,fitted
25,male,32,0.00425389902,fitted
25,male,33,0.004305812101,fitted
25,male,34,0.004362891955,fitted
25,male,35,0.004425652475,fitted
25,male,36,0.004494658596,fitted
25,male,37,0.004570531347,fitted
25,male,38,0.004653953405,fitted
25,male,39,0.004745675192,fitted
25,male,40,0.004846521572,fitted
25,male,41,0.004957399201,fitted
25,male,42,0.005079304602,fitted
25,male,43,0.005213333026,fitted
25,male,44,0.005360688171,fitted
25,male,45,0.005522692861,fitted
25,male,46,0.005700800743,fitted
25,male,47,0.005896609133,fitted
25,male,48,0.006111873091,fitted
25,male,49,0.006348520855,fitted
25,male,50,0.00660867075,fitted
25,male,51,0.006894649717,fitted
25,male,52,0.007209013599,fitted
25,male,53,0.007554569345,fitted
25,male,54,0.007934399308,fitted
25,male,55,0.008351887808,fitted
25,male,56,0.008810750166,fitted
25,male,57,0.009315064412,fitted
25,male,58,0.009869305894,fitted
25,male,59,0.01047838501,fitted
25,male,60,0.01114768834,fitted
25,male,61,0.01188312338,fitted
25,male,62,0.01269116725,fitted
25,male,63,0.01357891948,fitted
25,male,64,0.01455415938,fitted
25,male,65,0.01562540809,fitted
25,male,66,0.01680199563,fitted
25,male,67,0.01809413334,fitted
25,male,68,0.01951299174,fitted
25,male,69,0.0210707842,fitted
25,male,70,0.02278085656,fitted
25,male,71,0.02465778271,fitted
25,male,72,0.02671746626,fitted
25,male,73,0.02897724816,fitted
25,male,74,0.03145602011,fitted
25,male,75,0.03417434326,fitted
25,male,76,0.03715457164,fitted
25,male,77,0.04042097943,fitted
25,male,78,0.04399989086,fitted
25,male,79,0.04791981095,fitted
25,male,80,0.05221155516,fitted
25,male,81,0.05690837505,fitted
25,male,82,0.06204607652,fitted
25,male,83,0.06766312644,fitted
25,male,84,0.07380074227,fitted
25,male,85,0.0805029583,fitted
25,male,86,0.08781666087,fitted
25,male,87,0.09579158314,fitted
25,male,88,0.1044802488,fitted
25,male,89,0.1139378518,fitted
25,male,90,0.1242220571,fitted
25,male,91,0.1242165242,raw
25,male,92,0.1344421344,raw
25,male,93,0.1454234388,raw
25,male,94,0.1571582347,raw
25,male,95,0.1703296703,raw
25,male,96,0.1824686941,raw
25,male,97,0.1990521327,raw
25,male,98,0.2122186495,raw
25,male,99,0.2321428571,raw
25,male,100,0.2451612903,raw
25,male,101,0.2641509434,raw
25,male,102,0.2777777778,raw
25,male,103,0.2857142857,raw
25,male,104,0.3225806452,raw
25,male,105,0.4,raw
25,male,106,0.3333333333,raw
25,male,107,0.4,raw
25,male,108,0.6666666667,raw
25,male,109,1,raw
25,total,0,0.01107062721,raw
25,total,1,0.001346829689,raw
25,total,2,0.0005202426412,raw
25,total,3,0.0003332500208,raw
25,total,4,0.0002498646566,raw
25,total,5,0.0002070264787,raw
25,total,6,0.000204813108,raw
25,total,7,0.0001806739137,raw
25,total,8,0.0001775515639,raw
25,total,9,0.0001952934284,raw
25,total,10,0.0002126487333,raw
25,total,11,0.0002479189114,raw
25,total,12,0.0003006784057,raw
25,total,13,0.0003714641259,raw
25,total,14,0.0004612333379,raw
25,total,15,0.0005895791879,raw
25,total,16,0.0007196966202,raw
25,total,17,0.0008687053518,raw
25,total,18,0.00105301078,raw
25,total,19,0.001233851735,raw
25,total,20,0.001413194094,raw
25,total,21,0.001588533346,raw
25,total,22,0.001785779365,raw
25,total,23,0.001958720425,raw
25,total,24,0.002130359475,raw
25,total,25,0.00227539843,raw
25,total,26,0.002395847198,raw
25,total,27,0.002489658342,raw
25,total,28,0.002602384555,raw
25,total,29,0.00270388562,raw
25,total,30,0.002579402491,fitted
25,total,31,0.002617160491,fitted
25,total,32,0.002658795174,fitted
25,total,33,0.002704704376,fitted
25,total,34,0.002755326723,fitted
25,total,35,0.0028111458,fitted
25,total,36,0.002872694749,fitted
25,total,37,0.002940561336,fitted
25,total,38,0.00301539353,fitted
25,total,39,0.003097905653,fitted
25,total,40,0.003188885147,fitted
25,total,41,0.003289200036,fitted
25,total,42,0.003399807133,fitted
25,total,43,0.003521761083,fitted
25,total,44,0.003656224315,fitted
25,total,45,0.003804477993,fitted
25,total,46,0.003967934073,fitted
25,total,47,0.004148148563,fitted
25,total,48,0.004346836104,fitted
25,total,49,0.004565886013,fitted
25,total,50,0.004807379911,fitted
25,total,51,0.005073611097,fitted
25,total,52,0.005367105831,fitted
25,total,53,0.005690646702,fitted
25,total,54,0.006047298281,fitted
25,total,55,0.006440435257,fitted
25,total,56,0.006873773292,fitted
25,total,57,0.007351402826,fitted
25,total,58,0.007877826093,fitted
25,total,59,0.00845799763,fitted
25,total,60,0.009097368554,fitted
25,total,61,0.009801934928,fitted
25,total,62,0.01057829053,fitted
25,total,63,0.01143368436,fitted
25,total,64,0.0123760832,fitted
25,total,65,0.01341423968,fitted
25,total,66,0.01455776597,fitted
25,total,67,0.01581721378,fitted
25,total,68,0.01720416056,fitted
25,total,69,0.01873130265,fitted
25,total,70,0.0204125552,fitted
25,total,71,0.02226315936,fitted
25,total,72,0.02429979665,fitted
25,total,73,0.02654071052,fitted
25,total,74,0.02900583496,fitted
25,total,75,0.0317169297,fitted
25,total,76,0.03469772143,fitted
25,total,77,0.03797404995,fitted
25,total,78,0.04157401812,fitted
25,total,79,0.0455281435,fitted
25,total,80,0.0498695094,fitted
25,total,81,0.05463391217,fitted
25,total,82,0.0598600006,fitted
25,total,83,0.06558940257,fitted
25,total,84,0.07186683244,fitted
25,total,85,0.07874017179,fitted
25,total,86,0.08626051397,fitted
25,total,87,0.09448216148,fitted
25,total,88,0.1034625627,fitted
25,total,89,0.1132621727,fitted
25,total,90,0.1239442195,fitted
25,total,91,0.1271495571,raw
25,total,92,0.1389153187,raw
25,total,93,0.15,raw
25,total,94,0.1635832522,raw
25,total,95,0.1789019124,raw
25,total,96,0.1953188055,raw
25,total,97,0.2115594329,raw
25,total,98,0.2282282282,raw
25,total,99,0.2505307856,raw
25,total,100,0.2679127726,raw
25,total,101,0.2882882883,raw
25,total,102,0.3046357616,raw
25,total,103,0.3265306122,raw
25,total,104,0.3492063492,raw
25,total,105,0.4,raw
25,total,106,0.4347826087,raw
25,total,107,0.4,raw
25,total,108,0.6666666667,raw
25,total,109,1,raw
26,female,0,0.009608189134,raw
26,female,1,0.001202312139,raw
26,female,2,0.0005060845161,raw
26,female,3,0.0003227070511,raw
26,female,4,0.0002741102837,raw
26,female,5,0.0002240093188,raw
26,female,6,0.000174863388,raw
26,female,7,0.0001690331305,raw
26,female,8,0.0001636058735,raw
26,female,9,0.0001605587444,raw
26,female,10,0.0001987953005,raw
26,female,11,0.0002355250245,raw
26,female,12,0.0002322161158,raw
26,female,13,0.0003064194883,raw
26,female,14,0.0003431120261,raw
26,female,15,0.0003814173469,raw
26,female,16,0.0004589085625,raw
26,female,17,0.0004985140447,raw
26,female,18,0.0005376137629,raw
26,female,19,0.0006141091579,raw
26,female,20,0.0006507052497,raw
26,female,21,0.0006863417982,raw
26,female,22,0.0007620208794,raw
26,female,23,0.0008054154601,raw
26,female,24,0.0008170411439,raw
26,female,25,0.0008698058751,raw
26,female,26,0.000879753669,raw
26,female,27,0.0009257209555,raw
26,female,28,0.0009707952431,raw
26,female,29,0.0009773180763,raw
26,female,30,0.0009835183197,fitted
26,female,31,0.001017638458,fitted
26,female,32,0.001055301475,fitted
26,female,33,0.001096875093,fitted
26,female,34,0.001142765164,fitted
26,female,35,0.001193419623,fitted
26,female,36,0.001249332834,fitted
26,female,37,0.0013110504,fitted
26,female,38,0.001379174456,fitted
26,female,39,0.001454369506,fitted
26,female,40,0.001537368875,fitted
26,female,41,0.001628981798,fitted
26,female,42,0.001730101261,fitted
26,female,43,0.001841712623,fitted
26,female,44,0.001964903135,fitted
26,female,45,0.002100872416,fitted
26,female,46,0.002250944008,fitted
26,female,47,0.002416578092,fitted
26,female,48,0.002599385502,fitted
26,female,49,0.002801143146,fitted
26,female,50,0.003023810991,fitted
26,female,51,0.003269550743,fitted
26,female,52,0.003540746396,fitted
26,female,53,0.003840026838,fitted
26,female,54,0.004170290684,fitted
26,female,55,0.004534733571,fitted
26,female,56,0.004936878118,fitted
26,female,57,0.00538060682,fitted
26,female,58,0.005870198112,fitted
26,female,59,0.006410365897,fitted
26,female,60,0.007006302844,fitted
26,female,61,0.007663727746,fitted
26,female,62,0.008388937302,fitted
26,female,63,0.009188862648,fitted
26,female,64,0.01007113101,fitted
26,female,65,0.01104413283,fitted
26,female,66,0.0121170948,fitted
26,female,67,0.01330015906,fitted
26,female,68,0.01460446909,fitted
26,female,69,0.01604226242,fitted
26,female,70,0.01762697068,fitted
26,female,71,0.01937332713,fitted
26,female,72,0.02129748178,fitted
26,female,73,0.02341712429,fitted
26,female,74,0.02575161454,fitted
26,female,75,0.02832212055,fitted
26,female,76,0.03115176331,fitted
26,female,77,0.03426576777,fitted
26,female,78,0.03769161868,fitted
26,female,79,0.04145921986,fitted
26,female,80,0.0456010545,fitted
26,female,81,0.0501523438,fitted
26,female,82,0.05515120002,fitted
26,female,83,0.0606387694,fitted
26,female,84,0.06665935894,fitted
26,female,85,0.0732605397,fitted
26,female,86,0.08049321778,fitted
26,female,87,0.08841166198,fitted
26,female,88,0.0970734754,fitted
26,female,89,0.1065394953,fitted
26,female,90,0.1168736037,fitted
26,female,91,0.1246426529,raw
26,female,92,0.1365235749,raw
26,female,93,0.1492537313,raw
26,female,94,0.1644444444,raw
26,female,95,0.1776504298,raw
26,female,96,0.1977186312,raw
26,female,97,0.2152230971,raw
26,female,98,0.237037037,raw
26,female,99,0.2580645161,raw
26,female,100,0.2809917355,raw
26,female,101,0.3157894737,raw
26,female,102,0.347826087,raw
26,female,103,0.3703703704,raw
26,female,104,0.4,raw
26,female,105,0.5,raw
26,female,106,0.6666666667,raw
26,female,107,0,raw
26,female,108,1,raw
26,female,109,1,raw
26,male,0,0.01170752475,raw
26,male,1,0.001375851586,raw
26,male,2,0.0005290072298,raw
26,male,3,0.0003093307408,raw
26,male,4,0.0002190628491,raw
26,male,5,0.0002148273862,raw
26,male,6,0.0001677148847,raw
26,male,7,0.0001621336792,raw
26,male,8,0.0001961822926,raw
26,male,9,0.0001924816661,raw
26,male,10,0.0002285104924,raw
26,male,11,0.0002628071559,raw
26,male,12,0.0003325389348,raw
26,male,13,0.0004381161008,raw
26,male,14,0.0005443756918,raw
26,male,15,0.0007247952453,raw
26,male,16,0.0009447674419,raw
26,male,17,0.001202689651,raw
26,male,18,0.001496268452,raw
26,male,19,0.001786267612,raw
26,male,20,0.002103735945,raw
26,male,21,0.00241332733,raw
26,male,22,0.002690148676,raw
26,male,23,0.003024629123,raw
26,male,24,0.003280959498,raw
26,male,25,0.003514808443,raw
26,male,26,0.003737339762,raw
26,male,27,0.003909186588,raw
26,male,28,0.004079628301,raw
26,male,29,0.004185533275,raw
26,male,30,0.003990489558,fitted
26,male,31,0.004028839464,fitted
26,male,32,0.004071092482,fitted
26,male,33,0.004117645666,fitted
26,male,34,0.00416893642,fitted
26,male,35,0.004225446586,fitted
26,male,36,0.004287706957,fitted
26,male,37,0.004356302229,fitted
26,male,38,0.004431876464,fitted
26,male,39,0.004515139096,fitted
26,male,40,0.004606871543,fitted
26,male,41,0.004707934484,fitted
26,male,42,0.004819275868,fitted
26,male,43,0.004941939711,fitted
26,male,44,0.005077075795,fitted
26,male,45,0.00522595031,fitted
26,male,46,0.005389957571,fitted
26,male,47,0.005570632895,fitted
26,male,48,0.005769666745,fitted
26,male,49,0.00598892028,fitted
26,male,50,0.006230442428,fitted
26,male,51,0.006496488633,fitted
26,male,52,0.00678954144,fitted
26,male,53,0.007112333065,fitted
26,male,54,0.007467870161,fitted
26,male,55,0.00785946096,fitted
26,male,56,0.008290745005,fitted
26,male,57,0.008765725711,fitted
26,male,58,0.00928880598,fitted
26,male,59,0.009864827152,fitted
26,male,60,0.01049911154,fitted
26,male,61,0.01119750888,fitted
26,male,62,0.01196644692,fitted
26,male,63,0.01281298658,fitted
26,male,64,0.01374488187,fitted
26,male,65,0.01477064502,fitted
26,male,66,0.01589961704,fitted
26,male,67,0.01714204412,fitted
26,male,68,0.01850916009,fitted
26,male,69,0.02001327529,fitted
26,male,70,0.02166787202,fitted
26,male,71,0.02348770675,fitted
26,male,72,0.02548891928,fitted
26,male,73,0.02768914864,fitted
26,male,74,0.03010765574,fitted
26,male,75,0.03276545235,fitted
26,male,76,0.03568543578,fitted
26,male,77,0.03889252851,fitted
26,male,78,0.04241382139,fitted
26,male,79,0.04627871887,fitted
26,male,80,0.05051908391,fitted
26,male,81,0.05516937975,fitted
26,male,82,0.0602668049,fitted
26,male,83,0.06585141668,fitted
26,male,84,0.07196623766,fitted
26,male,85,0.078657338,fitted
26,male,86,0.08597388517,fitted
26,male,87,0.09396815094,fitted
26,male,88,0.1026954635,fitted
26,male,89,0.1122140903,fitted
26,male,90,0.1225850356,fitted
26,male,91,0.1233859397,raw
26,male,92,0.1340388007,raw
26,male,93,0.1456953642,raw
26,male,94,0.1577464789,raw
26,male,95,0.1684981685,raw
26,male,96,0.1853658537,raw
26,male,97,0.2013422819,raw
26,male,98,0.2200956938,raw
26,male,99,0.2411347518,raw
26,male,100,0.2666666667,raw
26,male,101,0.2857142857,raw
26,male,102,0.303030303,raw
26,male,103,0.3157894737,raw
26,male,104,0.4,raw
26,male,105,0.4,raw
26,male,106,0,raw
26,male,107,0.4,raw
26,male,108,0.6666666667,raw
26,male,109,1,raw
26,total,0,0.01067926458,raw
26,total,1,0.00129086318,raw
26,total,2,0.00051779061,raw
26,total,3,0.0003158773493,raw
26,total,4,0.0002460107126,raw
26,total,5,0.0002193222941,raw
26,total,6,0.0001712145532,raw
26,total,7,0.0001655115341,raw
26,total,8,0.0001802324999,raw
26,total,9,0.0001768537714,raw
26,total,10,0.0002139723976,raw
26,total,11,0.0002494698765,raw
26,total,12,0.0002835404754,raw
26,total,13,0.0003738457512,raw
26,total,14,0.0004462210654,raw
26,total,15,0.0005574964692,raw
26,total,16,0.0007080437497,raw
26,total,17,0.0008595560206,raw
26,total,18,0.001029143472,raw
26,total,19,0.001215282647,raw
26,total,20,0.001396765092,raw
26,total,21,0.001574409365,raw
26,total,22,0.001755180091,raw
26,total,23,0.001950023679,raw
26,total,24,0.002089077512,raw
26,total,25,0.002236174422,raw
26,total,26,0.002356850321,raw
26,total,27,0.002468439927,raw
26,total,28,0.002578376795,raw
26,total,29,0.002635823597,raw
26,total,30,0.002529543213,fitted
26,total,31,0.002564129214,fitted
26,total,32,0.002602311046,fitted
26,total,33,0.002644462402,fitted
26,total,34,0.002690995772,fitted
26,total,35,0.00274236647,fitted
26,total,36,0.002799077065,fitted
26,total,37,0.002861682276,fitted
26,total,38,0.002930794374,fitted
26,total,39,0.003007089128,fitted
26,total,40,0.003091312376,fitted
26,total,41,0.003184287262,fitted
26,total,42,0.003286922222,fitted
26,total,43,0.003400219778,fitted
26,total,44,0.003525286244,fitted
26,total,45,0.003663342409,fitted
26,total,46,0.003815735324,fitted
26,total,47,0.003983951268,fitted
26,total,48,0.004169630048,fitted
26,total,49,0.004374580728,fitted
26,total,50,0.004600798955,fitted
26,total,51,0.00485048602,fitted
26,total,52,0.005126069828,fitted
26,total,53,0.005430227957,fitted
26,total,54,0.005765913004,fitted
26,total,55,0.006136380437,fitted
26,total,56,0.006545219172,fitted
26,total,57,0.00699638513,fitted
26,total,58,0.007494238053,fitted
26,total,59,0.008043581835,fitted
26,total,60,0.008649708703,fitted
26,total,61,0.009318447546,fitted
26,total,62,0.01005621674,fitted
26,total,63,0.01087008184,fitted
26,total,64,0.01176781842,fitted
26,total,65,0.01275798063,fitted
26,total,66,0.01384997555,fitted
26,total,67,0.01505414403,fitted
26,total,68,0.01638184815,fitted
26,total,69,0.01784556575,fitted
26,total,70,0.01945899225,fitted
26,total,71,0.02123715012,fitted
26,total,72,0.02319650597,fitted
26,total,73,0.02535509555,fitted
26,total,74,0.02773265624,fitted
26,total,75,0.03035076707,fitted
26,total,76,0.03323299543,fitted
26,total,77,0.03640504978,fitted
26,total,78,0.03989493709,fitted
26,total,79,0.04373312315,fitted
26,total,80,0.0479526936,fitted
26,total,81,0.05258951243,fitted
26,total,82,0.05768237416,fitted
26,total,83,0.06327314463,fitted
26,total,84,0.0694068842,fitted
26,total,85,0.07613194576,fitted
26,total,86,0.08350003793,fitted
26,total,87,0.09156624248,fitted
26,total,88,0.1003889721,fitted
26,total,89,0.1100298527,fitted
26,total,90,0.1205535115,fitted
26,total,91,0.1240852689,raw
26,total,92,0.1354207436,raw
26,total,93,0.1476772616,raw
26,total,94,0.1614906832,raw
26,total,95,0.1736334405,raw
26,total,96,0.1923076923,raw
26,total,97,0.2091310751,raw
26,total,98,0.2296450939,raw
26,total,99,0.250764526,raw
26,total,100,0.2748815166,raw
26,total,101,0.303030303,raw
26,total,102,0.3291139241,raw
26,total,103,0.347826087,raw
26,total,104,0.4,raw
26,total,105,0.4615384615,raw
26,total,106,0.2222222222,raw
26,total,107,0.2857142857,raw
26,total,108,0.6666666667,raw
26,total,109,1,raw
27,female,0,0.01142344466,raw
27,female,1,0.001462522852,raw
27,female,2,0.0006227296316,raw
27,female,3,0.0004105933073,raw
27,female,4,0.0003028161906,raw
27,female,5,0.0002478990555,raw
27,female,6,0.0001939205895,raw
27,female,7,0.0001878375205,raw
27,female,8,0.0001827902938,raw
27,female,9,0.0002258304916,raw
27,female,10,0.0002250984806,raw
27,female,11,0.0002686246418,raw
27,female,12,0.0003114641038,raw
27,female,13,0.0003549875754,raw
27,female,14,0.0004004716666,raw
27,female,15,0.0004501868275,raw
27,female,16,0.0005024551787,raw
27,female,17,0.0005564830273,raw
27,female,18,0.0006104002817,raw
27,female,19,0.0006632556377,raw
27,female,20,0.0007166232711,raw
27,female,21,0.0007690828687,raw
27,female,22,0.0007753816331,raw
27,female,23,0.0008346630662,raw
27,female,24,0.0008999550022,raw
27,female,25,0.0009143553795,raw
27,female,26,0.0009734853337,raw
27,female,27,0.0009743339914,raw
27,female,28,0.001023279611,raw
27,female,29,0.001072112317,raw
27,female,30,0.001083054693,fitted
27,female,31,0.001126566421,fitted
27,female,32,0.001174563733,fitted
27,female,33,0.001227508793,fitted
27,female,34,0.001285911329,fitted
27,female,35,0.001350333518,fitted
27,female,36,0.001421395365,fitted
27,female,37,0.001499780637,fitted
27,female,38,0.001586243396,fitted
27,female,39,0.001681615205,fitted
27,female,40,0.001786813055,fitted
27,female,41,0.001902848111,fitted
27,female,42,0.002030835328,fitted
27,female,43,0.002172004058,fitted
27,female,44,0.002327709709,fitted
27,female,45,0.002499446594,fitted
27,female,46,0.002688862059,fitted
27,female,47,0.002897772034,fitted
27,female,48,0.003128178138,fitted
27,female,49,0.003382286473,fitted
27,female,50,0.003662528302,fitted
27,female,51,0.003971582748,fitted
27,female,52,0.00431240174,fitted
27,female,53,0.004688237385,fitted
27,female,54,0.005102672002,fitted
27,female,55,0.005559651062,fitted
27,female,56,0.006063519272,fitted
27,female,57,0.006619060093,fitted
27,female,58,0.00723153898,fitted
27,female,59,0.007906750641,fitted
27,female,60,0.008651070652,fitted
27,female,61,0.009471511756,fitted
27,female,62,0.01037578519,fitted
27,female,63,0.01137236742,fitted
27,female,64,0.01247057258,fitted
27,female,65,0.01368063109,fitted
27,female,66,0.01501377461,fitted
27,female,67,0.01648232783,fitted
27,female,68,0.01809980727,fitted
27,female,69,0.01988102728,fitted
27,female,70,0.02184221353,fitted
27,female,71,0.02400112379,fitted
27,female,72,0.02637717611,fitted
27,female,73,0.02899158393,fitted
27,female,74,0.03186749773,fitted
27,female,75,0.03503015221,fitted
27,female,76,0.03850701797,fitted
27,female,77,0.0423279559,fitted
27,female,78,0.04652537206,fitted
27,female,79,0.0511343702,fitted
27,female,80,0.0561928981,fitted
27,female,81,0.061741883,fitted
27,female,82,0.0678253503,fitted
27,female,83,0.07449051813,fitted
27,female,84,0.08178785906,fitted
27,female,85,0.08977111821,fitted
27,female,86,0.0984972749,fitted
27,female,87,0.108026433,fitted
27,female,88,0.1184216221,fitted
27,female,89,0.1297484892,fitted
27,female,90,0.1420748584,fitted
27,female,91,0.1518367347,raw
27,female,92,0.1666666667,raw
27,female,93,0.1800486618,raw
27,female,94,0.1960784314,raw
27,female,95,0.214559387,raw
27,female,96,0.2388059701,raw
27,female,97,0.2533333333,raw
27,female,98,0.2780269058,raw
27,female,99,0.2994011976,raw
27,female,100,0.3333333333,raw
27,female,101,0.3614457831,raw
27,female,102,0.4,raw
27,female,103,0.3783783784,raw
27,female,104,0.4,raw
27,female,105,0.4444444444,raw
27,female,106,0.4615384615,raw
27,female,107,0.4,raw
27,female,108,0.6666666667,raw
27,female,109,1,raw
27,male,0,0.01404283063,raw
27,male,1,0.001711897689,raw
27,male,2,0.0006505366928,raw
27,male,3,0.0003465432313,raw
27,male,4,0.000291871382,raw
27,male,5,0.0002386463976,raw
27,male,6,0.0002330513412,raw
27,male,7,0.0002254740592,raw
27,male,8,0.0002191780822,raw
27,male,9,0.0002164174259,raw
27,male,10,0.0002586429865,raw
27,male,11,0.0002999335861,raw
27,male,12,0.0004256224729,raw
27,male,13,0.0005092514004,raw
27,male,14,0.0006814019846,raw
27,male,15,0.000908324142,raw
27,male,16,0.001148004239,raw
27,male,17,0.001399832923,raw
27,male,18,0.001702675962,raw
27,male,19,0.002054059101,raw
27,male,20,0.002368994599,raw
27,male,21,0.002734403109,raw
27,male,22,0.003066962004,raw
27,male,23,0.003426783542,raw
27,male,24,0.003718892483,raw
27,male,25,0.004014075329,raw
27,male,26,0.004236614945,raw
27,male,27,0.004430802082,raw
27,male,28,0.004666255464,raw
27,male,29,0.004848876677,raw
27,male,30,0.004849221246,fitted
27,male,31,0.004907125629,fitted
27,male,32,0.004970521065,fitted
27,male,33,0.00503992787,fitted
27,male,34,0.005115915579,fitted
27,male,35,0.005199107593,fitted
27,male,36,0.005290186253,fitted
27,male,37,0.005389898389,fitted
27,male,38,0.005499061385,fitted
27,male,39,0.005618569817,fitted
27,male,40,0.005749402701,fitted
27,male,41,0.005892631415,fitted
27,male,42,0.006049428357,fitted
27,male,43,0.006221076404,fitted
27,male,44,0.006408979239,fitted
27,male,45,0.006614672635,fitted
27,male,46,0.00683983676,fitted
27,male,47,0.007086309623,fitted
27,male,48,0.007356101727,fitted
27,male,49,0.007651412063,fitted
27,male,50,0.007974645536,fitted
27,male,51,0.008328431961,fitted
27,male,52,0.008715646752,fitted
27,male,53,0.009139433443,fitted
27,male,54,0.009603228194,fitted
27,male,55,0.01011078644,fitted
27,male,56,0.01066621184,fitted
27,male,57,0.0112739877,fitted
27,male,58,0.01193901113,fitted
27,male,59,0.01266662992,fitted
27,male,60,0.01346268262,fitted
27,male,61,0.01433354181,fitted
27,male,62,0.0152861608,fitted
27,male,63,0.01632812408,fitted
27,male,64,0.01746770153,fitted
27,male,65,0.01871390678,fitted
27,male,66,0.02007655977,fitted
27,male,67,0.02156635363,fitted
27,male,68,0.02319492615,fitted
27,male,69,0.02497493575,fitted
27,male,70,0.0269201421,fitted
27,male,71,0.02904549121,fitted
27,male,72,0.03136720495,fitted
27,male,73,0.03390287463,fitted
27,male,74,0.03667155833,fitted
27,male,75,0.03969388121,fitted
27,male,76,0.04299213818,fitted
27,male,77,0.04659039765,fitted
27,male,78,0.05051460506,fitted
27,male,79,0.05479268429,fitted
27,male,80,0.05945463481,fitted
27,male,81,0.06453262161,fitted
27,male,82,0.07006105461,fitted
27,male,83,0.0760766533,fitted
27,male,84,0.08261849174,fitted
27,male,85,0.08972801773,fitted
27,male,86,0.09744903942,fitted
27,male,87,0.105827671,fitted
27,male,88,0.1149122277,fitted
27,male,89,0.1247530601,fitted
27,male,90,0.1354023141,fitted
27,male,91,0.1378091873,raw
27,male,92,0.1470588235,raw
27,male,93,0.158490566,raw
27,male,94,0.1707317073,raw
27,male,95,0.1831775701,raw
27,male,96,0.1981132075,raw
27,male,97,0.2153846154,raw
27,male,98,0.2314049587,raw
27,male,99,0.2471910112,raw
27,male,100,0.2635658915,raw
27,male,101,0.2795698925,raw
27,male,102,0.303030303,raw
27,male,103,0.3111111111,raw
27,male,104,0.3225806452,raw
27,male,105,0.3333333333,raw
27,male,106,0.3529411765,raw
27,male,107,0.3333333333,raw
27,male,108,0.5,raw
27,male,109,1,raw
27,total,0,0.01275885257,raw
27,total,1,0.001589499051,raw
27,total,2,0.0006368858828,raw
27,total,3,0.0003779908526,raw
27,total,4,0.0002972430705,raw
27,total,5,0.0002431847475,raw
27,total,6,0.0002138707033,raw
27,total,7,0.0002070369561,raw
27,total,8,0.0002013625533,raw
27,total,9,0.0002210237822,raw
27,total,10,0.0002422347254,raw
27,total,11,0.0002846227107,raw
27,total,12,0.0003698104178,raw
27,total,13,0.0004338394794,raw
27,total,14,0.000544016364,raw
27,total,15,0.0006838360999,raw
27,total,16,0.0008307046396,raw
27,total,17,0.0009837678308,raw
27,total,18,0.001162034024,raw
27,total,19,0.001363775306,raw
27,total,20,0.001546238478,raw
27,total,21,0.001752722122,raw
27,total,22,0.001918570058,raw
27,total,23,0.002123299509,raw
27,total,24,0.002296211251,raw
27,total,25,0.00244413857,raw
27,total,26,0.002578091431,raw
27,total,27,0.002667852379,raw
27,total,28,0.002801817253,raw
27,total,29,0.002909681901,raw
27,total,30,0.002874500768,fitted
27,total,31,0.002923680585,fitted
27,total,32,0.002977759384,fitted
27,total,33,0.003037224864,fitted
27,total,34,0.003102613212,fitted
27,total,35,0.003174513906,fitted
27,total,36,0.003253574999,fitted
27,total,37,0.003340508922,fitted
27,total,38,0.003436098851,fitted
27,total,39,0.003541205702,fitted
27,total,40,0.003656775821,fitted
27,total,41,0.003783849412,fitted
27,total,42,0.003923569796,fitted
27,total,43,0.004077193574,fitted
27,total,44,0.004246101778,fitted
27,total,45,0.004431812096,fitted
27,total,46,0.004635992292,fitted
27,total,47,0.004860474911,fitted
27,total,48,0.005107273406,fitted
27,total,49,0.0053785998,fitted
27,total,50,0.005676884039,fitted
27,total,51,0.006004795182,fitted
27,total,52,0.00636526459,fitted
27,total,53,0.006761511294,fitted
27,total,54,0.00719706973,fitted
27,total,55,0.007675820042,fitted
27,total,56,0.008202021176,fitted
27,total,57,0.008780346978,fitted
27,total,58,0.009415925562,fitted
27,total,59,0.01011438218,fitted
27,total,60,0.01088188586,fitted
27,total,61,0.01172520012,fitted
27,total,62,0.012651738,fitted
27,total,63,0.01366962167,fitted
27,total,64,0.01478774703,fitted
27,total,65,0.01601585336,fitted
27,total,66,0.01736459852,fitted
27,total,67,0.01884563975,fitted
27,total,68,0.02047172035,fitted
27,total,69,0.02225676236,fitted
27,total,70,0.02421596539,fitted
27,total,71,0.02636591142,fitted
27,total,72,0.02872467559,fitted
27,total,73,0.03131194263,fitted
27,total,74,0.03414912836,fitted
27,total,75,0.03725950562,fitted
27,total,76,0.04066833359,fitted
27,total,77,0.04440298892,fitted
27,total,78,0.04849309705,fitted
27,total,79,0.05297066112,fitted
27,total,80,0.05787018544,fitted
27,total,81,0.06322878981,fitted
27,total,82,0.06908630975,fitted
27,total,83,0.07548537698,fitted
27,total,84,0.08247147309,fitted
27,total,85,0.09009294793,fitted
27,total,86,0.09840099277,fitted
27,total,87,0.1074495564,fitted
27,total,88,0.1172951904,fitted
27,total,89,0.1279968079,fitted
27,total,90,0.1396153383,fitted
27,total,91,0.145099703,raw
27,total,92,0.1571428571,raw
27,total,93,0.169449598,raw
27,total,94,0.1834723275,raw
27,total,95,0.1986754967,raw
27,total,96,0.2179176755,raw
27,total,97,0.2336,raw
27,total,98,0.2537634409,raw
27,total,99,0.2724637681,raw
27,total,100,0.297188755,raw
27,total,101,0.3181818182,raw
27,total,102,0.347107438,raw
27,total,103,0.3414634146,raw
27,total,104,0.3571428571,raw
27,total,105,0.380952381,raw
27,total,106,0.4,raw
27,total,107,0.3636363636,raw
27,total,108,0.5714285714,raw
27,total,109,1,raw
28,female,0,0.01006958872,raw
28,female,1,0.001277379119,raw
28,female,2,0.0005241090147,raw
28,female,3,0.0003386450436,raw
28,female,4,0.0002626099679,raw
28,female,5,0.0002209619209,raw
28,female,6,0.0001798399425,raw
28,female,7,0.0001740008004,raw
28,female,8,0.0001691618033,raw
28,female,9,0.0002004275788,raw
28,female,10,0.0001991436822,raw
28,female,11,0.0002300474884,raw
28,female,12,0.0002600864788,raw
28,female,13,0.0002905334517,raw
28,female,14,0.0003544442475,raw
28,female,15,0.0003872841698,raw
28,female,16,0.0004534706702,raw
28,female,17,0.0005199870003,raw
28,female,18,0.0005537910253,raw
28,female,19,0.0006194473877,raw
28,female,20,0.0006517205422,raw
28,female,21,0.0007153075823,raw
28,female,22,0.0007478823549,raw
28,female,23,0.0008179156238,raw
28,female,24,0.0008284592315,raw
28,female,25,0.0008750967655,raw
28,female,26,0.0009181955757,raw
28,female,27,0.000956937799,raw
28,female,28,0.0009932357222,raw
28,female,29,0.000995588513,raw
28,female,30,0.001004669685,fitted
28,female,31,0.001041642922,fitted
28,female,32,0.0010824382,fitted
28,female,33,0.001127450435,fitted
28,female,34,0.001177115308,fitted
28,female,35,0.001231913464,fitted
28,female,36,0.001292375145,fitted
28,female,37,0.001359085293,fitted
28,female,38,0.001432689175,fitted
28,female,39,0.00151389859,fitted
28,female,40,0.001603498706,fitted
28,female,41,0.001702355589,fitted
28,female,42,0.00181142451,fitted
28,female,43,0.001931759089,fitted
28,female,44,0.002064521371,fitted
28,female,45,0.002210992921,fitted
28,female,46,0.002372587046,fitted
28,female,47,0.002550862241,fitted
28,female,48,0.002747536998,fitted
28,female,49,0.002964506096,fitted
28,female,50,0.00320385852,fitted
28,female,51,0.003467897168,fitted
28,female,52,0.003759160509,fitted
28,female,53,0.004080446391,fitted
28,female,54,0.004434838178,fitted
28,female,55,0.004825733452,fitted
28,female,56,0.005256875498,fitted
28,female,57,0.005732387835,fitted
28,female,58,0.006256812041,fitted
28,female,59,0.006835149186,fitted
28,female,60,0.007472905141,fitted
28,female,61,0.008176140114,fitted
28,female,62,0.008951522726,fitted
28,female,63,0.009806388983,fitted
28,female,64,0.0107488065,fitted
28,female,65,0.01178764436,fitted
28,female,66,0.01293264889,fitted
28,female,67,0.01419452586,fitted
28,female,68,0.01558502928,fitted
28,female,69,0.01711705723,fitted
28,female,70,0.01880475486,fitted
28,female,71,0.02066362491,fitted
28,female,72,0.02271064563,fitted
28,female,73,0.02496439638,fitted
28,female,74,0.02744519033,fitted
28,female,75,0.03017521426,fitted
28,female,76,0.03317867447,fitted
28,female,77,0.03648194803,fitted
28,female,78,0.04011373776,fitted
28,female,79,0.04410522917,fitted
28,female,80,0.04849024668,fitted
28,female,81,0.0533054059,fitted
28,female,82,0.05859025762,fitted
28,female,83,0.06438741833,fitted
28,female,84,0.07074268052,fitted
28,female,85,0.07770509485,fitted
28,female,86,0.0853270142,fitted
28,female,87,0.09366408792,fitted
28,female,88,0.1027751921,fitted
28,female,89,0.1127222796,fitted
28,female,90,0.1235701306,fitted
28,female,91,0.1322580645,raw
28,female,92,0.1449559256,raw
28,female,93,0.1579264617,raw
28,female,94,0.1725431358,raw
28,female,95,0.1876777251,raw
28,female,96,0.2068965517,raw
28,female,97,0.2266009852,raw
28,female,98,0.2460850112,raw
28,female,99,0.2695924765,raw
28,female,100,0.2909090909,raw
28,female,101,0.3129251701,raw
28,female,102,0.3333333333,raw
28,female,103,0.3606557377,raw
28,female,104,0.4210526316,raw
28,female,105,0.4347826087,raw
28,female,106,0.5454545455,raw
28,female,107,0.4,raw
28,female,108,0,raw
28,female,109,1,raw
28,male,0,0.01234447935,raw
28,male,1,0.001482794163,raw
28,male,2,0.0005405308012,raw
28,male,3,0.0003265543078,raw
28,male,4,0.0002533615651,raw
28,male,5,0.0002129698648,raw
28,male,6,0.0002078281954,raw
28,male,7,0.0002008906151,raw
28,male,8,0.0001951981261,raw
28,male,9,0.000192566917,raw
28,male,10,0.0002229831966,raw
28,male,11,0.0002836030188,raw
28,male,12,0.0003424924107,raw
28,male,13,0.0004633991875,raw
28,male,14,0.0005860308746,raw
28,male,15,0.0007731918908,raw
28,male,16,0.001027445242,raw
28,male,17,0.001285488094,raw
28,male,18,0.001576640494,raw
28,male,19,0.001866704634,raw
28,male,20,0.002183647958,raw
28,male,21,0.002494356125,raw
28,male,22,0.002809033093,raw
28,male,23,0.003112099079,raw
28,male,24,0.003411321726,raw
28,male,25,0.003662883867,raw
28,male,26,0.003866809882,raw
28,male,27,0.004052752217,raw
28,male,28,0.004230865329,raw
28,male,29,0.004381783821,raw
28,male,30,0.004217561029,fitted
28,male,31,0.004263317266,fitted
28,male,32,0.004313564031,fitted
28,male,33,0.004368741765,fitted
28,male,34,0.004429334052,fitted
28,male,35,0.00449587184,fitted
28,male,36,0.004568938061,fitted
28,male,37,0.004649172708,fitted
28,male,38,0.004737278399,fitted
28,male,39,0.004834026483,fitted
28,male,40,0.004940263733,fitted
28,male,41,0.005056919689,fitted
28,male,42,0.005185014708,fitted
28,male,43,0.005325668783,fitted
28,male,44,0.005480111217,fitted
28,male,45,0.005649691216,fitted
28,male,46,0.0058358895,fitted
28,male,47,0.006040331015,fitted
28,male,48,0.006264798854,fitted
28,male,49,0.006511249502,fitted
28,male,50,0.006781829503,fitted
28,male,51,0.007078893712,fitted
28,male,52,0.007405025235,fitted
28,male,53,0.007763057235,fitted
28,male,54,0.008156096749,fitted
28,male,55,0.008587550692,fitted
28,male,56,0.00906115424,fitted
28,male,57,0.00958100177,fitted
28,male,58,0.01015158059,fitted
28,male,59,0.01077780765,fitted
28,male,60,0.01146506951,fitted
28,male,61,0.01221926569,fitted
28,male,62,0.01304685587,fitted
28,male,63,0.01395491094,fitted
28,male,64,0.0149511683,fitted
28,male,65,0.01604409168,fitted
28,male,66,0.01724293567,fitted
28,male,67,0.01855781518,fitted
28,male,68,0.01999978013,fitted
28,male,69,0.02158089548,fitted
28,male,70,0.02331432675,fitted
28,male,71,0.02521443114,fitted
28,male,72,0.02729685423,fitted
28,male,73,0.02957863206,fitted
28,male,74,0.03207829856,fitted
28,male,75,0.03481599769,fitted
28,male,76,0.03781359978,fitted
28,male,77,0.04109482116,fitted
28,male,78,0.04468534595,fitted
28,male,79,0.04861294829,fitted
28,male,80,0.05290761302,fitted
28,male,81,0.05760165233,fitted
28,male,82,0.06272981489,fitted
28,male,83,0.06832938358,fitted
28,male,84,0.07444025686,fitted
28,male,85,0.08110500778,fitted
28,male,86,0.0883689134,fitted
28,male,87,0.09627994622,fitted
28,male,88,0.1048887173,fitted
28,male,89,0.11424836,fitted
28,male,90,0.1244143394,fitted
28,male,91,0.1268191268,raw
28,male,92,0.1355288157,raw
28,male,93,0.1450617284,raw
28,male,94,0.1579448145,raw
28,male,95,0.1700598802,raw
28,male,96,0.1869158879,raw
28,male,97,0.2016806723,raw
28,male,98,0.2170087977,raw
28,male,99,0.2333333333,raw
28,male,100,0.251497006,raw
28,male,101,0.2564102564,raw
28,male,102,0.2784810127,raw
28,male,103,0.32,raw
28,male,104,0.3225806452,raw
28,male,105,0.3636363636,raw
28,male,106,0.4615384615,raw
28,male,107,0.4,raw
28,male,108,0,raw
28,male,109,1,raw
28,total,0,0.01122939901,raw
28,total,1,0.001382042659,raw
28,total,2,0.0005324764746,raw
28,total,3,0.0003324897944,raw
28,total,4,0.0002579028811,raw
28,total,5,0.0002168922949,raw
28,total,6,0.0001940976664,raw
28,total,7,0.0001877053027,raw
28,total,8,0.0001824348417,raw
28,total,9,0.0001964186336,raw
28,total,10,0.0002113082418,raw
28,total,11,0.0002573878352,raw
28,total,12,0.0003021796697,raw
28,total,13,0.0003788656132,raw
28,total,14,0.0004727685325,raw
28,total,15,0.0005843473866,raw
28,total,16,0.0007461324147,raw
28,total,17,0.0009096059172,raw
28,total,18,0.001073537305,raw
28,total,19,0.001252428587,raw
28,total,20,0.001428881058,raw
28,total,21,0.001617876737,raw
28,total,22,0.001793808159,raw
28,total,23,0.001982096672,raw
28,total,24,0.00213879297,raw
28,total,25,0.002289012739,raw
28,total,26,0.00241355614,raw
28,total,27,0.002526826474,raw
28,total,28,0.002634467618,raw
28,total,29,0.002710715798,raw
28,total,30,0.002613380408,fitted
28,total,31,0.002652799312,fitted
28,total,32,0.002696234433,fitted
28,total,33,0.002744094761,fitted
28,total,34,0.002796830896,fitted
28,total,35,0.002854939264,fitted
28,total,36,0.002918966773,fitted
28,total,37,0.002989515929,fitted
28,total,38,0.003067250471,fitted
28,total,39,0.003152901579,fitted
28,total,40,0.003247274693,fitted
28,total,41,0.003351257037,fitted
28,total,42,0.003465825874,fitted
28,total,43,0.00359205761,fitted
28,total,44,0.003731137795,fitted
28,total,45,0.003884372123,fitted
28,total,46,0.004053198533,fitted
28,total,47,0.004239200503,fitted
28,total,48,0.004444121668,fitted
28,total,49,0.004669881877,fitted
28,total,50,0.004918594832,fitted
28,total,51,0.005192587452,fitted
28,total,52,0.005494421128,fitted
28,total,53,0.005826915051,fitted
28,total,54,0.006193171779,fitted
28,total,55,0.006596605275,fitted
28,total,56,0.007040971614,fitted
28,total,57,0.007530402603,fitted
28,total,58,0.008069442558,fitted
28,total,59,0.008663088515,fitted
28,total,60,0.00931683414,fitted
28,total,61,0.01003671765,fitted
28,total,62,0.01082937404,fitted
28,total,63,0.01170209194,fitted
28,total,64,0.01266287544,fitted
28,total,65,0.01372051121,fitted
28,total,66,0.01488464117,fitted
28,total,67,0.0161658412,fitted
28,total,68,0.01757570602,fitted
28,total,69,0.01912694054,fitted
28,total,70,0.02083345796,fitted
28,total,71,0.02271048479,fitted
28,total,72,0.02477467265,fitted
28,total,73,0.02704421709,fitted
28,total,74,0.02953898298,fitted
28,total,75,0.03228063612,fitted
28,total,76,0.03529278047,fitted
28,total,77,0.0386010999,fitted
28,total,78,0.0422335032,fitted
28,total,79,0.04622027036,fitted
28,total,80,0.0505941979,fitted
28,total,81,0.05539073981,fitted
28,total,82,0.06064814047,fitted
28,total,83,0.06640755428,fitted
28,total,84,0.07271314612,fitted
28,total,85,0.07961216489,fitted
28,total,86,0.08715498134,fitted
28,total,87,0.09539507907,fitted
28,total,88,0.1043889861,fitted
28,total,89,0.1141961315,fitted
28,total,90,0.1248786105,fitted
28,total,91,0.1298819255,raw
28,total,92,0.1408450704,raw
28,total,93,0.152284264,raw
28,total,94,0.1661073826,raw
28,total,95,0.1798941799,raw
28,total,96,0.1980742779,raw
28,total,97,0.2156682028,raw
28,total,98,0.2335025381,raw
28,total,99,0.2540250447,raw
28,total,100,0.2739018088,raw
28,total,101,0.2878787879,raw
28,total,102,0.3085714286,raw
28,total,103,0.3423423423,raw
28,total,104,0.3768115942,raw
28,total,105,0.4,raw
28,total,106,0.5,raw
28,total,107,0.4,raw
28,total,108,0,raw
28,total,109,1,raw
29,female,0,0.01118705242,raw
29,female,1,0.001394299774,raw
29,female,2,0.000574264736,raw
29,female,3,0.0004130695196,raw
29,female,4,0.0002498022399,raw
29,female,5,0.0002527486415,raw
29,female,6,0.0002544853035,raw
29,female,7,0.000169247694,raw
29,female,8,0.0001689474573,raw
29,female,9,0.0001682510305,raw
29,female,10,0.000249760646,raw
29,female,11,0.0002464166906,raw
29,female,12,0.0003236507808,raw
29,female,13,0.0003201536738,raw
29,female,14,0.0003981367201,raw
29,female,15,0.0003980099502,raw
29,female,16,0.0004784307471,raw
29,female,17,0.0005591277607,raw
29,female,18,0.0005593511527,raw
29,female,19,0.0006381620932,raw
29,female,20,0.0007151654813,raw
29,female,21,0.0007114905727,raw
29,female,22,0.0007891414141,raw
29,female,23,0.0007936507937,raw
29,female,24,0.0008852050054,raw
29,female,25,0.0008993908671,raw
29,female,26,0.000909805219,raw
29,female,27,0.000998917839,raw
29,female,28,0.001003848084,raw
29,female,29,0.001094414278,raw
29,female,30,0.001076100747,fitted
29,female,31,0.001118216255,fitted
29,female,32,0.001164669428,fitted
29,female,33,0.001215906787,fitted
29,female,34,0.001272420768,fitted
29,female,35,0.001334754432,fitted
29,female,36,0.001403506655,fitted
29,female,37,0.001479337848,fitted
29,female,38,0.001562976265,fitted
29,female,39,0.001655224941,fitted
29,female,40,0.001756969346,fitted
29,female,41,0.001869185811,fitted
29,female,42,0.001992950809,fitted
29,female,43,0.002129451169,fitted
29,female,44,0.002279995334,fitted
29,female,45,0.002446025734,fitted
29,female,46,0.002629132422,fitted
29,female,47,0.002831068057,fitted
29,female,48,0.0030537644,fitted
29,female,49,0.003299350441,fitted
29,female,50,0.003570172329,fitted
29,female,51,0.003868815266,fitted
29,female,52,0.004198127565,fitted
29,female,53,0.004561247042,fitted
29,female,54,0.004961629998,fitted
29,female,55,0.005403082981,fitted
29,female,56,0.005889797608,fitted
29,female,57,0.006426388703,fitted
29,female,58,0.00701793602,fitted
29,female,59,0.00767002988,fitted
29,female,60,0.00838882101,fitted
29,female,61,0.009181074926,fitted
29,female,62,0.01005423121,fitted
29,female,63,0.011016468,fitted
29,female,64,0.01207677213,fitted
29,female,65,0.01324501511,fitted
29,female,66,0.01453203553,fitted
29,female,67,0.01594972793,fitted
29,female,68,0.0175111387,fitted
29,female,69,0.01923056907,fitted
29,female,70,0.02112368533,fitted
29,female,71,0.0232076366,fitted
29,female,72,0.02550117976,fitted
29,female,73,0.02802481156,fitted
29,female,74,0.03080090736,fitted
29,female,75,0.03385386581,fitted
29,female,76,0.03721025837,fitted
29,female,77,0.04089898232,fitted
29,female,78,0.044951415,fitted
29,female,79,0.04940156697,fitted
29,female,80,0.05428623037,fitted
29,female,81,0.05964511838,fitted
29,female,82,0.06552099027,fitted
29,female,83,0.0719597553,fitted
29,female,84,0.07901054738,fitted
29,female,85,0.08672576047,fitted
29,female,86,0.09516103291,fitted
29,female,87,0.1043751665,fitted
29,female,88,0.1144299636,fitted
29,female,89,0.125389964,fitted
29,female,90,0.1373220577,fitted
29,female,91,0.1476190476,raw
29,female,92,0.1621621622,raw
29,female,93,0.1749571184,raw
29,female,94,0.1924686192,raw
29,female,95,0.2083333333,raw
29,female,96,0.2310231023,raw
29,female,97,0.2510822511,raw
29,female,98,0.269005848,raw
29,female,99,0.2903225806,raw
29,female,100,0.3181818182,raw
29,female,101,0.3606557377,raw
29,female,102,0.380952381,raw
29,female,103,0.4285714286,raw
29,female,104,0.4444444444,raw
29,female,105,0.4615384615,raw
29,female,106,0.5,raw
29,female,107,0.4,raw
29,female,108,1,raw
29,female,109,1,raw
29,male,0,0.01374867423,raw
29,male,1,0.001660932495,raw
29,male,2,0.0006339144216,raw
29,male,3,0.0003196930946,raw
29,male,4,0.0002412060302,raw
29,male,5,0.0002435361448,raw
29,male,6,0.0002450079628,raw
29,male,7,0.000162826671,raw
29,male,8,0.0002436746132,raw
29,male,9,0.0002425908705,raw
29,male,10,0.0002402402402,raw
29,male,11,0.0003162305321,raw
29,male,12,0.0003896660562,raw
29,male,13,0.000539727823,raw
29,male,14,0.0006904223083,raw
29,male,15,0.0008456659619,raw
29,male,16,0.001082920792,raw
29,male,17,0.001401978347,raw
29,male,18,0.001643128203,raw
29,male,19,0.001958250108,raw
29,male,20,0.002345399109,raw
29,male,21,0.002647975078,raw
29,male,22,0.002958119259,raw
29,male,23,0.003295409965,raw
29,male,24,0.003591810672,raw
29,male,25,0.003903708523,raw
29,male,26,0.004126774513,raw
29,male,27,0.0043373092,raw
29,male,28,0.004551201011,raw
29,male,29,0.004701457452,raw
29,male,30,0.004839223016,fitted
29,male,31,0.004890041431,fitted
29,male,32,0.004945839685,fitted
29,male,33,0.005007105443,fitted
29,male,34,0.005074374062,fitted
29,male,35,0.005148233239,fitted
29,male,36,0.005229328111,fitted
29,male,37,0.005318366851,fitted
29,male,38,0.005416126803,fitted
29,male,39,0.005523461208,fitted
29,male,40,0.005641306581,fitted
29,male,41,0.005770690796,fitted
29,male,42,0.00591274195,fitted
29,male,43,0.006068698069,fitted
29,male,44,0.006239917754,fitted
29,male,45,0.006427891829,fitted
29,male,46,0.006634256108,fitted
29,male,47,0.006860805365,fitted
29,male,48,0.007109508626,fitted
29,male,49,0.007382525902,fitted
29,male,50,0.007682226487,fitted
29,male,51,0.008011208964,fitted
29,male,52,0.008372323071,fitted
29,male,53,0.008768693576,fitted
29,male,54,0.009203746348,fitted
29,male,55,0.009681236799,fitted
29,male,56,0.0102052809,fitted
29,male,57,0.01078038894,fitted
29,male,58,0.01141150234,fitted
29,male,59,0.01210403364,fitted
29,male,60,0.01286390993,fitted
29,male,61,0.01369762008,fitted
29,male,62,0.01461226579,fitted
29,male,63,0.01561561698,fitted
29,male,64,0.01671617161,fitted
29,male,65,0.01792322011,fitted
29,male,66,0.01924691494,fitted
29,male,67,0.02069834514,fitted
29,male,68,0.02228961628,fitted
29,male,69,0.02403393588,fitted
29,male,70,0.02594570436,fitted
29,male,71,0.02804061143,fitted
29,male,72,0.03033573802,fitted
29,male,73,0.03284966322,fitted
29,male,74,0.03560257601,fitted
29,male,75,0.03861639107,fitted
29,male,76,0.04191486775,fitted
29,male,77,0.04552373098,fitted
29,male,78,0.04947079265,fitted
29,male,79,0.05378607113,fitted
29,male,80,0.05850190663,fitted
29,male,81,0.06365306875,fitted
29,male,82,0.06927685257,fitted
29,male,83,0.07541315794,fitted
29,male,84,0.0821045462,fitted
29,male,85,0.08939626711,fitted
29,male,86,0.09733624729,fitted
29,male,87,0.1059750303,fitted
29,male,88,0.1153656567,fitted
29,male,89,0.1255634698,fitted
29,male,90,0.1366258333,fitted
29,male,91,0.1379310345,raw
29,male,92,0.1486486486,raw
29,male,93,0.16,raw
29,male,94,0.1739130435,raw
29,male,95,0.1893491124,raw
29,male,96,0.2058823529,raw
29,male,97,0.2159624413,raw
29,male,98,0.2303030303,raw
29,male,99,0.253968254,raw
29,male,100,0.2795698925,raw
29,male,101,0.303030303,raw
29,male,102,0.2978723404,raw
29,male,103,0.303030303,raw
29,male,104,0.3636363636,raw
29,male,105,0.4,raw
29,male,106,0.5,raw
29,male,107,1,raw
29,male,108,1,raw
29,male,109,1,raw
29,total,0,0.01249259253,raw
29,total,1,0.001530037043,raw
29,total,2,0.0006046071061,raw
29,total,3,0.0003656084334,raw
29,total,4,0.000245428887,raw
29,total,5,0.0002480568877,raw
29,total,6,0.000249656722,raw
29,total,7,0.0001659751037,raw
29,total,8,0.0002070436241,raw
29,total,9,0.0002061558126,raw
29,total,10,0.0002449079554,raw
29,total,11,0.0002819908554,raw
29,total,12,0.0003572775451,raw
29,total,13,0.0004319908889,raw
29,total,14,0.0005470032039,raw
29,total,15,0.0006257332812,raw
29,total,16,0.0007852683655,raw
29,total,17,0.0009858627285,raw
29,total,18,0.00110693813,raw
29,total,19,0.001304218951,raw
29,total,20,0.001536915529,raw
29,total,21,0.001686969144,raw
29,total,22,0.001881025159,raw
29,total,23,0.002051686723,raw
29,total,24,0.002244039271,raw
29,total,25,0.002405561332,raw
29,total,26,0.002519984302,raw
29,total,27,0.002666444463,raw
29,total,28,0.002770897183,raw
29,total,29,0.002884166773,raw
29,total,30,0.00286377746,fitted
29,total,31,0.002907991251,fitted
29,total,32,0.002956703482,fitted
29,total,33,0.003010371586,fitted
29,total,34,0.003069499452,fitted
29,total,35,0.003134642137,fitted
29,total,36,0.003206411046,fitted
29,total,37,0.003285479639,fitted
29,total,38,0.003372589701,fitted
29,total,39,0.003468558256,fitted
29,total,40,0.003574285162,fitted
29,total,41,0.003690761476,fitted
29,total,42,0.00381907865,fitted
29,total,43,0.003960438645,fitted
29,total,44,0.004116165054,fitted
29,total,45,0.004287715333,fitted
29,total,46,0.004476694236,fitted
29,total,47,0.004684868584,fitted
29,total,48,0.00491418349,fitted
29,total,49,0.005166780171,fitted
29,total,50,0.005445015512,fitted
29,total,51,0.005751483522,fitted
29,total,52,0.006089038882,fitted
29,total,53,0.006460822758,fitted
29,total,54,0.006870291089,fitted
29,total,55,0.007321245566,fitted
29,total,56,0.007817867547,fitted
29,total,57,0.008364755141,fitted
29,total,58,0.008966963746,fitted
29,total,59,0.009630050311,fitted
29,total,60,0.01036012161,fitted
29,total,61,0.01116388687,fitted
29,total,62,0.01204871501,fitted
29,total,63,0.01302269687,fitted
29,total,64,0.01409471277,fitted
29,total,65,0.01527450562,fitted
29,total,66,0.01657276002,fitted
29,total,67,0.01800118757,fitted
29,total,68,0.01957261868,fitted
29,total,69,0.02130110101,fitted
29,total,70,0.02320200481,fitted
29,total,71,0.0252921351,fitted
29,total,72,0.02758985062,fitted
29,total,73,0.03011518937,fitted
29,total,74,0.03289000021,fitted
29,total,75,0.03593807992,fitted
29,total,76,0.03928531455,fitted
29,total,77,0.04295982379,fitted
29,total,78,0.04699210631,fitted
29,total,79,0.05141518373,fitted
29,total,80,0.05626473982,fitted
29,total,81,0.06157925099,fitted
29,total,82,0.067400103,fitted
29,total,83,0.07377168758,fitted
29,total,84,0.08074147137,fitted
29,total,85,0.088360028,fitted
29,total,86,0.09668102223,fitted
29,total,87,0.1057611332,fitted
29,total,88,0.1156599016,fitted
29,total,89,0.1264394829,fitted
29,total,90,0.1381642865,fitted
29,total,91,0.1432291667,raw
29,total,92,0.155984556,raw
29,total,93,0.1680517082,raw
29,total,94,0.1838565022,raw
29,total,95,0.1994459834,raw
29,total,96,0.2191304348,raw
29,total,97,0.2342342342,raw
29,total,98,0.25,raw
29,total,99,0.272,raw
29,total,100,0.2983425414,raw
29,total,101,0.3307086614,raw
29,total,102,0.3370786517,raw
29,total,103,0.3606557377,raw
29,total,104,0.4,raw
29,total,105,0.4285714286,raw
29,total,106,0.5,raw
29,total,107,0.5,raw
29,total,108,1,raw
29,total,109,1,raw
30,female,0,0.01125252354,raw
30,female,1,0.001452617435,raw
30,female,2,0.0006220065933,raw
30,female,3,0.0003853227078,raw
30,female,4,0.000292853513,raw
30,female,5,0.0002374289833,raw
30,female,6,0.000215988104,raw
30,female,7,0.0001934610176,raw
30,female,8,0.0001877464172,raw
30,female,9,0.0001989851756,raw
30,female,10,0.00022626994,raw
30,female,11,0.000252358438,raw
30,female,12,0.0002773054666,raw
30,female,13,0.0003314622529,raw
30,female,14,0.0003868832257,raw
30,female,15,0.0004467663484,raw
30,female,16,0.0004944807225,raw
30,female,17,0.0005438417274,raw
30,female,18,0.0005926277113,raw
30,female,19,0.0006547424184,raw
30,female,20,0.000702703915,raw
30,female,21,0.0007499850003,raw
30,female,22,0.0007996077396,raw
30,female,23,0.0008392398013,raw
30,female,24,0.0008847977771,raw
30,female,25,0.0009284685776,raw
30,female,26,0.0009667577955,raw
30,female,27,0.0009981542069,raw
30,female,28,0.001043280326,raw
30,female,29,0.001073825503,raw
30,female,30,0.001093554891,fitted
30,female,31,0.001136667617,fitted
30,female,32,0.001184235613,fitted
30,female,33,0.001236719043,fitted
30,female,34,0.001294625543,fitted
30,female,35,0.001358515107,fitted
30,female,36,0.00142900548,fitted
30,female,37,0.001506778089,fitted
30,female,38,0.00159258459,fitted
30,female,39,0.001687254081,fitted
30,female,40,0.001791701047,fitted
30,female,41,0.001906934119,fitted
30,female,42,0.002034065719,fitted
30,female,43,0.002174322682,fitted
30,female,44,0.002329057958,fitted
30,female,45,0.002499763492,fitted
30,female,46,0.002688084401,fitted
30,female,47,0.002895834579,fitted
30,female,48,0.003125013859,fitted
30,female,49,0.003377826891,fitted
30,female,50,0.0036567039,fitted
30,female,51,0.003964323487,fitted
30,female,52,0.004303637695,fitted
30,female,53,0.004677899512,fitted
30,female,54,0.005090693068,fitted
30,female,55,0.005545966747,fitted
30,female,56,0.006048069484,fitted
30,female,57,0.006601790515,fitted
30,female,58,0.007212402889,fitted
30,female,59,0.007885711034,fitted
30,female,60,0.008628102722,fitted
30,female,61,0.00944660576,fitted
30,female,62,0.01034894978,fitted
30,female,63,0.01134363344,fitted
30,female,64,0.01243999749,fitted
30,female,65,0.01364830398,fitted
30,female,66,0.01497982195,fitted
30,female,67,0.01644692001,fitted
30,female,68,0.01806316601,fitted
30,female,69,0.01984343407,fitted
30,female,70,0.02180401906,fitted
30,female,71,0.02396275866,fitted
30,female,72,0.02633916275,fitted
30,female,73,0.02895454998,fitted
30,female,74,0.03183219087,fitted
30,female,75,0.03499745664,fitted
30,female,76,0.03847797255,fitted
30,female,77,0.04230377405,fitted
30,female,78,0.04650746351,fitted
30,female,79,0.05112436451,fitted
30,female,80,0.05619266994,fitted
30,female,81,0.06175357913,fitted
30,female,82,0.06785141792,fitted
30,female,83,0.07453373446,fitted
30,female,84,0.08185136155,fitted
30,female,85,0.08985843477,fitted
30,female,86,0.0986123534,fitted
30,female,87,0.1081736688,fitted
30,female,88,0.1186058823,fitted
30,female,89,0.1299751318,fitted
30,female,90,0.142349744,fitted
30,female,91,0.1532868828,raw
30,female,92,0.1670661995,raw
30,female,93,0.181900864,raw
30,female,94,0.1981265967,raw
30,female,95,0.2159827214,raw
30,female,96,0.2370023419,raw
30,female,97,0.2570532915,raw
30,female,98,0.2803418803,raw
30,female,99,0.3034647551,raw
30,female,100,0.3276450512,raw
30,female,101,0.3541147132,raw
30,female,102,0.3736263736,raw
30,female,103,0.3958333333,raw
30,female,104,0.4179104478,raw
30,female,105,0.4347826087,raw
30,female,106,0.4242424242,raw
30,female,107,0.5454545455,raw
30,female,108,0.5714285714,raw
30,female,109,1,raw
30,male,0,0.01394290487,raw
30,male,1,0.001716106889,raw
30,male,2,0.0006514211266,raw
30,male,3,0.000372389045,raw
30,male,4,0.0002831092052,raw
30,male,5,0.000229226361,raw
30,male,6,0.0002243409983,raw
30,male,7,0.0002174689718,raw
30,male,8,0.0002108814846,raw
30,male,9,0.0002503774071,raw
30,male,10,0.0002611420613,raw
30,male,11,0.0003139538202,raw
30,male,12,0.0004066323132,raw
30,male,13,0.0005260534913,raw
30,male,14,0.0007024841769,raw
30,male,15,0.0009038636695,raw
30,male,16,0.001157652507,raw
30,male,17,0.001422587529,raw
30,male,18,0.001719916045,raw
30,male,19,0.002045335825,raw
30,male,20,0.002382299515,raw
30,male,21,0.002738242109,raw
30,male,22,0.003081006055,raw
30,male,23,0.003421515109,raw
30,male,24,0.003749531309,raw
30,male,25,0.004015212104,raw
30,male,26,0.004263967813,raw
30,male,27,0.004487458558,raw
30,male,28,0.00468858044,raw
30,male,29,0.00486460743,raw
30,male,30,0.004923828041,fitted
30,male,31,0.004979272811,fitted
30,male,32,0.005040045802,fitted
30,male,33,0.005106658679,fitted
30,male,34,0.005179672168,fitted
30,male,35,0.005259700742,fitted
30,male,36,0.005347417758,fitted
30,male,37,0.005443561072,fitted
30,male,38,0.005548939199,fitted
30,male,39,0.005664438041,fitted
30,male,40,0.005791028259,fitted
30,male,41,0.005929773334,fitted
30,male,42,0.006081838393,fitted
30,male,43,0.006248499855,fitted
30,male,44,0.00643115598,fitted
30,male,45,0.006631338408,fitted
30,male,46,0.006850724767,fitted
30,male,47,0.007091152448,fitted
30,male,48,0.007354633657,fitted
30,male,49,0.007643371846,fitted
30,male,50,0.007959779656,fitted
30,male,51,0.008306498483,fitted
30,male,52,0.008686419831,fitted
30,male,53,0.009102708577,fitted
30,male,54,0.009558828319,fitted
30,male,55,0.01005856898,fitted
30,male,56,0.01060607682,fitted
30,male,57,0.01120588712,fitted
30,male,58,0.0118629596,fitted
30,male,59,0.01258271691,fitted
30,male,60,0.01337108639,fitted
30,male,61,0.0142345452,fitted
30,male,62,0.01518016919,fitted
30,male,63,0.01621568569,fitted
30,male,64,0.01734953033,fitted
30,male,65,0.0185909083,fitted
30,male,66,0.01994986005,fitted
30,male,67,0.02143733175,fitted
30,male,68,0.02306525054,fitted
30,male,69,0.02484660472,fitted
30,male,70,0.02679552889,fitted
30,male,71,0.02892739402,fitted
30,male,72,0.03125890218,fitted
30,male,73,0.0338081859,fitted
30,male,74,0.03659491138,fitted
30,male,75,0.0396403852,fitted
30,male,76,0.04296766351,fitted
30,male,77,0.04660166255,fitted
30,male,78,0.05056926895,fitted
30,male,79,0.05489944789,fitted
30,male,80,0.05962334664,fitted
30,male,81,0.06477439046,fitted
30,male,82,0.070388367,fitted
30,male,83,0.07650349488,fitted
30,male,84,0.08316047066,fitted
30,male,85,0.09040248792,fitted
30,male,86,0.09827522064,fitted
30,male,87,0.1068267617,fitted
30,male,88,0.1161075063,fitted
30,male,89,0.126169968,fitted
30,male,90,0.1370685133,fitted
30,male,91,0.1390216992,raw
30,male,92,0.1496478873,raw
30,male,93,0.1615837346,raw
30,male,94,0.1749502982,raw
30,male,95,0.1872659176,raw
30,male,96,0.2028677642,raw
30,male,97,0.216066482,raw
30,male,98,0.2323879231,raw
30,male,99,0.2503097893,raw
30,male,100,0.2635135135,raw
30,male,101,0.2816901408,raw
30,male,102,0.3042071197,raw
30,male,103,0.3302752294,raw
30,male,104,0.3439490446,raw
30,male,105,0.3571428571,raw
30,male,106,0.3896103896,raw
30,male,107,0.4615384615,raw
30,male,108,0.5714285714,raw
30,male,109,1,raw
30,total,0,0.01262353026,raw
30,total,1,0.001586749748,raw
30,total,2,0.0006369788008,raw
30,total,3,0.0003787454916,raw
30,total,4,0.0002878989305,raw
30,total,5,0.0002332555815,raw
30,total,6,0.0002202400617,raw
30,total,7,0.0002056880661,raw
30,total,8,0.0001995333988,raw
30,total,9,0.0002251762004,raw
30,total,10,0.0002440458362,raw
30,total,11,0.0002837632832,raw
30,total,12,0.0003432641561,raw
30,total,13,0.0004307133955,raw
30,total,14,0.0005477989718,raw
30,total,15,0.000679400712,raw
30,total,16,0.0008309931801,raw
30,total,17,0.000988185372,raw
30,total,18,0.001160876976,raw
30,total,19,0.001353935847,raw
30,total,20,0.001544240245,raw
30,total,21,0.001742605195,raw
30,total,22,0.001934081937,raw
30,total,23,0.002118081096,raw
30,total,24,0.002297475924,raw
30,total,25,0.002443665498,raw
30,total,26,0.002577612061,raw
30,total,27,0.002694594936,raw
30,total,28,0.002806903023,raw
30,total,29,0.002898859291,raw
30,total,30,0.002889626736,fitted
30,total,31,0.002936944084,fitted
30,total,32,0.00298902601,fitted
30,total,33,0.00304635199,fitted
30,total,34,0.003109449692,fitted
30,total,35,0.003178899805,fitted
30,total,36,0.00325534135,fitted
30,total,37,0.003339477524,fitted
30,total,38,0.003432082119,fitted
30,total,39,0.003534006583,fitted
30,total,40,0.003646187778,fitted
30,total,41,0.003769656509,fitted
30,total,42,0.003905546898,fitted
30,total,43,0.00405510667,fitted
30,total,44,0.004219708471,fitted
30,total,45,0.004400862279,fitted
30,total,46,0.004600229043,fitted
30,total,47,0.004819635642,fitted
30,total,48,0.005061091313,fitted
30,total,49,0.005326805659,fitted
30,total,50,0.005619208402,fitted
30,total,51,0.005940971036,fitted
30,total,52,0.006295030542,fitted
30,total,53,0.006684615374,fitted
30,total,54,0.007113273879,fitted
30,total,55,0.007584905408,fitted
30,total,56,0.008103794305,fitted
30,total,57,0.008674647044,fitted
30,total,58,0.009302632759,fitted
30,total,59,0.009993427438,fitted
30,total,60,0.01075326206,fitted
30,total,61,0.01158897498,fitted
30,total,62,0.01250806885,fitted
30,total,63,0.01351877237,fitted
30,total,64,0.01463010722,fitted
30,total,65,0.0158519604,fitted
30,total,66,0.01719516236,fitted
30,total,67,0.01867157101,fitted
30,total,68,0.02029416207,fitted
30,total,69,0.0220771257,fitted
30,total,70,0.02403596966,fitted
30,total,71,0.02618762885,fitted
30,total,72,0.02855058126,fitted
30,total,73,0.03114496993,fitted
30,total,74,0.03399273036,fitted
30,total,75,0.03711772276,fitted
30,total,76,0.04054586791,fitted
30,total,77,0.04430528517,fitted
30,total,78,0.0484264307,fitted
30,total,79,0.05294223331,fitted
30,total,80,0.05788822465,fitted
30,total,81,0.06330265971,fitted
30,total,82,0.0692266225,fitted
30,total,83,0.07570411066,fitted
30,total,84,0.08278209154,fitted
30,total,85,0.0905105206,fitted
30,total,86,0.09894231133,fitted
30,total,87,0.108133244,fitted
30,total,88,0.1181417983,fitted
30,total,89,0.1290288933,fitted
30,total,90,0.140857514,fitted
30,total,91,0.1468438538,raw
30,total,92,0.1591251129,raw
30,total,93,0.1725663717,raw
30,total,94,0.1874331142,raw
30,total,95,0.2026635785,raw
30,total,96,0.2210054754,raw
30,total,97,0.2375781507,raw
30,total,98,0.2571807335,raw
30,total,99,0.2773722628,raw
30,total,100,0.2954159593,raw
30,total,101,0.3168077388,raw
30,total,102,0.3367697595,raw
30,total,103,0.3609756098,raw
30,total,104,0.3780068729,raw
30,total,105,0.3921568627,raw
30,total,106,0.4055944056,raw
30,total,107,0.5,raw
30,total,108,0.5714285714,raw
30,total,109,1,raw
31,female,0,0.01055752059,raw
31,female,1,0.001346485964,raw
31,female,2,0.0005708740081,raw
31,female,3,0.0003385240352,raw
31,female,4,0.0002802140836,raw
31,female,5,0.0002221111666,raw
31,female,6,0.0002189501341,raw
31,female,7,0.0002138694327,raw
31,female,8,0.0002093911951,raw
31,female,9,0.0002073828287,raw
31,female,10,0.0002063876993,raw
31,female,11,0.0002556171877,raw
31,female,12,0.0002526975463,raw
31,female,13,0.0003010234798,raw
31,female,14,0.0003503941935,raw
31,female,15,0.000400120036,raw
31,female,16,0.0004498987728,raw
31,female,17,0.0004985293385,raw
31,female,18,0.0005951200159,raw
31,female,19,0.0006397795221,raw
31,female,20,0.0006819288846,raw
31,female,21,0.0007211018436,raw
31,female,22,0.0007608902416,raw
31,female,23,0.0008051720463,raw
31,female,24,0.0008551068884,raw
31,female,25,0.0009072460308,raw
31,female,26,0.0009078529278,raw
31,female,27,0.000952426306,raw
31,female,28,0.0009958506224,raw
31,female,29,0.001041025884,raw
31,female,30,0.001040733271,fitted
31,female,31,0.001080070044,fitted
31,female,32,0.001123470365,fitted
31,female,33,0.001171353801,fitted
31,female,34,0.001224183192,fitted
31,female,35,0.001282469112,fitted
31,female,36,0.001346774771,fitted
31,female,37,0.001417721437,fitted
31,female,38,0.001495994395,fitted
31,female,39,0.001582349525,fitted
31,female,40,0.001677620551,fitted
31,female,41,0.001782727024,fitted
31,female,42,0.001898683117,fitted
31,female,43,0.002026607318,fitted
31,female,44,0.002167733105,fitted
31,female,45,0.002323420691,fitted
31,female,46,0.002495169968,fitted
31,female,47,0.002684634746,fitted
31,female,48,0.002893638424,fitted
31,female,49,0.003124191225,fitted
31,female,50,0.003378509158,fitted
31,female,51,0.003659034857,fitted
31,female,52,0.003968460482,fitted
31,female,53,0.004309752877,fitted
31,female,54,0.004686181193,fitted
31,female,55,0.005101347195,fitted
31,female,56,0.005559218505,fitted
31,female,57,0.006064165028,fitted
31,female,58,0.006620998859,fitted
31,female,59,0.00723501794,fitted
31,female,60,0.007912053796,fitted
31,female,61,0.008658523672,fitted
31,female,62,0.009481487415,fitted
31,female,63,0.01038870945,fitted
31,female,64,0.0113887262,fitted
31,female,65,0.01249091935,fitted
31,female,66,0.01370559527,fitted
31,female,67,0.01504407093,fitted
31,female,68,0.01651876673,fitted
31,female,69,0.01814330634,fitted
31,female,70,0.01993262399,fitted
31,female,71,0.02190307915,fitted
31,female,72,0.0240725787,fitted
31,female,73,0.02646070661,fitted
31,female,74,0.02908886049,fitted
31,female,75,0.03198039484,fitted
31,female,76,0.03516076981,fitted
31,female,77,0.03865770448,fitted
31,female,78,0.04250133281,fitted
31,female,79,0.04672435995,fitted
31,female,80,0.05136221608,fitted
31,female,81,0.0564532037,fitted
31,female,82,0.06203863383,fitted
31,female,83,0.06816294473,fitted
31,female,84,0.07487379604,fitted
31,female,85,0.08222212899,fitted
31,female,86,0.09026218198,fitted
31,female,87,0.09905144827,fitted
31,female,88,0.1086505605,fitted
31,female,89,0.1191230839,fitted
31,female,90,0.1305351978,fitted
31,female,91,0.1404682274,raw
31,female,92,0.1530864198,raw
31,female,93,0.1659919028,raw
31,female,94,0.1813602015,raw
31,female,95,0.1980830671,raw
31,female,96,0.2157676349,raw
31,female,97,0.2382271468,raw
31,female,98,0.2595419847,raw
31,female,99,0.2888888889,raw
31,female,100,0.3140495868,raw
31,female,101,0.3209876543,raw
31,female,102,0.3703703704,raw
31,female,103,0.375,raw
31,female,104,0.4444444444,raw
31,female,105,0.5454545455,raw
31,female,106,0.6666666667,raw
31,female,107,1,raw
31,female,108,1,raw
31,female,109,1,raw
31,male,0,0.01289287454,raw
31,male,1,0.001576931741,raw
31,male,2,0.0006042793968,raw
31,male,3,0.0003258567317,raw
31,male,4,0.0002695345139,raw
31,male,5,0.0002134927412,raw
31,male,6,0.00021042664,raw
31,male,7,0.0002054653791,raw
31,male,8,0.0002011364208,raw
31,male,9,0.0001995211492,raw
31,male,10,0.0002488986236,raw
31,male,11,0.0002965892239,raw
31,male,12,0.0003427592117,raw
31,male,13,0.0004866416857,raw
31,male,14,0.0006314817963,raw
31,male,15,0.0008267075157,raw
31,male,16,0.00102406554,raw
31,male,17,0.001317812431,raw
31,male,18,0.001605800345,raw
31,male,19,0.001883921455,raw
31,male,20,0.002196752627,raw
31,male,21,0.002540817767,raw
31,male,22,0.00287903413,raw
31,male,23,0.003184198989,raw
31,male,24,0.003467486535,raw
31,male,25,0.003760532974,raw
31,male,26,0.003992942706,raw
31,male,27,0.004163389925,raw
31,male,28,0.004378788228,raw
31,male,29,0.004516129032,raw
31,male,30,0.004544926847,fitted
31,male,31,0.004591866505,fitted
31,male,32,0.004643442463,fitted
31,male,33,0.004700112379,fitted
31,male,34,0.004762379029,fitted
31,male,35,0.004830794743,fitted
31,male,36,0.004905966277,fitted
31,male,37,0.004988560156,fitted
31,male,38,0.005079308542,fitted
31,male,39,0.005179015672,fitted
31,male,40,0.005288564925,fitted
31,male,41,0.005408926568,fitted
31,male,42,0.005541166262,fitted
31,male,43,0.005686454385,fitted
31,male,44,0.005846076258,fitted
31,male,45,0.006021443353,fitted
31,male,46,0.006214105584,fitted
31,male,47,0.006425764767,fitted
31,male,48,0.006658289372,fitted
31,male,49,0.006913730676,fitted
31,male,50,0.007194340444,fitted
31,male,51,0.007502590288,fitted
31,male,52,0.007841192833,fitted
31,male,53,0.008213124866,fitted
31,male,54,0.008621652633,fitted
31,male,55,0.009070359473,fitted
31,male,56,0.009563175976,fitted
31,male,57,0.01010441289,fitted
31,male,58,0.01069879696,fitted
31,male,59,0.01135151002,fitted
31,male,60,0.01206823145,fitted
31,male,61,0.01285518437,fitted
31,male,62,0.01371918577,fitted
31,male,63,0.01466770088,fitted
31,male,64,0.01570890198,fitted
31,male,65,0.01685173203,fitted
31,male,66,0.01810597324,fitted
31,male,67,0.01948232091,fitted
31,male,68,0.02099246277,fitted
31,male,69,0.02264916389,fitted
31,male,70,0.02446635733,fitted
31,male,71,0.02645924067,fitted
31,male,72,0.02864437818,fitted
31,male,73,0.03103980864,fitted
31,male,74,0.03366515833,fitted
31,male,75,0.03654175878,fitted
31,male,76,0.03969276845,fitted
31,male,77,0.04314329726,fitted
31,male,78,0.04692053257,fitted
31,male,79,0.05105386472,fitted
31,male,80,0.05557500969,fitted
31,male,81,0.06051812588,fitted
31,male,82,0.06591992115,fitted
31,male,83,0.0718197455,fitted
31,male,84,0.07825966371,fitted
31,male,85,0.08528450098,fitted
31,male,86,0.09294185336,fitted
31,male,87,0.1012820533,fitted
31,male,88,0.110358079,fitted
31,male,89,0.1202253939,fitted
31,male,90,0.1309417014,fitted
31,male,91,0.1327367636,raw
31,male,92,0.1433691756,raw
31,male,93,0.1551912568,raw
31,male,94,0.1664392906,raw
31,male,95,0.1799307958,raw
31,male,96,0.197309417,raw
31,male,97,0.2102102102,raw
31,male,98,0.2276422764,raw
31,male,99,0.2528735632,raw
31,male,100,0.2666666667,raw
31,male,101,0.2784810127,raw
31,male,102,0.3076923077,raw
31,male,103,0.3225806452,raw
31,male,104,0.3157894737,raw
31,male,105,0.4,raw
31,male,106,0.6666666667,raw
31,male,107,0,raw
31,male,108,1,raw
31,male,109,1,raw
31,total,0,0.01174861472,raw
31,total,1,0.00146393972,raw
31,total,2,0.0005878977058,raw
31,total,3,0.0003320696239,raw
31,total,4,0.0002747705666,raw
31,total,5,0.0002177166961,raw
31,total,6,0.0002146037878,raw
31,total,7,0.0002095831914,raw
31,total,8,0.0002051808156,raw
31,total,9,0.0002033760423,raw
31,total,10,0.0002280241706,raw
31,total,11,0.0002764478959,raw
31,total,12,0.0002984406476,raw
31,total,13,0.000395247153,raw
31,total,14,0.0004930480229,raw
31,total,15,0.0006164088023,raw
31,total,16,0.0007405396065,raw
31,total,17,0.0009125100191,raw
31,total,18,0.001105257341,raw
31,total,19,0.001267643402,raw
31,total,20,0.001446829033,raw
31,total,21,0.001640728103,raw
31,total,22,0.001832577591,raw
31,total,23,0.002010144216,raw
31,total,24,0.002179032088,raw
31,total,25,0.002353938139,raw
31,total,26,0.002472537176,raw
31,total,27,0.002581190163,raw
31,total,28,0.002711357315,raw
31,total,29,0.002801578222,raw
31,total,30,0.002783654608,fitted
31,total,31,0.002824545109,fitted
31,total,32,0.002869621872,fitted
31,total,33,0.002919313255,fitted
31,total,34,0.002974091404,fitted
31,total,35,0.003034476711,fitted
31,total,36,0.003101042738,fitted
31,total,37,0.003174421633,fitted
31,total,38,0.003255310093,fitted
31,total,39,0.003344475939,fitted
31,total,40,0.003442765343,fitted
31,total,41,0.003551110795,fitted
31,total,42,0.003670539867,fitted
31,total,43,0.003802184861,fitted
31,total,44,0.003947293421,fitted
31,total,45,0.004107240215,fitted
31,total,46,0.004283539776,fitted
31,total,47,0.004477860633,fitted
31,total,48,0.004692040835,fitted
31,total,49,0.00492810502,fitted
31,total,50,0.005188283169,fitted
31,total,51,0.005475031201,fitted
31,total,52,0.005791053585,fitted
31,total,53,0.006139328153,fitted
31,total,54,0.006523133322,fitted
31,total,55,0.006946077931,fitted
31,total,56,0.007412133933,fitted
31,total,57,0.007925672196,fitted
31,total,58,0.00849150166,fitted
31,total,59,0.009114912157,fitted
31,total,60,0.00980172117,fitted
31,total,61,0.01055832485,fitted
31,total,62,0.01139175364,fitted
31,total,63,0.01230973274,fitted
31,total,64,0.01332074796,fitted
31,total,65,0.01443411703,fitted
31,total,66,0.01566006692,fitted
31,total,67,0.01700981742,fitted
31,total,68,0.01849567119,fitted
31,total,69,0.02013111071,fitted
31,total,70,0.02193090208,fitted
31,total,71,0.0239112061,fitted
31,total,72,0.02608969628,fitted
31,total,73,0.02848568393,fitted
31,total,74,0.03112024984,fitted
31,total,75,0.03401638207,fitted
31,total,76,0.03719911891,fitted
31,total,77,0.04069569594,fitted
31,total,78,0.04453569534,fitted
31,total,79,0.04875119535,fitted
31,total,80,0.05337691698,fitted
31,total,81,0.05845036417,fitted
31,total,82,0.06401195293,fitted
31,total,83,0.07010512353,fitted
31,total,84,0.07677642867,fitted
31,total,85,0.08407558907,fitted
31,total,86,0.09205550601,fitted
31,total,87,0.1007722185,fitted
31,total,88,0.1102847904,fitted
31,total,89,0.1206551106,fitted
31,total,90,0.1319475867,fitted
31,total,91,0.1368124118,raw
31,total,92,0.1484341484,raw
31,total,93,0.1607987388,raw
31,total,94,0.1741977734,raw
31,total,95,0.1893687708,raw
31,total,96,0.2068965517,raw
31,total,97,0.2247838617,raw
31,total,98,0.2440944882,raw
31,total,99,0.2711864407,raw
31,total,100,0.2904564315,raw
31,total,101,0.3,raw
31,total,102,0.3396226415,raw
31,total,103,0.3492063492,raw
31,total,104,0.3783783784,raw
31,total,105,0.4761904762,raw
31,total,106,0.6666666667,raw
31,total,107,0.4,raw
31,total,108,1,raw
31,total,109,1,raw
32,female,0,0.01088421271,raw
32,female,1,0.001374030818,raw
32,female,2,0.0005909583374,raw
32,female,3,0.0003951527924,raw
32,female,4,0.0002630021698,raw
32,female,5,0.0002639044666,raw
32,female,6,0.0001976610114,raw
32,female,7,0.000195599022,raw
32,female,8,0.0001934672557,raw
32,female,9,0.000192684415,raw
32,female,10,0.0001928330387,raw
32,female,11,0.0002566899827,raw
32,female,12,0.0002561147394,raw
32,female,13,0.0003201126797,raw
32,female,14,0.00038585209,raw
32,female,15,0.0004554474771,raw
32,female,16,0.0004619394859,raw
32,female,17,0.0005355469273,raw
32,female,18,0.000609776754,raw
32,female,19,0.0006153635773,raw
32,female,20,0.0006884207628,raw
32,female,21,0.0007609033999,raw
32,female,22,0.0007663636047,raw
32,female,23,0.000847278119,raw
32,female,24,0.0008642419878,raw
32,female,25,0.0008807985907,raw
32,female,26,0.0009663631295,raw
32,female,27,0.0009725079484,raw
32,female,28,0.0009766725517,raw
32,female,29,0.001057801284,raw
32,female,30,0.001070150734,fitted
32,female,31,0.001111655526,fitted
32,female,32,0.001157434716,fitted
32,female,33,0.001207928281,fitted
32,female,34,0.001263621433,fitted
32,female,35,0.001325049264,fitted
32,female,36,0.00139280186,fitted
32,female,37,0.001467529938,fitted
32,female,38,0.001549951053,fitted
32,female,39,0.001640856445,fitted
32,female,40,0.001741118571,fitted
32,female,41,0.001851699414,fitted
32,female,42,0.001973659623,fitted
32,female,43,0.00210816858,fitted
32,female,44,0.00225651549,fitted
32,female,45,0.002420121579,fitted
32,female,46,0.002600553521,fitted
32,female,47,0.002799538214,fitted
32,female,48,0.003018979027,fitted
32,female,49,0.003260973669,fitted
32,female,50,0.003527833829,fitted
32,female,51,0.003822106757,fitted
32,female,52,0.00414659897,fitted
32,female,53,0.00450440228,fitted
32,female,54,0.004898922345,fitted
32,female,55,0.00533391,fitted
32,female,56,0.00581349558,fitted
32,female,57,0.006342226524,fitted
32,female,58,0.006925108531,fitted
32,female,59,0.007567650558,fitted
32,female,60,0.008275913993,fitted
32,female,61,0.009056566303,fitted
32,female,62,0.009916939528,fitted
32,female,63,0.01086509394,fitted
32,female,64,0.01190988726,fitted
32,female,65,0.01306104973,fitted
32,female,66,0.01432926545,fitted
32,female,67,0.01572626027,fitted
32,female,68,0.0172648965,fitted
32,female,69,0.01895927482,fitted
32,female,70,0.02082484334,fitted
32,female,71,0.02287851416,fitted
32,female,72,0.02513878719,fitted
32,female,73,0.02762588112,fitted
32,female,74,0.03036187115,fitted
32,female,75,0.03337083274,fitted
32,female,76,0.03667899046,fitted
32,female,77,0.04031487043,fitted
32,female,78,0.04430945456,fitted
32,female,79,0.04869633394,fitted
32,female,80,0.05351185815,fitted
32,female,81,0.05879527632,fitted
32,female,82,0.06458886472,fitted
32,female,83,0.07093803434,fitted
32,female,84,0.07789141055,fitted
32,female,85,0.08550087523,fitted
32,female,86,0.09382155971,fitted
32,female,87,0.1029117749,fitted
32,female,88,0.1128328622,fitted
32,female,89,0.123648947,fitted
32,female,90,0.1354265726,fitted
32,female,91,0.1450692747,raw
32,female,92,0.1586679726,raw
32,female,93,0.1740166865,raw
32,female,94,0.1887905605,raw
32,female,95,0.2066420664,raw
32,female,96,0.2274881517,raw
32,female,97,0.25,raw
32,female,98,0.268907563,raw
32,female,99,0.2923976608,raw
32,female,100,0.3140495868,raw
32,female,101,0.3333333333,raw
32,female,102,0.3859649123,raw
32,female,103,0.358974359,raw
32,female,104,0.4615384615,raw
32,female,105,0.5,raw
32,female,106,0.4,raw
32,female,107,0.4,raw
32,female,108,1,raw
32,female,109,1,raw
32,male,0,0.01346935721,raw
32,male,1,0.001640068126,raw
32,male,2,0.0006334325711,raw
32,male,3,0.0003823117115,raw
32,male,4,0.0002545014952,raw
32,male,5,0.0002551345835,raw
32,male,6,0.0001911375872,raw
32,male,7,0.0001892326616,raw
32,male,8,0.0001872016474,raw
32,male,9,0.0002486479766,raw
32,male,10,0.0002489419965,raw
32,male,11,0.000310703744,raw
32,male,12,0.0003721161002,raw
32,male,13,0.0004964318957,raw
32,male,14,0.0006862775681,raw
32,male,15,0.0008858516831,raw
32,male,16,0.001096880343,raw
32,male,17,0.001383991828,raw
32,male,18,0.001679261125,raw
32,male,19,0.001978509296,raw
32,male,20,0.002349526639,raw
32,male,21,0.002653631285,raw
32,male,22,0.002970086981,raw
32,male,23,0.003316510454,raw
32,male,24,0.003627882871,raw
32,male,25,0.003875527186,raw
32,male,26,0.00418312805,raw
32,male,27,0.004391812407,raw
32,male,28,0.004514315131,raw
32,male,29,0.004723589928,raw
32,male,30,0.004761480016,fitted
32,male,31,0.004812119402,fitted
32,male,32,0.004867705839,fitted
32,male,33,0.004928722294,fitted
32,male,34,0.004995698821,fitted
32,male,35,0.005069217136,fitted
32,male,36,0.005149915636,fitted
32,male,37,0.005238494906,fitted
32,male,38,0.005335723749,fitted
32,male,39,0.005442445802,fitted
32,male,40,0.005559586789,fitted
32,male,41,0.00568816246,fitted
32,male,42,0.005829287307,fitted
32,male,43,0.005984184093,fitted
32,male,44,0.006154194305,fitted
32,male,45,0.006340789593,fitted
32,male,46,0.006545584297,fitted
32,male,47,0.006770349155,fitted
32,male,48,0.007017026304,fitted
32,male,49,0.007287745689,fitted
32,male,50,0.007584843005,fitted
32,male,51,0.007910879309,fitted
32,male,52,0.008268662446,fitted
32,male,53,0.008661270443,fitted
32,male,54,0.00909207705,fitted
32,male,55,0.009564779592,fitted
32,male,56,0.01008342933,fitted
32,male,57,0.01065246455,fitted
32,male,58,0.01127674655,fitted
32,male,59,0.01196159876,fitted
32,male,60,0.01271284933,fitted
32,male,61,0.01353687722,fitted
32,male,62,0.01444066225,fitted
32,male,63,0.01543183919,fitted
32,male,64,0.01651875631,fitted
32,male,65,0.01771053843,fitted
32,male,66,0.01901715486,fitted
32,male,67,0.02044949241,fitted
32,male,68,0.02201943355,fitted
32,male,69,0.02373994001,fitted
32,male,70,0.0256251417,fitted
32,male,71,0.02769043119,fitted
32,male,72,0.0299525634,fitted
32,male,73,0.03242976045,fitted
32,male,74,0.03514182122,fitted
32,male,75,0.03811023491,fitted
32,male,76,0.04135829803,fitted
32,male,77,0.04491123334,fitted
32,male,78,0.04879630949,fitted
32,male,79,0.0530429593,fitted
32,male,80,0.05768289411,fitted
32,male,81,0.06275021125,fitted
32,male,82,0.06828149067,fitted
32,male,83,0.07431587604,fitted
32,male,84,0.08089513453,fitted
32,male,85,0.08806368861,fitted
32,male,86,0.09586861148,fitted
32,male,87,0.1043595766,fitted
32,male,88,0.1135887505,fitted
32,male,89,0.1236106147,fitted
32,male,90,0.1344817043,fitted
32,male,91,0.1355932203,raw
32,male,92,0.1474103586,raw
32,male,93,0.159334126,raw
32,male,94,0.1712626996,raw
32,male,95,0.1863799283,raw
32,male,96,0.1990950226,raw
32,male,97,0.2157434402,raw
32,male,98,0.2307692308,raw
32,male,99,0.25,raw
32,male,100,0.273381295,raw
32,male,101,0.2857142857,raw
32,male,102,0.3188405797,raw
32,male,103,0.3333333333,raw
32,male,104,0.375,raw
32,male,105,0.4,raw
32,male,106,0.4615384615,raw
32,male,107,0.6666666667,raw
32,male,108,0,raw
32,male,109,1,raw
32,total,0,0.01220147689,raw
32,total,1,0.00150948244,raw
32,total,2,0.0006125771767,raw
32,total,3,0.0003886262064,raw
32,total,4,0.0002586820151,raw
32,total,5,0.0002594454354,raw
32,total,6,0.0001943445729,raw
32,total,7,0.0001923631817,raw
32,total,8,0.0001902828872,raw
32,total,9,0.0002211236239,raw
32,total,10,0.0002213403741,raw
32,total,11,0.0002841312686,raw
32,total,12,0.0003150400101,raw
32,total,13,0.0004096488049,raw
32,total,14,0.0005383409598,raw
32,total,15,0.000673649093,raw
32,total,16,0.0007829831659,raw
32,total,17,0.0009630871926,raw
32,total,18,0.001146827672,raw
32,total,19,0.001297681249,raw
32,total,20,0.001517398352,raw
32,total,21,0.001702778309,raw
32,total,22,0.001860008072,raw
32,total,23,0.002068990119,raw
32,total,24,0.00222696822,raw
32,total,25,0.002352194448,raw
32,total,26,0.002541585266,raw
32,total,27,0.002641805617,raw
32,total,28,0.002698847207,raw
32,total,29,0.002837651358,raw
32,total,30,0.002839871851,fitted
32,total,31,0.002884516366,fitted
32,total,32,0.002933675529,fitted
32,total,33,0.002987805622,fitted
32,total,34,0.00304740899,fitted
32,total,35,0.003113038674,fitted
32,total,36,0.003185303519,fitted
32,total,37,0.003264873781,fitted
32,total,38,0.003352487308,fitted
32,total,39,0.003448956324,fitted
32,total,40,0.003555174901,fitted
32,total,41,0.003672127166,fitted
32,total,42,0.00380089633,fitted
32,total,43,0.003942674609,fitted
32,total,44,0.004098774123,fitted
32,total,45,0.004270638883,fitted
32,total,46,0.004459857945,fitted
32,total,47,0.004668179864,fitted
32,total,48,0.00489752856,fitted
32,total,49,0.005150020735,fitted
32,total,50,0.005427984978,fitted
32,total,51,0.005733982724,fitted
32,total,52,0.006070831228,fitted
32,total,53,0.006441628741,fitted
32,total,54,0.006849782086,fitted
32,total,55,0.007299036841,fitted
32,total,56,0.007793510361,fitted
32,total,57,0.008337727866,fitted
32,total,58,0.008936661878,fitted
32,total,59,0.009595775244,fitted
32,total,60,0.01032106805,fitted
32,total,61,0.01111912873,fitted
32,total,62,0.01199718963,fitted
32,total,63,0.0129631874,fitted
32,total,64,0.01402582847,fitted
32,total,65,0.01519466,fitted
32,total,66,0.01648014649,fitted
32,total,67,0.01789375241,fitted
32,total,68,0.01944803113,fitted
32,total,69,0.02115672023,fitted
32,total,70,0.02303484346,fitted
32,total,71,0.02509881929,fitted
32,total,72,0.02736657609,fitted
32,total,73,0.02985767356,fitted
32,total,74,0.0325934302,fitted
32,total,75,0.03559705598,fitted
32,total,76,0.0388937894,fitted
32,total,77,0.04251103747,fitted
32,total,78,0.04647851698,fitted
32,total,79,0.05082839454,fitted
32,total,80,0.0555954226,fitted
32,total,81,0.06081706741,fitted
32,total,82,0.0665336244,fitted
32,total,83,0.07278831493,fitted
32,total,84,0.07962735748,fitted
32,total,85,0.08710000445,fitted
32,total,86,0.09525853439,fitted
32,total,87,0.1041581875,fitted
32,total,88,0.1138570298,fitted
32,total,89,0.12441573,fitted
32,total,90,0.1358972294,fitted
32,total,91,0.140423764,raw
32,total,92,0.1530864198,raw
32,total,93,0.1666666667,raw
32,total,94,0.1799561083,raw
32,total,95,0.1963636364,raw
32,total,96,0.212962963,raw
32,total,97,0.2322775264,raw
32,total,98,0.2489959839,raw
32,total,99,0.2699724518,raw
32,total,100,0.2923076923,raw
32,total,101,0.3076923077,raw
32,total,102,0.3492063492,raw
32,total,103,0.3448275862,raw
32,total,104,0.4137931034,raw
32,total,105,0.4444444444,raw
32,total,106,0.4347826087,raw
32,total,107,0.5454545455,raw
32,total,108,0.4,raw
32,total,109,1,raw
